1709,Voltas,Voltas 1.2 Ton 3 Star Split Inverter AC  - White,28999,https://rukminim1.flixcart.com/image/312/312/jws547k0/air-conditioner-new/h/g/y/153v-dzv-r32-1-2-split-inverter-voltas-original-imafhbzugnnxkqfs.jpeg?q=70
1710,Voltas,Voltas 1.5 Ton 3 Star Split Inverter AC  - White,31999,https://rukminim1.flixcart.com/image/312/312/k12go7k0/air-conditioner-new/k/r/g/183-vczj-r-32-1-5-split-inverter-voltas-original-imafkhpavazpw4tk.jpeg?q=70
1711,Voltas,Voltas 1.5 Ton 5 Star Split Inverter AC  - White,36999,https://rukminim1.flixcart.com/image/312/312/jw3umq80/air-conditioner-new/9/5/r/185v-jzj-r32-1-5-split-inverter-voltas-original-imafguw9zffgqfeu.jpeg?q=70
1712,Voltas,Voltas 1 Ton 3 Star Split Inverter AC  - White,26999,https://rukminim1.flixcart.com/image/312/312/k5h2jrk0/air-conditioner-new/z/z/x/123-vdzx-r-410a-1-split-inverter-voltas-original-imafz5647fnsrj5p.jpeg?q=70
1713,Voltas,Voltas 1.5 Ton 3 Star Split AC  - White,29999,https://rukminim1.flixcart.com/image/312/312/jxm5d3k0/air-conditioner-new/q/3/c/183-dzz-r-32-1-5-split-fixed-speed-voltas-original-imafgf6nndarub2k.jpeg?q=70
1714,Voltas,Voltas 1 Ton 3 Star Split AC  - White,25999,https://rukminim1.flixcart.com/image/312/312/k5r2mq80/air-conditioner-new/a/6/g/123-dzx-1-split-fixed-speed-voltas-original-imafzczmwjxpgz2z.jpeg?q=70
1715,Voltas,Voltas 1 Ton 3 Star Window AC  - White,21980,https://rukminim1.flixcart.com/image/312/312/jehf4i80/air-conditioner-new/v/e/6/123lzf-1-window-voltas-original-imaf35nwt6yzzy3z.jpeg?q=70
1716,Voltas,Voltas 2 Ton 3 Star Split Inverter AC  - White,48790,https://rukminim1.flixcart.com/image/312/312/jy4q3680/air-conditioner-new/h/w/d/243v-dzv-2-split-inverter-voltas-original-imafggygfzdfay3w.jpeg?q=70
1717,Voltas,Voltas 1 Ton 3 Star Split Inverter AC  - White,29990,https://rukminim1.flixcart.com/image/312/312/jfr57rk0/air-conditioner-new/z/p/z/123vczt-1-inverter-voltas-original-imaf45dy6a52hhdh.jpeg?q=70
1718,Voltas,Voltas 0.8 Ton 3 Star Window AC  - White,18430,https://rukminim1.flixcart.com/image/312/312/jwtkk280/air-conditioner-new/r/b/y/103-dzs-0-8-window-inverter-voltas-original-imafheunzhvrzmgy.jpeg?q=70
1719,Voltas,Voltas 1.5 Ton 3 Star Split AC  - White,31490,https://rukminim1.flixcart.com/image/312/312/jucz98w0/air-conditioner-new/c/a/s/183-dzz-1-5-split-voltas-fixed-speed-original-imafffynabh3hhmz.jpeg?q=70
1720,Voltas,Voltas 1.5 Ton 5 Star Window AC  - White,27388,https://rukminim1.flixcart.com/image/312/312/jwtkk280/air-conditioner-new/s/z/p/185-lzh-r32-1-5-window-inverter-voltas-original-imafheungsehaxdz.jpeg?q=70
1721,Voltas,Voltas 1.5 Ton 3 Star Window AC  - White,25590,https://rukminim1.flixcart.com/image/312/312/jelpg280/air-conditioner-new/g/y/e/183czp-1-5-window-voltas-original-imaf39axfkmh9avk.jpeg?q=70
1722,Voltas,Voltas 1.2 Ton 3 Star Split Inverter AC  - White,32498,https://rukminim1.flixcart.com/image/312/312/jua4djk0/air-conditioner-new/z/k/d/153v-dzx-r-410a-1-2-split-voltas-inverter-original-imaffg3w8uupnpk3.jpeg?q=70
1723,Voltas,Voltas 1.5 Ton 4 Star Split Inverter AC  - White,40899,https://rukminim1.flixcart.com/image/312/312/je4k5u80/air-conditioner-new/e/q/7/184vszs-1-5-split-voltas-original-imaf2vwdzpahtdjr.jpeg?q=70
1724,Voltas,Voltas 1 Ton 5 Star Window AC  - White,24620,https://rukminim1.flixcart.com/image/312/312/jefzonk0/air-conditioner-new/e/q/v/125dza-1-window-voltas-original-imaf2rzahhvyg7zb.jpeg?q=70
1725,Voltas,Voltas 2 Ton 5 Star Split Inverter AC  - White,57400,https://rukminim1.flixcart.com/image/312/312/jy4q3680/air-conditioner-new/g/s/d/245v-zzv-2-split-inverter-voltas-original-imafggyg4phzmcmf.jpeg?q=70
1726,Voltas,Voltas 1 Ton 3 Star Split Inverter AC  - White,35600,https://rukminim1.flixcart.com/image/312/312/jrgo4280/air-conditioner-new/u/s/m/123v-dzu-1-split-voltas-original-imafd97btzqrzef3.jpeg?q=70
1727,Voltas,Voltas 1.5 Ton 5 Star Window AC  - White,28199,https://rukminim1.flixcart.com/image/312/312/jefzonk0/air-conditioner-new/e/q/v/125dza-1-window-voltas-original-imaf2rzahhvyg7zb.jpeg?q=70
1728,Voltas,Voltas 0.8 Ton 3 Star Split AC  - White,19999,https://rukminim1.flixcart.com/image/312/312/k5o7r0w0/air-conditioner-new/j/g/k/sac-103-dzx-0-8-split-fixed-speed-voltas-original-imafzavu7ufmsetd.jpeg?q=70
1729,Voltas,Voltas 1.5 Ton 5 Star Window AC  - White,26999,https://rukminim1.flixcart.com/image/312/312/jucz98w0/air-conditioner-new/s/y/k/wac-185-dza-r32-1-5-window-voltas-fixed-speed-original-imaffgfqcgnxzhzg.jpeg?q=70
1730,Voltas,Voltas 1.2 Ton 5 Star Split Inverter AC  - White,38499,https://rukminim1.flixcart.com/image/312/312/jucz98w0/air-conditioner-new/z/h/q/155v-dzw-r32-1-2-split-voltas-inverter-original-imaffdt8gyxqxfae.jpeg?q=70
1731,Voltas,Voltas 1.5 Ton 3 Star Window AC  - White,23490,https://rukminim1.flixcart.com/image/312/312/jucz98w0/air-conditioner-new/e/9/f/wac-183-dza-1-5-window-voltas-fixed-speed-original-imaffgfwgtxmug9f.jpeg?q=70
1732,Voltas,Voltas 1.5 Ton 3 Star Split AC  - White,30740,https://rukminim1.flixcart.com/image/312/312/jjq18y80/air-conditioner-new/z/f/y/183-izi2-1-5-split-voltas-original-imaf78fmbx76zvuz.jpeg?q=70
1733,Voltas,Voltas 1.5 Ton Window AC  - White,24730,https://rukminim1.flixcart.com/image/312/312/jvo4scw0/air-conditioner-new/a/x/c/1-5tn-3-star-window-ac-183-czp-1-5-window-fixed-speed-voltas-original-imaffgc4h2jzfrkh.jpeg?q=70
1734,Voltas,Voltas 1.5 Ton 4 Star Split Inverter AC  - White,38990,https://rukminim1.flixcart.com/image/312/312/jwtkk280/air-conditioner-new/v/w/p/184v-jzct-1-5-split-inverter-voltas-original-imafheungzz6vyhy.jpeg?q=70
1735,Voltas,Voltas 1.5 Ton 3 Star Split Inverter AC  - White,32990,https://rukminim1.flixcart.com/image/312/312/jzu60sw0/air-conditioner-new/s/b/h/183v-adw-1-5-split-inverter-voltas-original-imafjrc4jm8pdgyf.jpeg?q=70
1736,Voltas,Voltas 1.5 Ton 3 Star Split Inverter AC  - White,35698,https://rukminim1.flixcart.com/image/312/312/jy4q3680/air-conditioner-new/m/p/m/183v-jzj4-1-5-split-inverter-voltas-original-imafggyg8kggazxh.jpeg?q=70
1737,Voltas,Voltas 1.5 Ton 5 Star Window AC  - White,33728,https://rukminim1.flixcart.com/image/312/312/jt395zk0/air-conditioner-new/n/a/n/185v-dza-1-5-window-voltas-original-imafegggkwhygrew.jpeg?q=70
1738,Voltas,Voltas 1.5 Ton 3 Star Split Inverter AC  - White,34390,https://rukminim1.flixcart.com/image/312/312/jjn6d8w0/air-conditioner-new/d/4/v/183-vjzj4-1-5-inverter-voltas-original-imaf763bpsfhdkdx.jpeg?q=70
1739,Voltas,Voltas 1.5 Ton 5 Star Split Inverter AC  - White,47990,https://rukminim1.flixcart.com/image/312/312/jefzonk0/air-conditioner-new/x/s/e/185vdzv-1-5-inverter-voltas-original-imaf2rpj2856gvtm.jpeg?q=70
1740,Voltas,Voltas 1.5 Ton 3 Star Split Inverter AC  - White,35499,https://rukminim1.flixcart.com/image/312/312/jefzonk0/air-conditioner-new/p/y/t/183vszs-floral-1-5-inverter-voltas-original-imaf34hxffxxpr6h.jpeg?q=70
1741,Voltas,Voltas 1.5 Ton 1 Star Split AC  - White,29489,https://rukminim1.flixcart.com/image/312/312/je4k5u80/air-conditioner-new/j/n/g/181-jzj1-1-5-split-voltas-original-imaf2rz9s7d3n7pj.jpeg?q=70
1742,Voltas,Voltas 1.5 Ton 3 Star Split AC  - White,30999,https://rukminim1.flixcart.com/image/312/312/jlfh6kw0/air-conditioner-new/6/g/r/183szs-1-5-split-voltas-original-imaf8k89wggeff3h.jpeg?q=70
1743,Voltas,Voltas 0.75 Ton 3 Star Window AC  - White,17730,https://rukminim1.flixcart.com/image/312/312/jwzabgw0/air-conditioner-new/m/b/5/103-lzf-0-75-window-inverter-voltas-original-imafhewznzrmurvj.jpeg?q=70
1744,LG,LG 1.5 Ton 5 Star Split Dual Inverter AC  - White,42990,https://rukminim1.flixcart.com/image/312/312/k6zda4w0/air-conditioner-new/q/2/g/ls-q18ynya-1-5-split-dual-inverter-lg-original-imafpbhwqgtyvxu9.jpeg?q=70
1745,LG,LG 1.5 Ton 3 Star Split Dual Inverter AC  - White,36499,https://rukminim1.flixcart.com/image/312/312/k6zda4w0/air-conditioner-new/q/2/g/ls-q18ynya-1-5-split-dual-inverter-lg-original-imafpbhwqgtyvxu9.jpeg?q=70
1746,LG,LG 1.5 Ton 5 Star Split Inverter AC  - White,38999,https://rukminim1.flixcart.com/image/312/312/jza5uvk0/air-conditioner-new/j/n/c/ks-q18enza-1-5-split-inverter-lg-original-imafjbvegrfhtrjk.jpeg?q=70
1747,LG,LG 1.5 Ton 5 Star Split Inverter AC  - White,41490,https://rukminim1.flixcart.com/image/312/312/k0zlsi80/air-conditioner-new/2/n/3/ks-q18hnzd-1-5-split-inverter-lg-original-imafknz5e8gvfpdd.jpeg?q=70
1748,LG,LG 1.5 Ton 4 Star Split Dual Inverter AC  - White,38499,https://rukminim1.flixcart.com/image/312/312/k6zda4w0/air-conditioner-new/q/2/g/ls-q18ynya-1-5-split-dual-inverter-lg-original-imafpbhwqgtyvxu9.jpeg?q=70
1749,LG,LG 1 Ton 3 Star Split Dual Inverter AC  - White,33999,https://rukminim1.flixcart.com/image/312/312/k6mibgw0/air-conditioner-new/q/2/g/ls-q18ynya-1-5-split-dual-inverter-lg-original-imafpfgwzfshgctw.jpeg?q=70
1750,LG,LG 1.5 Ton 4 Star Hot and Cold Split Dual Inverter AC  - White,42999,https://rukminim1.flixcart.com/image/312/312/k2f1n680/air-conditioner-new/b/3/n/ks-h18dnyd-1-5-split-fixed-speed-lg-original-imafhrmbpssmxaaa.jpeg?q=70
1751,LG,LG 1.5 Ton 5 Star Window AC with Wi-fi Connect  - White,35499,https://rukminim1.flixcart.com/image/312/312/jua4djk0/air-conditioner-new/f/r/q/jw-q18wuza-1-5-window-lg-fixed-speed-original-imaffg2mbghyfcgb.jpeg?q=70
1752,LG,"LG 1.5 Ton 3 Star Split Dual Inverter AC with Wi-fi Connect  - White, Gold",38990,https://rukminim1.flixcart.com/image/312/312/jri3jww0/air-conditioner-new/y/v/j/ks-q18awzd-1-5-split-lg-original-imafd4jdcczgszxz.jpeg?q=70
1753,LG,LG 1 Ton 5 Star Window Dual Inverter AC  - White,27499,https://rukminim1.flixcart.com/image/312/312/k6zda4w0/air-conditioner-new/u/9/q/jw-q18wuza-1-5-window-dual-inverter-lg-original-imafpbhwfs8rxmfz.jpeg?q=70
1754,LG,"LG 1.5 Ton 3 Star Split Dual Inverter AC  - White, Maroon",37900,https://rukminim1.flixcart.com/image/312/312/jri3jww0/air-conditioner-new/e/h/s/ks-q18wnzd-1-5-split-lg-original-imafd4jem5jydbsr.jpeg?q=70
1755,LG,LG 1.5 Ton 3 Star Split Dual Inverter AC  - White,35999,https://rukminim1.flixcart.com/image/312/312/jri3jww0/air-conditioner-new/h/j/g/ks-q18ynza-1-5-split-lg-original-imafdf88xhtpm7ug.jpeg?q=70
1756,LG,LG 1.5 Ton 3 Star Split Dual Inverter AC  - White,37999,https://rukminim1.flixcart.com/image/312/312/jt4olu80/air-conditioner-new/g/t/x/ks-q18snxd-1-5-inverter-lg-original-imafejp68vbkkwta.jpeg?q=70
1757,LG,"LG 1 Ton 3 Star Split Dual Inverter AC  - White, Maroon",38999,https://rukminim1.flixcart.com/image/312/312/jri3jww0/air-conditioner-new/e/h/s/ks-q18wnzd-1-5-split-lg-original-imafd4jem5jydbsr.jpeg?q=70
1758,LG,LG 1.5 Ton 3 Star Split Dual Inverter AC  - White,39000,https://rukminim1.flixcart.com/image/312/312/jri3jww0/air-conditioner-new/h/j/g/ks-q18ynza-1-5-split-lg-original-imafdf88xhtpm7ug.jpeg?q=70
1759,LG,LG 1.5 Ton 3 Star Split Inverter AC  - White,38990,https://rukminim1.flixcart.com/image/312/312/jsaocy80/air-conditioner-new/s/j/g/ks-q18hnxd-1-5-inverter-lg-original-imafdw6rchgpywza.jpeg?q=70
1760,LG,LG 2 Ton 3 Star Split Dual Inverter AC  - White,52499,https://rukminim1.flixcart.com/image/312/312/k6zda4w0/air-conditioner-new/q/2/g/ls-q18ynya-1-5-split-dual-inverter-lg-original-imafpbhwqgtyvxu9.jpeg?q=70
1761,LG,LG 1.5 Ton 3 Star Split Dual Inverter AC  - White,38990,https://rukminim1.flixcart.com/image/312/312/jrz8u4w0/air-conditioner-new/x/k/e/ks-q18htxd-1-5-split-lg-original-imafdndjydthgtq4.jpeg?q=70
1762,LG,LG 1.5 Ton 5 Star Split Dual Inverter AC  - Floral White,46900,https://rukminim1.flixcart.com/image/312/312/jri3jww0/air-conditioner-new/z/5/h/ks-q18fnzd-anlg-1-5-split-lg-original-imafd4jdgswyndxs.jpeg?q=70
1763,LG,LG 1 Ton 3 Star Split Inverter AC  - White,36350,https://rukminim1.flixcart.com/image/312/312/jsaocy80/air-conditioner-new/s/j/g/ks-q18hnxd-1-5-inverter-lg-original-imafdw6rchgpywza.jpeg?q=70
1764,LG,"LG 1.5 Ton 3 Star Split Inverter AC  - White, Brown",42500,https://rukminim1.flixcart.com/image/312/312/jsaocy80/air-conditioner-new/t/g/m/ks-q18pwxd-1-5-inverter-lg-original-imafdw6spgyyqh7g.jpeg?q=70
1765,LG,LG 2 Ton 3 Star Split AC  - White,54170,https://rukminim1.flixcart.com/image/312/312/jtx9evk0/air-conditioner-new/u/y/x/ks-q24snxd-2-split-lg-fixed-speed-original-imaff5zuhxuhyrvh.jpeg?q=70
1766,LG,LG 1.5 Ton 3 Star Split Inverter AC  - White,49990,https://rukminim1.flixcart.com/image/312/312/jesunbk0/air-conditioner-new/2/h/f/js-q18twxd1-1-5-inverter-lg-original-imaf3es4nye3ghzb.jpeg?q=70
1767,LG,LG 1.5 Ton 3 Star Split Inverter AC  - White,47490,https://rukminim1.flixcart.com/image/312/312/jgy0fbk0/air-conditioner-new/k/g/t/js-q18muxd-1-5-inverter-lg-original-imaf52ukyynrawhx.jpeg?q=70
1768,LG,LG 1.5 Ton 3 Star Split Inverter AC  - White,36990,https://rukminim1.flixcart.com/image/312/312/jdj4k280/air-conditioner-new/s/p/h/js-q18nuxa2-1-5-split-lg-original-imaf2f4xg3nbgwag.jpeg?q=70
1769,LG,"LG 1 Ton 3 Star Split Inverter AC  - White, Brown",37350,https://rukminim1.flixcart.com/image/312/312/jsaocy80/air-conditioner-new/t/g/m/ks-q18pwxd-1-5-inverter-lg-original-imafdw6spgyyqh7g.jpeg?q=70
1770,LG,LG 1.5 Ton 3 Star Window Dual Inverter AC  - White,30181,https://rukminim1.flixcart.com/image/312/312/k5vcya80/air-conditioner-new/b/x/t/jw-q18wuxa-1-5-window-fixed-speed-lg-original-imafzgaqgbg5grhm.jpeg?q=70
1771,LG,LG 1 Ton 3 Star Split Inverter AC  - White,44490,https://rukminim1.flixcart.com/image/312/312/jctemq80/air-conditioner-new/z/p/a/js-q12twxd-1-split-lg-original-imaffv48mbm7k65s.jpeg?q=70
1772,LG,LG 1 Ton 3 Star Split Inverter AC  - White,32999,https://rukminim1.flixcart.com/image/312/312/jdj4k280/air-conditioner-new/q/q/3/js-q12puxa-1-split-lg-original-imaf2f43nm6w498z.jpeg?q=70
1773,LG,LG 1.5 Ton 5 Star Split Inverter AC  - White,38999,https://rukminim1.flixcart.com/image/312/312/jza5uvk0/air-conditioner-new/j/n/c/ks-q18enza-1-5-split-inverter-lg-original-imafjbvegrfhtrjk.jpeg?q=70
1774,LG,LG 1.5 Ton 3 Star Split Dual Inverter AC  - Floral White,44999,https://rukminim1.flixcart.com/image/312/312/jri3jww0/air-conditioner-new/z/5/h/ks-q18fnzd-anlg-1-5-split-lg-original-imafd4jdgswyndxs.jpeg?q=70
1775,LG,LG 1 Ton 3 Star Split Dual Inverter AC  - White,35999,https://rukminim1.flixcart.com/image/312/312/jri3jww0/air-conditioner-new/h/j/g/ks-q18ynza-1-5-split-lg-original-imafdf88xhtpm7ug.jpeg?q=70
1776,LG,"LG 1 Ton 5 Star Split Dual Inverter AC  - White, Maroon",40999,https://rukminim1.flixcart.com/image/312/312/jri3jww0/air-conditioner-new/e/h/s/ks-q18wnzd-1-5-split-lg-original-imafd4jem5jydbsr.jpeg?q=70
1777,LG,"LG 1.5 Ton 5 Star Split Dual Inverter AC  - White, Maroon",47990,https://rukminim1.flixcart.com/image/312/312/jri3jww0/air-conditioner-new/e/h/s/ks-q18wnzd-1-5-split-lg-original-imafd4jem5jydbsr.jpeg?q=70
1778,LG,LG 1 Ton 5 Star Split Dual Inverter AC  - Floral White,46990,https://rukminim1.flixcart.com/image/312/312/jri3jww0/air-conditioner-new/z/5/h/ks-q18fnzd-anlg-1-5-split-lg-original-imafd4jdgswyndxs.jpeg?q=70
1779,LG,LG 1.5 Ton 3 Star Split Inverter AC  - White,36000,https://rukminim1.flixcart.com/image/312/312/jsyyufk0/air-conditioner-new/g/c/x/ks-q18enxa-1-5-inverter-lg-original-imafefdpartgcvgh.jpeg?q=70
1780,LG,LG 1 Ton 3 Star Window AC  - White,22999,https://rukminim1.flixcart.com/image/312/312/jmxrwy80/air-conditioner-new/g/x/v/lwa12gwxa-1-window-lg-original-imaf9pt68y9bnzhh.jpeg?q=70
1781,LG,LG 1.5 Ton 3 Star Split Inverter AC  - Nova Red,36999,https://rukminim1.flixcart.com/image/312/312/jevpj0w0/air-conditioner-new/j/k/z/js-q18ruxa-1-5-inverter-lg-original-imaf3gvrspgs6bfm.jpeg?q=70
1782,LG,LG 1.5 Ton 3 Star Split AC  - Pearl White,29911,https://rukminim1.flixcart.com/image/312/312/air-conditioner-new/y/2/u/lg-lsa5pw3m-original-imae3kwuentzjmg3.jpeg?q=70
1783,LG,LG 1.5 Ton 3 Star Split Dual Inverter AC  - White,39990,https://rukminim1.flixcart.com/image/312/312/jt4olu80/air-conditioner-new/z/g/d/ks-q18bnxd-1-5-inverter-lg-original-imafejp6gtbdysg2.jpeg?q=70
1784,LG,LG 1 Ton 5 Star Split Inverter AC  - White,45990,https://rukminim1.flixcart.com/image/312/312/jsaocy80/air-conditioner-new/z/d/g/ks-q12hnzd-1-inverter-lg-original-imafdw6sxphznffr.jpeg?q=70
1785,LG,LG 1.5 Ton 3 Star Split AC  - Wine Red,34011,https://rukminim1.flixcart.com/image/312/312/air-conditioner-new/a/d/y/1-5-lg-split-lsa5wt3d1-original-imaeg92pwkaqzpkk.jpeg?q=70
1786,LG,LG 1.5 Ton 3 Star Split Inverter AC  - White,44011,https://rukminim1.flixcart.com/image/312/312/air-conditioner-new/s/2/y/lg-bsa18ibe-original-imae4xgy723bf9my.jpeg?q=70
1787,LG,"LG 1.5 Ton 5 Star Split Inverter AC  - White, Grey",47599,https://rukminim1.flixcart.com/image/312/312/jskofww0/air-conditioner-new/v/d/9/ks-q18mwzd-1-5-inverter-lg-original-imafdw6ru8bxhyhr.jpeg?q=70
1788,LG,LG 2 Ton 3 Star Split Dual Inverter AC  - White,55000,https://rukminim1.flixcart.com/image/312/312/jt4olu80/air-conditioner-new/g/t/x/ks-q18snxd-1-5-inverter-lg-original-imafejp6w8thgmwa.jpeg?q=70
1789,LG,"LG 1 Ton 5 Star Split Dual Inverter AC with Wi-fi Connect  - White, Gold",44690,https://rukminim1.flixcart.com/image/312/312/jri3jww0/air-conditioner-new/y/v/j/ks-q18awzd-1-5-split-lg-original-imafd4jdcczgszxz.jpeg?q=70
1790,LG,LG 1.5 Ton 5 Star Split Dual Inverter AC  - White,41199,https://rukminim1.flixcart.com/image/312/312/jri3jww0/air-conditioner-new/h/j/g/ks-q18ynza-1-5-split-lg-original-imafdf88xhtpm7ug.jpeg?q=70
1791,LG,"LG 1.5 Ton 5 Star Split Dual Inverter AC with Wi-fi Connect  - White, Gold",54990,https://rukminim1.flixcart.com/image/312/312/jri3jww0/air-conditioner-new/y/v/j/ks-q18awzd-1-5-split-lg-original-imafd4jdcczgszxz.jpeg?q=70
1792,Lloyd,Lloyd 1 Ton 3 Star Split Inverter AC with Wi-fi Connect  - White,29400,https://rukminim1.flixcart.com/image/312/312/jt8yxe80/air-conditioner-new/b/z/4/ls12i35ja-1-split-lloyd-original-imafen3unrswnzvp.jpeg?q=70
1793,Lloyd,Lloyd 1.2 Ton 3 Star Split Inverter AC  - White,30599,https://rukminim1.flixcart.com/image/312/312/jtrjngw0/air-conditioner-new/g/9/a/ls14i32ab-1-2-split-lloyd-inverter-original-imafen83sgzejcb5.jpeg?q=70
1794,Lloyd,Lloyd 1.5 Ton 4 Star Split Inverter AC  - White,36499,https://rukminim1.flixcart.com/image/312/312/ju2z6a80/air-conditioner-new/6/p/2/ls18i42mp-1-5-split-lloyd-inverter-original-imaff8bxtecjacs3.jpeg?q=70
1795,Lloyd,Lloyd 1.5 Ton 3 Star Split Inverter AC with Wi-fi Connect  - White,35499,https://rukminim1.flixcart.com/image/312/312/jt8yxe80/air-conditioner-new/e/g/2/ls18i35ja-1-5-inverter-lloyd-original-imafen3uxvkkcyqk.jpeg?q=70
1796,Lloyd,Lloyd 1.5 Ton 3 Star Window AC  - White,23299,https://rukminim1.flixcart.com/image/312/312/ju8oxow0/air-conditioner-new/g/z/j/lw19b32ew-1-5-window-lloyd-fixed-speed-original-imaffeprbsrb5sy5.jpeg?q=70
1797,Lloyd,Lloyd 1 Ton 3 Star Split Inverter AC  - White,28990,https://rukminim1.flixcart.com/image/312/312/js0o9zk0/air-conditioner-new/t/m/q/ls18i32al-1-5-inverter-lloyd-original-imafdzgnbgmztttq.jpeg?q=70
1798,Lloyd,Lloyd 1.5 Ton 3 Star Split AC  - White,31255,https://rukminim1.flixcart.com/image/312/312/jtx9evk0/air-conditioner-new/a/g/s/ls18b32mx-1-5-split-llyod-fixed-speed-original-imaff5zuxgskxhnd.jpeg?q=70
1799,Lloyd,Lloyd 1.5 Ton 3 Star Split Inverter AC  - White,33990,https://rukminim1.flixcart.com/image/312/312/jqfinww0/air-conditioner-new/h/n/h/ls18i36fi-1-5-inverter-lloyd-original-imafcg9pe3ugws7f.jpeg?q=70
1800,Lloyd,Lloyd 1 Ton 3 Star Split AC  - White,26675,https://rukminim1.flixcart.com/image/312/312/jtx9evk0/air-conditioner-new/s/x/v/ls12b32mx-1-split-llyod-fixed-speed-original-imaff5zuwdfgeret.jpeg?q=70
1801,Lloyd,Lloyd 1 Ton 3 Star Split AC  - White,27690,https://rukminim1.flixcart.com/image/312/312/k7285u80/air-conditioner-new/y/d/b/ls12b32wacr-1-split-fixed-speed-lloyd-original-imafpdudw5gb7v9b.jpeg?q=70
1802,Lloyd,Lloyd 1.5 Ton 3 Star Split Inverter AC  - White,35990,https://rukminim1.flixcart.com/image/312/312/jgwkzgw0/air-conditioner-new/n/v/u/ls24i31ba-2-inverter-lloyd-original-imaf5ffgs7rxx9ap.jpeg?q=70
1803,Lloyd,Lloyd 1.5 Ton 3 Star Split Inverter AC  - White,35999,https://rukminim1.flixcart.com/image/312/312/jefzonk0/air-conditioner-new/j/u/h/ls18i31af-ls18i3d-1-5-inverter-lloyd-original-imaf34nfheyxjyqx.jpeg?q=70
1804,Lloyd,Lloyd 2 Ton 3 Star Split Inverter AC  - White,48900,https://rukminim1.flixcart.com/image/312/312/jgwkzgw0/air-conditioner-new/y/x/r/ls24i31af-2-inverter-lloyd-original-imaf5ffgpgdkynw3.jpeg?q=70
1805,Lloyd,Lloyd 1.5 Ton 3 Star Split AC  - White,30990,https://rukminim1.flixcart.com/image/312/312/k73nlow0/air-conditioner-new/e/d/m/ls18b32abwa-1-5-split-fixed-speed-lloyd-original-imafpfygpxm5ecfh.jpeg?q=70
1806,Lloyd,Lloyd 1.5 Ton 3 Star Split Inverter AC  - White,32876,https://rukminim1.flixcart.com/image/312/312/k73nlow0/air-conditioner-new/g/h/3/ls18i36fh-1-5-split-inverter-lloyd-original-imafpfygk7krh8uj.jpeg?q=70
1807,Lloyd,Lloyd 1 Ton 3 Star Split AC  - White,28260,https://rukminim1.flixcart.com/image/312/312/js0o9zk0/air-conditioner-new/h/c/v/ls19b32ep-1-5-split-lloyd-original-imafdzgn7qtyj2vn.jpeg?q=70
1808,Lloyd,Lloyd 1.5 Ton 2 Star Split AC  - White,32650,https://rukminim1.flixcart.com/image/312/312/jgwkzgw0/air-conditioner-new/g/x/p/ls19b22ab-1-5-split-lloyd-original-imaf5ffgzukvs8m3.jpeg?q=70
1809,Lloyd,Lloyd 1.5 Ton 5 Star Split Inverter AC  - White,39990,https://rukminim1.flixcart.com/image/312/312/k7285u80/air-conditioner-new/t/g/f/ls18i52wbel-1-5-split-inverter-lloyd-original-imafpduddqjdybte.jpeg?q=70
1810,Lloyd,Lloyd 1.5 Ton 3 Star Split Inverter AC  - White,34900,https://rukminim1.flixcart.com/image/312/312/js0o9zk0/air-conditioner-new/t/m/q/ls18i32al-1-5-inverter-lloyd-original-imafdzgnbgmztttq.jpeg?q=70
1811,Lloyd,Lloyd 1 Ton 3 Star Split AC  - White,33900,https://rukminim1.flixcart.com/image/312/312/jgwkzgw0/air-conditioner-new/k/a/p/ls13b31ab-1-split-lloyd-original-imaf5ffgzwg3hjz5.jpeg?q=70
1812,Lloyd,Lloyd 1.5 Ton 3 Star Split AC with Wi-fi Connect  - White,36990,https://rukminim1.flixcart.com/image/312/312/jqfinww0/air-conditioner-new/d/j/z/ls13b32je-1-split-lloyd-original-imafcg9pnamzcv5r.jpeg?q=70
1813,Lloyd,Lloyd 1.5 Ton 3 Star Split Inverter AC  - White,35600,https://rukminim1.flixcart.com/image/312/312/jgwkzgw0/air-conditioner-new/j/w/q/gls12i31ab-1-inverter-lloyd-original-imaf5ffgav4ghdzh.jpeg?q=70
1814,Lloyd,Lloyd 1 Ton 3 Star Window AC  - White,20999,https://rukminim1.flixcart.com/image/312/312/jqfinww0/air-conditioner-new/q/s/d/lw12a3f9-1-window-lloyd-original-imafcg9ppnhe6gbb.jpeg?q=70
1815,Lloyd,Lloyd 1.5 Ton 3 Star Hot and Cold Split Inverter AC  - White,39999,https://rukminim1.flixcart.com/image/312/312/jtrjngw0/air-conditioner-new/6/p/2/gls18i42mp-1-5-split-lloyd-inverter-original-imafdb56gybw9wyx.jpeg?q=70
1816,Hitachi,Hitachi 1.5 Ton 5 Star Window AC  - White,29999,https://rukminim1.flixcart.com/image/312/312/air-conditioner-new/g/y/e/1-5-hitachi-window-raw518kudz1-original-imaegpqxmad3hnye.jpeg?q=70
1817,Hitachi,Hitachi 1.5 Ton 3 Star Split AC  - White,31999,https://rukminim1.flixcart.com/image/312/312/k5h2jrk0/air-conditioner-new/e/y/z/esfs-csfs-rsfs312hcdo-1-split-fixed-speed-hitachi-original-imafz58uxp3nekxk.jpeg?q=70
1818,Hitachi,Hitachi 1 Ton 3 Star Window AC  - White,20999,https://rukminim1.flixcart.com/image/312/312/air-conditioner-new/u/z/f/raw312kwd-1-window-hitachi-original-imaerxgmn8zre5nd.jpeg?q=70
1819,Hitachi,Hitachi 1.5 Ton 3 Star Split Inverter Expandable AC  - White,39999,https://rukminim1.flixcart.com/image/312/312/ju04akw0/air-conditioner-new/6/y/j/rsd-esd-csd-318hbea-z-1-5-split-hitachi-original-imaf97njtg4m3f8c.jpeg?q=70
1820,Hitachi,Hitachi 1 Ton 4 Star Split Inverter AC  - White,34999,https://rukminim1.flixcart.com/image/312/312/jfr57rk0/air-conditioner-new/y/z/g/rsf-ese-cse-312hbea-1-inverter-hitachi-original-imaf4fwbptnksbfk.jpeg?q=70
1821,Hitachi,Hitachi 1 Ton 3 Star Split Inverter AC  - White,31999,https://rukminim1.flixcart.com/image/312/312/ju8oxow0/air-conditioner-new/e/a/b/rsf-esf-csf-311hcea-1-0-split-hitachi-inverter-original-imaffeyje2qh89xh.jpeg?q=70
1822,Hitachi,Hitachi 1.5 Ton 3 Star Split Inverter AC  - White,36999,https://rukminim1.flixcart.com/image/312/312/jskofww0/air-conditioner-new/3/m/k/rsn-esn-csn-317hcea-1-5-inverter-hitachi-original-imafe44nmyznscht.jpeg?q=70
1823,Hitachi,Hitachi 1 Ton 3 Star Split Inverter AC  - White,43911,https://rukminim1.flixcart.com/image/312/312/air-conditioner-new/f/q/y/1-5-hitachi-split-rau318kwea-original-imaeh3fhntghxjen.jpeg?q=70
1824,Hitachi,Hitachi 1 Ton 3 Star Split AC  - White,46911,https://rukminim1.flixcart.com/image/312/312/air-conditioner-new/r/f/m/2-hitachi-split-rau324awea-original-imaeh3fmedcg3hgb.jpeg?q=70
1825,Hitachi,Hitachi 1.5 Ton 3 Star Split AC  - White,39900,https://rukminim1.flixcart.com/image/312/312/jgl5gnk0/air-conditioner-new/a/p/v/rmc324hbd-2-split-hitachi-original-imaf4ssybnywgedy.jpeg?q=70
1826,Hitachi,Hitachi 2 Ton 4 Star Split Inverter AC  - White,51999,https://rukminim1.flixcart.com/image/312/312/jg15aq80/air-conditioner-new/q/g/g/rmh-emh-cmh-424hbea-2-inverter-hitachi-original-imaf4fwbwtcvd6dq.jpeg?q=70
1827,Hitachi,Hitachi 1.5 Ton Window AC  - White,25999,https://rukminim1.flixcart.com/image/312/312/jlzhci80/air-conditioner-new/f/h/m/raw318kud-1-5-window-hitachi-original-imaf8ztxydqcdp24.jpeg?q=70
1828,Hitachi,Hitachi 1.5 Ton 4 Star Split Inverter AC  - White,38999,https://rukminim1.flixcart.com/image/312/312/ju8oxow0/air-conditioner-new/z/h/r/rsn-esn-csn-417hcea-1-5-split-hitachi-inverter-original-imaffeyjpztueszn.jpeg?q=70
1829,Hitachi,Hitachi 1.2 Ton 3 Star Split AC with Wi-fi Connect  - White,30999,https://rukminim1.flixcart.com/image/312/312/jfr57rk0/air-conditioner-new/c/e/4/rsb-esb-csb-318mbd-1-5-split-hitachi-original-imaf3xqrvzzzvfgs.jpeg?q=70
1830,Hitachi,Hitachi 1 Ton 3 Star Window AC  - White,24999,https://rukminim1.flixcart.com/image/312/312/air-conditioner-new/e/m/f/raw312kxdai-1-window-hitachi-original-imaesak4qqnwutwp.jpeg?q=70
1831,Hitachi,Hitachi 2 Ton 3 Star Split Inverter AC  - White,46999,https://rukminim1.flixcart.com/image/312/312/je7f1jk0/air-conditioner-new/e/j/f/rmi-emh-cmh-324hbea-2-split-hitachi-original-imaf2xw52jyqtygb.jpeg?q=70
1832,Hitachi,Hitachi 2 Ton 3 Star Split Inverter AC  - White,41999,https://rukminim1.flixcart.com/image/312/312/jskofww0/air-conditioner-new/f/h/z/rmn-emn-cmn-322hcea-2-inverter-hitachi-original-imafe44zqtfdgypp.jpeg?q=70
1833,Hitachi,Hitachi 1 Ton 5 Star Window AC  - White,25400,https://rukminim1.flixcart.com/image/312/312/air-conditioner-new/k/e/g/1-0-hitachi-window-raw511kud-original-imadvurayva6tfvd.jpeg?q=70
1834,Hitachi,"Hitachi 1.5 Ton 5 Star Split Inverter AC  - White, Gold",44900,https://rukminim1.flixcart.com/image/312/312/juk4gi80/air-conditioner-new/p/p/q/rsog518hcea-1-5-split-fixed-speed-hitachi-original-imaffnhxtrt6zygn.jpeg?q=70
1835,Hitachi,Hitachi 1.5 Ton 5 Star Window AC  - White,31179,https://rukminim1.flixcart.com/image/312/312/air-conditioner-new/h/y/f/1-5-hitachi-window-raw-518-kudzi-original-imaehybhzhvp9m5h.jpeg?q=70
1836,Hitachi,Hitachi 1.5 Ton 5 Star Window AC  - White,30299,https://rukminim1.flixcart.com/image/312/312/air-conditioner-new/k/e/g/1-0-hitachi-window-raw511kud-original-imadvurayva6tfvd.jpeg?q=70
1837,Hitachi,Hitachi 1.5 Ton 5 Star Window AC  - White,34999,https://rukminim1.flixcart.com/image/312/312/air-conditioner-new/n/b/k/1-5-hitachi-window-rav518hud-original-imaegpqxnaxzcf5a.jpeg?q=70
1838,Hitachi,Hitachi 1.5 Ton 5 Star Split Inverter AC  - White,44380,https://rukminim1.flixcart.com/image/312/312/jgl5gnk0/air-conditioner-new/g/m/v/rsb518hbea-1-5-split-hitachi-original-imaf4ssyuhcgugab.jpeg?q=70
1839,Hitachi,Hitachi 1 Ton Inverter Star Split AC  - White,39500,https://rukminim1.flixcart.com/image/312/312/air-conditioner-new/9/p/h/1-hitachi-split-rau312ewead-original-imaehc3pmak37gwh.jpeg?q=70
1840,Blue Star,Blue Star 1.2 Ton 3 Star Split Inverter AC  - White,29999,https://rukminim1.flixcart.com/image/312/312/k51cpe80/air-conditioner-new/v/2/h/ic315aatu-1-2-split-inverter-blue-star-original-imafnt5gjzmjgkak.jpeg?q=70
1841,Blue Star,Blue Star 0.75 Ton 3 Star Window AC  - White,16499,https://rukminim1.flixcart.com/image/312/312/k5ihzm80/air-conditioner-new/f/g/h/3wae081ydf-0-75-window-fixed-speed-blue-star-original-imafz6gvqhdsez9b.jpeg?q=70
1842,Blue Star,Blue Star 1.5 Ton 5 Star Split Inverter AC  - White,43999,https://rukminim1.flixcart.com/image/312/312/k5cs87k0/air-conditioner-new/h/j/k/ic518datu-1-5-split-inverter-blue-star-original-imafzfw9ghpm6sm8.jpeg?q=70
1843,Blue Star,"Blue Star 1 Ton Portable AC  - White, Grey",24999,https://rukminim1.flixcart.com/image/312/312/k5r2mq80/air-conditioner-new/v/x/c/pc12db-1-portable-fixed-speed-blue-star-original-imafzcwhep8jenxu.jpeg?q=70
1844,Blue Star,Blue Star 1 Ton 3 Star Split AC  - White,32990,https://rukminim1.flixcart.com/image/312/312/k5cs87k0/air-conditioner-new/t/j/j/fs312aatu-1-split-fixed-speed-blue-star-original-imafzfwzwrepa4k3.jpeg?q=70
1845,Blue Star,Blue Star 1 Ton 3 Star Window AC  - Milky White,19499,https://rukminim1.flixcart.com/image/312/312/k6pd7680/air-conditioner-new/f/2/t/3w12la-1-window-fixed-speed-blue-star-original-imafp3u3hgzf97ut.jpeg?q=70
1846,Blue Star,Blue Star 1.5 Ton 3 Star Window AC  - White,23999,https://rukminim1.flixcart.com/image/312/312/ji4vmvk0/air-conditioner-new/y/u/6/3w18ld-1-5-window-blue-star-original-imaf6yy3paahzztm.jpeg?q=70
1847,Blue Star,Blue Star 1.5 Ton 3 Star Split Inverter AC  - White,35999,https://rukminim1.flixcart.com/image/312/312/jvtujrk0/air-conditioner-new/9/3/6/ic318matu-1-5-split-inverter-blue-star-original-imafgkuxc9sdngyn.jpeg?q=70
1848,Blue Star,Blue Star 1.5 Ton 3 Star Split Inverter AC  - White,38500,https://rukminim1.flixcart.com/image/312/312/k2jbyq80/air-conditioner-new/n/g/e/ic318xbtu-1-5-split-inverter-blue-star-original-imafhuvgzzczzmsc.jpeg?q=70
1849,Blue Star,"Blue Star 1.5 Ton 3 Star Split Inverter AC  - White, Gold",39990,https://rukminim1.flixcart.com/image/312/312/k2jbyq80/air-conditioner-new/t/v/2/ic318qatu-1-5-split-inverter-blue-star-original-imafhuvgc7wzwckq.jpeg?q=70
1850,Blue Star,Blue Star 2 Ton 3 Star Split Inverter AC  - White,54390,https://rukminim1.flixcart.com/image/312/312/k2jbyq80/air-conditioner-new/e/q/k/ic324yatu-2-split-inverter-blue-star-original-imafhuvgzm2etygd.jpeg?q=70
1851,Blue Star,Blue Star 1.5 Ton 3 Star Split AC  - White,34990,https://rukminim1.flixcart.com/image/312/312/ji4vmvk0/air-conditioner-new/a/g/c/3hw18iatu-1-5-split-blue-star-original-imaf6yy3zsjya23f.jpeg?q=70
1852,Blue Star,Blue Star 1.5 Ton 3 Star Split AC  - White,38390,https://rukminim1.flixcart.com/image/312/312/ji4vmvk0/air-conditioner-new/v/5/q/3cnhw18rbfu-1-5-split-blue-star-original-imaf6yy3w4admmrk.jpeg?q=70
1853,Blue Star,Blue Star 1.5 Ton 3 Star Split Inverter AC  - White,38690,https://rukminim1.flixcart.com/image/312/312/k29bvrk0/air-conditioner-new/n/6/s/ic318yatu-1-5-split-inverter-blue-star-original-imafhg2tcrpxgcp2.jpeg?q=70
1854,Blue Star,Blue Star 2 Ton 3 Star Split AC  - White,44990,https://rukminim1.flixcart.com/image/312/312/jy7kyvk0/air-conditioner-new/x/d/f/fs324yatu-2-split-inverter-blue-star-original-imafgg59zxspyaxa.jpeg?q=70
1855,Blue Star,Blue Star 1 Ton 3 Star Split Inverter AC  - White,32690,https://rukminim1.flixcart.com/image/312/312/k29bvrk0/air-conditioner-new/n/6/s/ic318yatu-1-5-split-inverter-blue-star-original-imafhg2tcrpxgcp2.jpeg?q=70
1856,Blue Star,Blue Star 2 Ton 3 Star Split Inverter AC  - White,56990,https://rukminim1.flixcart.com/image/312/312/k2jbyq80/air-conditioner-new/a/d/v/ic326yatu-2-split-inverter-blue-star-original-imafhuvg5qvjngyy.jpeg?q=70
1857,Blue Star,Blue Star 1.5 Ton 3 Star Split Inverter AC  - White,38390,https://rukminim1.flixcart.com/image/312/312/k2jbyq80/air-conditioner-new/j/m/g/ic318xatu-1-5-split-inverter-blue-star-original-imafhuvgys3ejnkv.jpeg?q=70
1858,Blue Star,Blue Star 1.5 Ton 3 Star Split Inverter AC  - White,37500,https://rukminim1.flixcart.com/image/312/312/jy7kyvk0/air-conditioner-new/b/t/s/ic318ybtu-1-5-split-inverter-blue-star-original-imafgg59btqvenr9.jpeg?q=70
1859,Blue Star,Blue Star 1.5 Ton 3 Star Split AC  - White,35990,https://rukminim1.flixcart.com/image/312/312/k2tc1ow0/air-conditioner-new/t/d/v/fs318zatu-1-5-split-fixed-speed-blue-star-original-imafm2z5jnkvpu4g.jpeg?q=70
1860,Blue Star,Blue Star 1 Ton 3 Star Split Inverter AC  - White,33998,https://rukminim1.flixcart.com/image/312/312/jvv9zm80/air-conditioner-new/h/f/g/ic312matu-1-split-inverter-blue-star-original-imafgkuxmh8mzjuk.jpeg?q=70
1861,Blue Star,"Blue Star 1 Ton 3 Star Split Inverter AC  - White, Gold",31990,https://rukminim1.flixcart.com/image/312/312/k4hcjgw0/air-conditioner-new/g/r/h/ic312rbtu-1-5-split-inverter-blue-star-original-imafn8w6vekpzqud.jpeg?q=70
1862,Blue Star,Blue Star 1.5 Ton 3 Star Split AC  - White,32999,https://rukminim1.flixcart.com/image/312/312/k5vcya80/air-conditioner-new/e/f/j/fs318aatu-1-5-split-fixed-speed-blue-star-original-imafnktmmr7ksjkd.jpeg?q=70
1863,Blue Star,Blue Star 1 Ton 5 Star Window AC  - White,20999,https://rukminim1.flixcart.com/image/312/312/k5lcvbk0/air-conditioner-new/8/p/y/5w12gbt-1-window-fixed-speed-blue-star-original-imafz8hedqs4zyhz.jpeg?q=70
1864,Blue Star,Blue Star 1.5 Ton 5 Star Split AC  - White,39400,https://rukminim1.flixcart.com/image/312/312/juu4jgw0/air-conditioner-new/j/b/k/5cnhw18qatx-ic518qatx-1-5-split-blue-star-fixed-speed-original-imaffvgggaandr2c.jpeg?q=70
1865,Blue Star,Blue Star 2 Ton Split Inverter AC  - White,61990,https://rukminim1.flixcart.com/image/312/312/k1v1h8w0/air-conditioner-new/h/j/k/ic518datu-1-5-split-inverter-blue-star-original-imafkvwvhnpcmzbq.jpeg?q=70
1866,Blue Star,Blue Star 1.5 Ton 3 Star Split AC  - White,34990,https://rukminim1.flixcart.com/image/312/312/jf9zxjk0/air-conditioner-new/z/n/c/bi-3hw12aatu-1-split-blue-star-original-imaf3sy4ymrjrj49.jpeg?q=70
1867,Blue Star,Blue Star Inverter Technology 1.5 Ton 5 Star Split Inverter AC  - White,45299,https://rukminim1.flixcart.com/image/312/312/jhkvgy80/air-conditioner-new/a/a/w/bi-5cnhw12pafu-bo-5cnhw12pafu-1-0-inverter-blue-star-original-imaf5khybcdv5dzs.jpeg?q=70
1868,Blue Star,Blue Star 1.5 Ton 5 Star Window AC  - White,31290,https://rukminim1.flixcart.com/image/312/312/jeek8sw0/air-conditioner-new/p/v/j/5w13ga-1-1-window-blue-star-original-imaf2wymhxeg2ysb.jpeg?q=70
1869,Blue Star,Blue Star 1 Ton 3 Star Split AC  - White,31990,https://rukminim1.flixcart.com/image/312/312/ji4vmvk0/air-conditioner-new/a/g/c/3hw18iatu-1-5-split-blue-star-original-imaf6yy3zsjya23f.jpeg?q=70
1870,Blue Star,Blue Star 1 Ton 3 Star Window AC  - White,26500,https://rukminim1.flixcart.com/image/312/312/jeek8sw0/air-conditioner-new/p/v/j/5w13ga-1-1-window-blue-star-original-imaf2wymhxeg2ysb.jpeg?q=70
1871,Blue Star,Blue Star 1.5 Ton 5 Star Window AC  - White,31490,https://rukminim1.flixcart.com/image/312/312/air-conditioner-new/f/c/t/1-5-blue-star-window-5w18la-original-imaehqgspquerwuh.jpeg?q=70
1872,Blue Star,Blue Star 1.5 Ton 3 Star Split AC  - White,39000,https://rukminim1.flixcart.com/image/312/312/air-conditioner-new/9/v/r/1-5-blue-star-split-3hw18vcu-original-imaehrvxyq26fyz4.jpeg?q=70
1873,Blue Star,Blue Star 1.5 Ton 3 Star Split Inverter AC  - White,36800,https://rukminim1.flixcart.com/image/312/312/air-conditioner-new/h/r/r/1-5-blue-star-split-3cnhw18caf-original-imaehqsxqryhzzwg.jpeg?q=70
1874,Blue Star,Blue Star 1 Ton 5 Star Split AC  - White,41990,https://rukminim1.flixcart.com/image/312/312/ji4vmvk0/air-conditioner-new/z/u/c/5cnhw12pafu-1-split-blue-star-original-imaf6yy3yg8gwdrw.jpeg?q=70
1875,Blue Star,Blue Star 1.5 Ton 3 Star Window AC  - White,26990,https://rukminim1.flixcart.com/image/312/312/jeek8sw0/air-conditioner-new/p/v/j/5w13ga-1-1-window-blue-star-original-imaf2wymhxeg2ysb.jpeg?q=70
1876,Blue Star,Blue Star 2 Ton 3 Star Split AC  - White,44900,https://rukminim1.flixcart.com/image/312/312/ji4vmvk0/air-conditioner-new/u/z/f/3hw12aatx-1-split-blue-star-original-imaf6yy3myswgut6.jpeg?q=70
1877,Blue Star,Blue Star 1.5 Ton 3 Star Split AC  - White,39877,https://rukminim1.flixcart.com/image/312/312/ji4vmvk0/air-conditioner-new/g/t/x/3cnhw18cafu-1-5-split-blue-star-original-imaf6yy3zgbe2du4.jpeg?q=70
1878,Blue Star,Blue Star 2 Ton 2 Star Window AC  - White,33990,https://rukminim1.flixcart.com/image/312/312/air-conditioner-new/d/s/e/2-0-blue-star-window-2w24la-original-imadvw9vbgckzfyg.jpeg?q=70
1879,Blue Star,Blue Star 1.5 Ton 3 Star Split AC  - White,39465,https://rukminim1.flixcart.com/image/312/312/ji4vmvk0/air-conditioner-new/9/6/e/3cnhw18tafu-1-5-split-blue-star-original-imaf6yy3hdhrfpea.jpeg?q=70
1880,Blue Star,Blue Star 1.5 Ton 3 Star Split AC  - White,39800,https://rukminim1.flixcart.com/image/312/312/jgwkzgw0/air-conditioner-new/a/n/a/3hw18vctu-1-5-split-blue-star-original-imaf5ffuzzpjyjxt.jpeg?q=70
1881,Blue Star,Blue Star 2 Ton 2 Star Window AC  - White,32999,https://rukminim1.flixcart.com/image/312/312/k5o7r0w0/air-conditioner-new/b/z/t/2w24ga-2-window-fixed-speed-blue-star-original-imafzazvmsfgqr4d.jpeg?q=70
1882,Blue Star,Blue Star 1 Ton 3 Star Split Inverter AC  - White,33990,https://rukminim1.flixcart.com/image/312/312/ji4vmvk0/air-conditioner-new/x/5/8/3cnhw18nafu-1-5-inverter-blue-star-original-imaf6yy3zsfwscud.jpeg?q=70
1883,Blue Star,Blue Star 1.5 Ton 3 Star Split Inverter AC  - White,40900,https://rukminim1.flixcart.com/image/312/312/jgwkzgw0/air-conditioner-new/u/f/y/3cnhw18mafu-1-5-inverter-blue-star-original-imaf4spbhxhrzbhz.jpeg?q=70
1884,Blue Star,Blue Star 1.5 Ton 3 Star Split Inverter AC  - White,42900,https://rukminim1.flixcart.com/image/312/312/jgo0ccw0/air-conditioner-new/f/w/b/bi-3cnhw12wafu-bo-3cnhw12wafu-1-inverter-blue-star-original-imaf4uxccp6py89h.jpeg?q=70
1885,Blue Star,Blue Star 1.5 Ton 3 Star Split Inverter AC  - White,37990,https://rukminim1.flixcart.com/image/312/312/ji4vmvk0/air-conditioner-new/x/5/8/3cnhw18nafu-1-5-inverter-blue-star-original-imaf6yy3zsfwscud.jpeg?q=70
1886,Blue Star,"Blue Star 1 Ton 5 Star Split Inverter AC  - White, Brown",39999,https://rukminim1.flixcart.com/image/312/312/ju8oxow0/air-conditioner-new/2/g/p/bi-5cnhw12qatu-bo-5cnhw12qatu-1-split-blue-star-inverter-original-imaffevsmw9bfvah.jpeg?q=70
1887,Blue Star,Blue Star 1.5 Ton 5 Star Split AC  - White,48990,https://rukminim1.flixcart.com/image/312/312/ji4vmvk0/air-conditioner-new/z/u/c/5cnhw12pafu-1-split-blue-star-original-imaf6yy3yg8gwdrw.jpeg?q=70
1888,Daikin,Daikin 0.8 Ton 3 Star Split AC  - White,22699,https://rukminim1.flixcart.com/image/312/312/k0bbb0w0/air-conditioner-new/6/x/z/ftl28tv-0-8-split-fixed-speed-daikin-original-imafk57grg4wqwax.jpeg?q=70
1889,Daikin,Daikin 1 Ton 3 Star Split Inverter AC  - White,33999,https://rukminim1.flixcart.com/image/312/312/jplif0w0/air-conditioner-new/k/h/f/atkl60tv-1-8-inverter-daikin-original-imafbstfagg7xhf4.jpeg?q=70
1890,Daikin,Daikin 1.5 Ton 5 Star Split Inverter AC  - White,45990,https://rukminim1.flixcart.com/image/312/312/jqzitu80/air-conditioner-new/9/x/g/ftkg-rkg-50tv16u-1-5-inverter-daikin-original-imafcvphhyczgxgp.jpeg?q=70
1891,Daikin,Daikin 1.5 Ton 4 Star Split Inverter AC  - White,41990,https://rukminim1.flixcart.com/image/312/312/jplif0w0/air-conditioner-new/h/h/b/ftkp60tv-1-8-inverter-daikin-original-imafbstfgntjpweh.jpeg?q=70
1892,Daikin,Daikin 1.5 Ton 3 Star Split Inverter AC  - White,38999,https://rukminim1.flixcart.com/image/312/312/jplif0w0/air-conditioner-new/k/h/f/atkl60tv-1-8-inverter-daikin-original-imafbstfagg7xhf4.jpeg?q=70
1893,Daikin,Daikin 0.75 Ton 3 Star Split AC  - White,23199,https://rukminim1.flixcart.com/image/312/312/jdvziq80/air-conditioner-new/f/s/g/ftl25tv16x1-0-75-split-daikin-original-imaf2p7dkma7fzcx.jpeg?q=70
1894,Daikin,Daikin 1.8 Ton 2 Star Split AC  - White,39760,https://rukminim1.flixcart.com/image/312/312/jgy0fbk0/air-conditioner-new/g/2/x/ftkh35-1-split-daikin-original-imaf52s2uyjtgzcz.jpeg?q=70
1895,Daikin,Daikin 1.5 Ton 3 Star Split Inverter AC  - White,40539,https://rukminim1.flixcart.com/image/312/312/k0r15e80/air-conditioner-new/k/t/z/ftht50tv16u-1-5-split-inverter-daikin-original-imafkhggd7rrxddc.jpeg?q=70
1896,Daikin,Daikin 1 Ton 5 Star Split Inverter AC  - White,43490,https://rukminim1.flixcart.com/image/312/312/jplif0w0/air-conditioner-new/c/w/d/ftkf60tv-1-8-inverter-daikin-original-imafbstfbkuunumf.jpeg?q=70
1897,Daikin,Daikin 1.8 Ton 2 Star Split AC  - White,39001,https://rukminim1.flixcart.com/image/312/312/jt395zk0/air-conditioner-new/d/q/d/gtq60tv16u2-1-8-split-daikin-original-imafegggfuaydtft.jpeg?q=70
1898,Daikin,Daikin 1.5 Ton 2 Star Split AC  - White,31148,https://rukminim1.flixcart.com/image/312/312/jgy0fbk0/air-conditioner-new/g/2/x/ftkh35-1-split-daikin-original-imaf52s2uyjtgzcz.jpeg?q=70
1899,Daikin,Daikin 1 Ton 5 Star Split Inverter AC  - White,44900,https://rukminim1.flixcart.com/image/312/312/jgy0fbk0/air-conditioner-new/g/2/x/ftkh35-1-split-daikin-original-imaf52s2uyjtgzcz.jpeg?q=70
1900,Daikin,Daikin 1 Ton 3 Star Split AC  - White,30900,https://rukminim1.flixcart.com/image/312/312/jdvziq80/air-conditioner-new/a/c/5/ftl35tv16w1-dtl35tv16w1-1-split-daikin-original-imaf2p7dtzpx5tck.jpeg?q=70
1901,Daikin,Daikin 1 Ton 3 Star Split AC  - White,29999,https://rukminim1.flixcart.com/image/312/312/k5o7r0w0/air-conditioner-new/t/w/u/mtl35tv16w1-1-split-fixed-speed-daikin-original-imafzaxgjhnf3gzh.jpeg?q=70
1902,Daikin,Daikin 1.5 Ton 5 Star Split Inverter AC  - White,45990,https://rukminim1.flixcart.com/image/312/312/k5pn6vk0/air-conditioner-new/w/9/k/ftkg50tv16u-1-5-split-inverter-daikin-original-imafzbwacywptycs.jpeg?q=70
1903,Daikin,Daikin 1.8 Ton 5 Star Split Inverter AC  - White,55999,https://rukminim1.flixcart.com/image/312/312/k5pn6vk0/air-conditioner-new/a/h/g/ftkg60tv16u-1-8-split-inverter-daikin-original-imafzbwapm4vktyf.jpeg?q=70
1904,Daikin,Daikin 1.5 Ton 3 Star Split AC  - White,35499,https://rukminim1.flixcart.com/image/312/312/k5pn6vk0/air-conditioner-new/g/n/g/mtl50tv16v3-1-5-split-fixed-speed-daikin-original-imafzbwayrzue6qh.jpeg?q=70
1905,Daikin,Daikin 1.8 Ton 2 Star Split AC  - White,40999,https://rukminim1.flixcart.com/image/312/312/k5o7r0w0/air-conditioner-new/f/w/r/ftq60tv16u2-1-8-split-fixed-speed-daikin-original-imafzaxgvygqbxta.jpeg?q=70
1906,Daikin,Daikin 1.5 Ton 3 Star Split Inverter AC  - White,34816,https://rukminim1.flixcart.com/image/312/312/k0r15e80/air-conditioner-new/e/u/z/gtkl50tv16u-1-5-split-inverter-daikin-original-imafkhggkdbphjyr.jpeg?q=70
1907,Daikin,Daikin 1 Ton 3 Star Split Inverter AC  - White,29596,https://rukminim1.flixcart.com/image/312/312/ju1jqfk0/air-conditioner-new/d/g/j/gtl35tv16w1-1-split-daikin-inverter-original-imaff974fc3bwea6.jpeg?q=70
1908,Daikin,Daikin 1.8 Ton 3 Star Split Inverter AC  - White,50800,https://rukminim1.flixcart.com/image/312/312/jdvziq80/air-conditioner-new/y/u/d/ftkl60tv16u-1-8-split-daikin-original-imaf2p7gygyfzngz.jpeg?q=70
1909,Daikin,Daikin 0.8 Ton 3 Star Split AC  - White,23199,https://rukminim1.flixcart.com/image/312/312/k1gr2q80/air-conditioner-new/x/x/e/gtl28tv16x2-0-8-split-fixed-speed-daikin-original-imafbuywbgmkdsaf.jpeg?q=70
1910,Daikin,Daikin 0.8 Ton 3 Star Split AC  - White,22799,https://rukminim1.flixcart.com/image/312/312/k5wse4w0/air-conditioner-new/g/c/2/ftl50tv16u1-u2-v2-v3-dtl50tv16u1-u2-v2-v3-rl50tv16u1-u2-v2-v3-1-original-imafz44xf9ymbkkc.jpeg?q=70
1911,Daikin,Daikin 1.8 Ton 3 Star Split Inverter AC  - White,52990,https://rukminim1.flixcart.com/image/312/312/jplif0w0/air-conditioner-new/k/h/f/atkl60tv-1-8-inverter-daikin-original-imafbstfagg7xhf4.jpeg?q=70
1912,Daikin,Daikin 2.2 Ton 3 Star Split Inverter AC  - White,61467,https://rukminim1.flixcart.com/image/312/312/k5o7r0w0/air-conditioner-new/h/g/r/ftkl71tv16t-2-2-split-inverter-daikin-original-imafzaxgwx9j3hgg.jpeg?q=70
1913,Daikin,Daikin 1.5 Ton 5 Star Split Inverter AC  - White,50999,https://rukminim1.flixcart.com/image/312/312/jplif0w0/air-conditioner-new/c/w/d/ftkf60tv-1-8-inverter-daikin-original-imafbstfbkuunumf.jpeg?q=70
1914,Daikin,"Daikin 1.5 Ton 3 Star Split AC  - White, Grey",31899,https://rukminim1.flixcart.com/image/312/312/jtx9evk0/air-conditioner-new/k/g/a/gtl50tv16v2-rlg50tv16v2-1-5-split-daikin-fixed-speed-original-imaff5zugrgd4e7c.jpeg?q=70
1915,Daikin,Daikin 1 Ton 3 Star Hot and Cold Split AC  - White,39500,https://rukminim1.flixcart.com/image/312/312/k7dnonk0/air-conditioner-new/g/g/t/atkl35tv16-1-split-fixed-speed-daikin-original-imafpmsbtdyn36xy.jpeg?q=70
1916,Daikin,Daikin 1 Ton 3 Star Split Inverter AC  - White,31829,https://rukminim1.flixcart.com/image/312/312/jdvziq80/air-conditioner-new/t/n/8/ftkl35tv16x-1-split-daikin-original-imaf2p7hmhs7gy3e.jpeg?q=70
1917,Daikin,Daikin 1.5 Ton 3 Star Split AC  - White,33990,https://rukminim1.flixcart.com/image/312/312/jt395zk0/air-conditioner-new/x/e/m/ftl50tv16v2-1-5-split-daikin-original-imafegggg8ummjpy.jpeg?q=70
1918,Daikin,Daikin 1 Ton 3 Star Split Inverter AC  - White,37000,https://rukminim1.flixcart.com/image/312/312/jdeu8i80/air-conditioner-new/x/b/p/ftkh50srv-1-5-split-daikin-original-imaf2btfcjrry2z6.jpeg?q=70
1919,Daikin,Daikin 1.5 Ton 3 Star Split AC  - White,34500,https://rukminim1.flixcart.com/image/312/312/jplif0w0/air-conditioner-new/y/f/z/ftl50tv16w4-1-5-split-daikin-original-imafbstfjnyzpg8d.jpeg?q=70
1920,Samsung,Samsung 1.5 Ton 5 Star Split Triple Inverter AC  - White,35999,https://rukminim1.flixcart.com/image/312/312/k5wse4w0/air-conditioner-new/n/n/x/ar18tv5hltu-1-5-split-dual-inverter-samsung-original-imafzhfvf2rdzztd.jpeg?q=70
1921,Samsung,Samsung 1.5 Ton 3 Star Split Triple Inverter AC  - White,31999,https://rukminim1.flixcart.com/image/312/312/k5wse4w0/air-conditioner-new/m/v/y/ar18tv3hmwk-1-5-split-dual-inverter-samsung-original-imafzhfvy3hfepgp.jpeg?q=70
1922,Samsung,Samsung 1 Ton 3 Star Split Triple Inverter AC  - White,29999,https://rukminim1.flixcart.com/image/312/312/k5wse4w0/air-conditioner-new/d/y/h/ar12tv3hmwk-1-split-dual-inverter-samsung-original-imafzhfvqfyjuw5b.jpeg?q=70
1923,Samsung,"Samsung 1.5 Ton 3 Star Split Triple Inverter AC  - White, Blue",35999,https://rukminim1.flixcart.com/image/312/312/k6qsn0w0/air-conditioner-new/5/s/w/ar12tv3jfmcnna-ar12tv3jfmcxna-1-split-dual-inverter-samsung-original-imafp4uhc7qpudxz.jpeg?q=70
1924,Samsung,"Samsung 1 Ton 3 Star Split Triple Inverter AC  - White, Blue",32999,https://rukminim1.flixcart.com/image/312/312/k6qsn0w0/air-conditioner-new/5/s/w/ar12tv3jfmcnna-ar12tv3jfmcxna-1-split-dual-inverter-samsung-original-imafp4uhc7qpudxz.jpeg?q=70
1925,Samsung,Samsung 1 Ton 3 Star Split AC  - White,42700,https://rukminim1.flixcart.com/image/312/312/ju2z6a80/air-conditioner-new/w/g/n/ar12rv3hety-1-split-samsung-fixed-speed-original-imaferdjwbcfnyhz.jpeg?q=70
1926,Samsung,Samsung 1.5 Ton 3 Star Split AC  - White,47500,https://rukminim1.flixcart.com/image/312/312/ju2z6a80/air-conditioner-new/w/g/n/ar12rv3hety-1-split-samsung-fixed-speed-original-imaferdjwbcfnyhz.jpeg?q=70
1927,Samsung,Samsung 1.5 Ton 5 Star Split Inverter AC  - White,60210,https://rukminim1.flixcart.com/image/312/312/jbzedu80-1/air-conditioner-new/k/p/z/ar18nv3xewk-na-2-split-samsung-original-imaff7ryzxc4ghdr.jpeg?q=70
1928,Samsung,Samsung 1.5 Ton 3 Star Split Inverter AC  - White,51990,https://rukminim1.flixcart.com/image/312/312/jbzedu80-1/air-conditioner-new/k/p/z/ar18nv3xewk-na-2-split-samsung-original-imaff6r3t385vbje.jpeg?q=70
1929,Samsung,Samsung 1 Ton 3 Star Split AC  - White,39400,https://rukminim1.flixcart.com/image/312/312/ju2z6a80/air-conditioner-new/n/z/v/ar24rv3hfwk-2-split-samsung-fixed-speed-original-imaf4hm6mb9dsd3y.jpeg?q=70
1930,Samsung,Samsung 1 Ton 3 Star Split AC  - White,41800,https://rukminim1.flixcart.com/image/312/312/ju2z6a80/air-conditioner-new/n/z/v/ar24rv3hfwk-2-split-samsung-fixed-speed-original-imaf4hm6mb9dsd3y.jpeg?q=70
1931,Samsung,Samsung 1.5 Ton 3 Star Split AC  - White,45100,https://rukminim1.flixcart.com/image/312/312/ju2z6a80/air-conditioner-new/w/g/n/ar12rv3hety-1-split-samsung-fixed-speed-original-imaferdjwbcfnyhz.jpeg?q=70
1932,Samsung,Samsung 1.5 Ton 3 Star Split Inverter AC  - White,40500,https://rukminim1.flixcart.com/image/312/312/jctemq80/air-conditioner-new/g/3/y/ar12nv5pawk-1-split-samsung-original-imaffv48shzpkdgb.jpeg?q=70
1933,Samsung,Samsung 2 Ton 3 Star Split AC  - White,55600,https://rukminim1.flixcart.com/image/312/312/ju2z6a80/air-conditioner-new/n/z/v/ar24rv3hfwk-2-split-samsung-fixed-speed-original-imaf4hm6mb9dsd3y.jpeg?q=70
1934,Samsung,Samsung 1.5 Ton 3 Star Split AC  - White,41000,https://rukminim1.flixcart.com/image/312/312/ju2z6a80/air-conditioner-new/n/z/v/ar24rv3hfwk-2-split-samsung-fixed-speed-original-imaf4hm6mb9dsd3y.jpeg?q=70
1935,Samsung,Samsung 1 Ton 3 Star Split Inverter AC  - White,39900,https://rukminim1.flixcart.com/image/312/312/jbzedu80-1/air-conditioner-new/k/p/z/ar18nv3xewk-na-2-split-samsung-original-imaff7ryzxc4ghdr.jpeg?q=70
1936,Samsung,Samsung 1.5 Ton Inverter Star Split AC  - White,48511,https://rukminim1.flixcart.com/image/312/312/air-conditioner-new/4/h/u/1-5-samsung-split-ar18kv5nbwk-original-imaehrr8rngzzemw.jpeg?q=70
1937,Samsung,Samsung 1.5 Ton 3 Star Split Inverter AC  - White,40990,https://rukminim1.flixcart.com/image/312/312/jgcktjk0/air-conditioner-new/y/9/f/ar24nv3hewk-2-split-samsung-original-imaer23ccubzphvh.jpeg?q=70
1938,Samsung,Samsung 1.5 Ton 3 Star Split AC  - White,32980,https://rukminim1.flixcart.com/image/312/312/k687wy80/air-conditioner-new/8/b/p/ar18rg3bawknna-1-5-split-fixed-speed-samsung-original-imafzqg9ffru8ggv.jpeg?q=70
1939,Samsung,Samsung 1.5 Ton 3 Star Split AC  - White,44990,https://rukminim1.flixcart.com/image/312/312/ju2z6a80/air-conditioner-new/n/z/v/ar24rv3hfwk-2-split-samsung-fixed-speed-original-imaf4hm6mb9dsd3y.jpeg?q=70
1940,Samsung,Samsung 1.5 Ton 3 Star Split AC  - White,40500,https://rukminim1.flixcart.com/image/312/312/jgcktjk0/air-conditioner-new/y/9/f/ar24nv3hewk-2-split-samsung-original-imaer23b5yjghgjg.jpeg?q=70
1941,Samsung,Samsung 1 Ton 3 Star Split Inverter AC  - White,32999,https://rukminim1.flixcart.com/image/312/312/jgcktjk0/air-conditioner-new/y/9/f/ar24nv3hewk-2-split-samsung-original-imaer23ccubzphvh.jpeg?q=70
1942,Samsung,Samsung 1.5 Ton 3 Star Split Inverter AC  - White,36999,https://rukminim1.flixcart.com/image/312/312/jbzedu80-1/air-conditioner-new/z/a/w/ar12nv5hltr-1-split-samsung-original-imaet9bsnkaacnaf.jpeg?q=70
1943,Samsung,Samsung 1 Ton 3 Star Split Inverter AC  - White,32999,https://rukminim1.flixcart.com/image/312/312/jbzedu80-1/air-conditioner-new/z/a/w/ar12nv5hltr-1-split-samsung-original-imaet9bsnkaacnaf.jpeg?q=70
1944,Akai,Akai 1.5 Ton 3 Star Split AC  - White,31000,https://rukminim1.flixcart.com/image/312/312/k0bbb0w0/air-conditioner-new/m/b/j/aksf-183dqe-1-5-split-fixed-speed-akai-original-imafk57h3p9zdqpf.jpeg?q=70
1945,Akai,Akai 1.5 Ton 3 Star Split Inverter AC  - White,34000,https://rukminim1.flixcart.com/image/312/312/k0bbb0w0/air-conditioner-new/c/z/u/aksi-183fqt-1-5-split-inverter-akai-original-imafk57hjhz8zxhp.jpeg?q=70
1946,Akai,Akai 1 Ton 3 Star Split AC  - White,24000,https://rukminim1.flixcart.com/image/312/312/k0bbb0w0/air-conditioner-new/7/r/g/aksf-123dqe-1-split-fixed-speed-akai-original-imafk57hy4k2hzmg.jpeg?q=70
1947,Carrier,Carrier 1.2 Ton 5 Star Split Inverter AC  - White,32999,https://rukminim1.flixcart.com/image/312/312/jw0zr0w0/air-conditioner-new/a/e/a/14k-5-star-ester-neo-inverter-r32-i039-14k-5-star-inverter-r32-original-imaff727grmuvkjm.jpeg?q=70
1948,Carrier,Carrier 1.5 Ton 3 Star Window AC  - White,24990,https://rukminim1.flixcart.com/image/312/312/jtrjngw0/air-conditioner-new/p/f/3/18k-estra-neo-3-star-wrac-ac-r32-1-5-window-carrier-fixed-speed-original-imafesjfzh46pwsf.jpeg?q=70
1949,Carrier,Carrier 1.5 Ton 5 Star Split Inverter AC  - White,39999,https://rukminim1.flixcart.com/image/312/312/jtyouq80/air-conditioner-new/g/b/g/18k-5-star-ester-neo-hybridjet-inverter-r32-i015-18k-5-star-original-imaff727cwmjzzx3.jpeg?q=70
1950,Carrier,Carrier 1.5 Ton 3 Star Split AC  - White,30999,https://rukminim1.flixcart.com/image/312/312/jw0zr0w0/air-conditioner-new/v/m/q/24k-3-star-fixed-speed-r32-odu-f005-24k-3-star-ester-neo-f005-2-original-imafesjfqufp765p.jpeg?q=70
1951,Carrier,Carrier 2 Ton 5 Star Split Inverter AC  - White,48999,https://rukminim1.flixcart.com/image/312/312/jrkyfm80/air-conditioner-new/h/y/n/24k-ester-neo-r32-i017-cai24es5r39f0-ci245r3dh90-2-inverter-original-imafdcc3jzy6uz2n.jpeg?q=70
1952,Carrier,Carrier 2 Ton 5 Star Split Inverter AC  - White,48999,https://rukminim1.flixcart.com/image/312/312/k7285u80/air-conditioner-new/5/2/h/18k-5-star-ester-neo-i-hybridjet-inverter-r32-split-ac-original-imafpdv7zdbc5edq.jpeg?q=70
1953,Carrier,Carrier 1.5 Ton 5 Star Split Inverter AC  - White,39999,https://rukminim1.flixcart.com/image/312/312/k7285u80/air-conditioner-new/5/2/h/18k-5-star-ester-neo-i-hybridjet-inverter-r32-split-ac-original-imafpdv7zdbc5edq.jpeg?q=70
1954,Carrier,Carrier 1.5 Ton 3 Star Split Inverter AC  - White,34499,https://rukminim1.flixcart.com/image/312/312/jtyouq80/air-conditioner-new/s/f/8/18k-3-star-ester-neo-inverter-r32-idu-i011-18k-3star-inverter-original-imaff727rpzg3nhz.jpeg?q=70
1955,Carrier,Carrier Cyclojet 1.5 Ton 3 Star Split AC  - White,33999,https://rukminim1.flixcart.com/image/312/312/jjhglu80/air-conditioner-new/7/b/b/18k-ester-cyclojet-h-3-star-cas18es3j8f0-1-5-split-carrier-original-imaf6zb3ff9equj8.jpeg?q=70
1956,Carrier,Carrier 1.5 Ton 5 Star Window AC  - White,29999,https://rukminim1.flixcart.com/image/312/312/ju2z6a80/air-conditioner-new/x/d/7/18k-estra-neo-5-star-window-ac-r32-caw18sn5r39f0-1-5-window-original-imafdb3xsxzxrewh.jpeg?q=70
1957,Carrier,Carrier 1.5 Ton 3 Star Split Inverter AC  - White,35499,https://rukminim1.flixcart.com/image/312/312/jw0zr0w0/air-conditioner-new/c/s/z/12k-3-star-ester-hybridjet-inverter-r410a-i001-12k-3-star-original-imafesjfzxby2xfz.jpeg?q=70
1958,Carrier,Carrier 1 Ton 3 Star Window AC  - White,22999,https://rukminim1.flixcart.com/image/312/312/jtx9evk0/air-conditioner-new/j/h/c/12k-estra-3-star-wrac-ac-r22-1-0-window-carrier-fixed-speed-original-imaff5vzhgkwhzh7.jpeg?q=70
1959,Carrier,Carrier 1 Ton 3 Star Window AC  - White,22499,https://rukminim1.flixcart.com/image/312/312/jqy3dzk0/air-conditioner-new/g/8/g/estrella-caw12et3n8f0-1-window-carrier-original-imafcukmxx2d4ege.jpeg?q=70
1960,Carrier,Carrier 2 Ton 3 Star Split Inverter AC  - White,44999,https://rukminim1.flixcart.com/image/312/312/jsdj8nk0/air-conditioner-new/s/f/8/18k-3-star-ester-neo-inverter-r32-idu-i011-18k-3star-inverter-original-imafdymfqtk4ncjh.jpeg?q=70
1961,Carrier,Carrier 1 Ton 5 Star Split Inverter AC  - White,35999,https://rukminim1.flixcart.com/image/312/312/jrkyfm80/air-conditioner-new/n/n/v/12k-ester-neo-r32-i013-cai12es5r39f0-ci125r3ch90-1-inverter-original-imafdcc3qrjq5a6v.jpeg?q=70
1962,Carrier,Carrier 1 Ton 3 Star Split Inverter AC  - White,29999,https://rukminim1.flixcart.com/image/312/312/jw0zr0w0/air-conditioner-new/a/e/a/14k-5-star-ester-neo-inverter-r32-i039-14k-5-star-inverter-r32-original-imaff727grmuvkjm.jpeg?q=70
1963,Carrier,Carrier 1.2 Ton 5 Star Split Inverter AC  - White,32999,https://rukminim1.flixcart.com/image/312/312/k7285u80/air-conditioner-new/a/y/u/14k-5-star-ester-neo-i-inverter-r32-split-ac-cai14es5r30f0-1-2-original-imafpdv7nyz2qxnm.jpeg?q=70
1964,Carrier,Carrier 1.5 Ton 3 Star Split AC  - White,30999,https://rukminim1.flixcart.com/image/312/312/k7285u80/air-conditioner-new/z/j/n/18k-3-star-ester-neo-split-ac-cas18es3r30f0-1-5-split-fixed-original-imafpdv7sznz6ngh.jpeg?q=70
1965,Carrier,Carrier 1 Ton 3 Star Split AC  - White,27999,https://rukminim1.flixcart.com/image/312/312/k7285u80/air-conditioner-new/b/v/k/12k-3-star-ester-neo-split-ac-cas12es3r30f0-1-split-fixed-speed-original-imafpdv7agr7nh3g.jpeg?q=70
1966,Carrier,Carrier Hybridjet 1.5 Ton 3 Star Split Inverter AC  - White,36999,https://rukminim1.flixcart.com/image/312/312/ji0lbbk0/air-conditioner-new/t/7/n/18k-ester-cai18es3c8f0-1-5-inverter-carrier-original-imaf5wh9tgzcaujp.jpeg?q=70
1967,Carrier,Carrier 1.5 Ton 3 Star Split AC  - White,39600,https://rukminim1.flixcart.com/image/312/312/air-conditioner-new/f/q/z/1-5-carrier-split-42kge-018m-original-imaegepm57ynhnvb.jpeg?q=70
1968,Carrier,Carrier 1.5 Ton 3 Star Window AC  - White,25999,https://rukminim1.flixcart.com/image/312/312/jgo0ccw0/air-conditioner-new/n/z/a/18k-estra-3-star-cacw18ea3w1-1-5-window-carrier-original-imaf4uzmb8n5faap.jpeg?q=70
1969,Carrier,Carrier 2 Ton 3 Star Split Inverter AC  - White,44999,https://rukminim1.flixcart.com/image/312/312/k7285u80/air-conditioner-new/k/k/y/24k-3-star-ester-neo-i-inverter-r32-split-ac-cai24es3r30f0-2-original-imafpdv7zz5fchgu.jpeg?q=70
1970,Carrier,Carrier 2 Ton 3 Star Split Inverter AC  - White,45999,https://rukminim1.flixcart.com/image/312/312/jw0zr0w0/air-conditioner-new/c/s/z/12k-3-star-ester-hybridjet-inverter-r410a-i001-12k-3-star-original-imafesjfzxby2xfz.jpeg?q=70
1971,Carrier,Carrier 2 Ton Split AC  - White,43999,https://rukminim1.flixcart.com/image/312/312/k5wse4w0/air-conditioner-new/w/n/t/austra-neo-plus-2-split-fixed-speed-carrier-original-imafzhzzwzqfr68j.jpeg?q=70
1972,Carrier,Carrier 1.5 Ton 3 Star Window AC  - White,25900,https://rukminim1.flixcart.com/image/312/312/air-conditioner-new/u/x/5/1-5-carrier-window-18k-estrella-original-imaegyzj4nxy7ddh.jpeg?q=70
1973,Carrier,Carrier 1.5 Ton 3 Star Split AC  - White,34187,https://rukminim1.flixcart.com/image/312/312/juk4gi80/air-conditioner-new/u/u/9/durafresh-neo-cas18dn3r39f0-1-5-split-fixed-speed-carrier-original-imaffnhxuunvhuec.jpeg?q=70
1974,Carrier,Carrier 2 Ton 3 Star Split AC  - White,46900,https://rukminim1.flixcart.com/image/312/312/jw0zr0w0/air-conditioner-new/v/m/q/24k-3-star-fixed-speed-r32-odu-f005-24k-3-star-ester-neo-f005-2-original-imafesjfqufp765p.jpeg?q=70
1975,Carrier,Carrier 1 Ton 3 Star Split AC  - White,27999,https://rukminim1.flixcart.com/image/312/312/jsdj8nk0/air-conditioner-new/x/z/u/14k-ester-neo-f002-cas14es3r39f0-cf143r3cc90-1-2-split-carrier-original-imafdyhnmtpaugcz.jpeg?q=70
1976,Carrier,Carrier 1 Ton 3 Star Split Inverter AC  - White,31999,https://rukminim1.flixcart.com/image/312/312/jw0zr0w0/air-conditioner-new/c/s/z/12k-3-star-ester-hybridjet-inverter-r410a-i001-12k-3-star-original-imafesjfzxby2xfz.jpeg?q=70
1977,Carrier,Carrier 1.5 Ton 3 Star Split AC  - White,38500,https://rukminim1.flixcart.com/image/312/312/jjx6g7k0/air-conditioner-new/z/4/s/18k-durafresh-3-star-1-5-split-carrier-original-imaf7dusf8wx3fwk.jpeg?q=70
1978,Carrier,Carrier 1.5 Ton 3 Star Split AC  - White,37920,https://rukminim1.flixcart.com/image/312/312/jgy0fbk0/air-conditioner-new/n/n/7/durafresh-3i-1-split-carrier-original-imaf52uk5vusw46s.jpeg?q=70
1979,Carrier,Carrier 1.5 Ton 5 Star Window AC  - White,33799,https://rukminim1.flixcart.com/image/312/312/jflfgcw0/air-conditioner-new/8/u/x/18k-estra-5-star-caw18ea5n8f0-1-5-window-carrier-original-imaf4yufvccw7kbp.jpeg?q=70
1980,Carrier,Carrier 1 Ton 3 Star Window AC  - White,22899,https://rukminim1.flixcart.com/image/312/312/air-conditioner-new/8/k/d/1-carrier-window-12k-estrella-original-imaegyzkhhhhbeeg.jpeg?q=70
1981,Godrej,Godrej 1 Ton 3 Star Split AC  - White,24690,https://rukminim1.flixcart.com/image/312/312/jraycnk0/air-conditioner-new/d/w/c/ac-1t-gsc-12rtc3-wra-split-3s-1-split-godrej-original-imafd4zjzmaab4sg.jpeg?q=70
1982,Godrej,Godrej 1 Ton 5 Star Split Inverter AC  - White,31990,https://rukminim1.flixcart.com/image/312/312/jucz98w0/air-conditioner-new/b/u/r/ac-1t-gic-12gtc5-wsa-1-split-godrej-inverter-original-imaffgh5nhmhzghz.jpeg?q=70
1983,Godrej,Godrej 1 Ton 3 Star Split Inverter AC  - White,26990,https://rukminim1.flixcart.com/image/312/312/ju79hu80/air-conditioner-new/s/m/c/ac-1t-gic-12ftc3-wsa-split-3s-1-split-godrej-inverter-original-imaffdtzdfryu7gz.jpeg?q=70
1984,Godrej,Godrej 1.5 Ton 5 Star Split Inverter AC  - White,37490,https://rukminim1.flixcart.com/image/312/312/k612pow0/air-conditioner-new/m/n/3/ac-1-5t-gic-18htc5-wta-1-5-split-inverter-godrej-original-imafzhf35deuchtf.jpeg?q=70
1985,Godrej,Godrej 1 Ton 3 Star Window AC  - White,21039,https://rukminim1.flixcart.com/image/312/312/jtsz3bk0/air-conditioner-new/v/z/m/gwc-12dtc3-wsa-1-window-godrej-fixed-speed-original-imaff2gbejhchnhp.jpeg?q=70
1986,Godrej,Godrej 1.5 Ton 3 Star Split Inverter AC  - White,31498,https://rukminim1.flixcart.com/image/312/312/jepzrm80/air-conditioner-new/g/6/z/gic-18-rinv-3-dwqr-1-5-inverter-godrej-original-imaf3bnbfavacxtj.jpeg?q=70
1987,Godrej,Godrej 1.5 Ton 3 Star Split Inverter AC  - White,34999,https://rukminim1.flixcart.com/image/312/312/jraycnk0/air-conditioner-new/z/g/z/ac-1-5t-gic-18atc3-wsa-split-1-5-inverter-godrej-original-imafd4zjtyegyfjp.jpeg?q=70
1988,Godrej,Godrej 1.5 Ton 5 Star Split Inverter AC  - White,41990,https://rukminim1.flixcart.com/image/312/312/jtsz3bk0/air-conditioner-new/n/s/b/gic-18mtc5-wsa-1-5-split-godrej-inverter-original-imaff2gbh85mg83g.jpeg?q=70
1989,Godrej,Godrej 1.5 Ton 3 Star Split AC  - White,28490,https://rukminim1.flixcart.com/image/312/312/jeiukcw0/air-conditioner-new/y/m/g/gsc-18-sgn-3-cwqr-1-5-split-godrej-original-imaf378trnz5kt8x.jpeg?q=70
1990,Godrej,Godrej 1.5 Ton 5 Star Split Inverter AC  - White,38499,https://rukminim1.flixcart.com/image/312/312/jraycnk0/air-conditioner-new/6/x/b/ac-1-5t-gic18-lah-5-gwqg-split-1-5-inverter-godrej-original-imafd4zjyge3kc4v.jpeg?q=70
1991,Godrej,Godrej 1 Ton 5 Star Window AC  - White,23400,https://rukminim1.flixcart.com/image/312/312/jv2p6kw0/air-conditioner-new/s/c/z/gwc-12utc5-wsa-1-window-godrej-fixed-speed-original-imafg2cdzqbbgmx5.jpeg?q=70
1992,Godrej,Godrej 2 Ton 5 Star Split Inverter AC  - White,55000,https://rukminim1.flixcart.com/image/312/312/jraycnk0/air-conditioner-new/y/7/b/ac-2t-gic-24-mgp5-wra-split-5s-2-inverter-godrej-original-imafd4zkrbu2hkzd.jpeg?q=70
1993,Godrej,Godrej 1.5 Ton 3 Star Split Inverter AC  - White,33710,https://rukminim1.flixcart.com/image/312/312/jezzukw0/air-conditioner-new/4/y/b/gsc-18-aminv-3-rwqm-1-5-split-godrej-original-imaf3ke7hagsqhr3.jpeg?q=70
1994,Godrej,Godrej 1.5 Ton 3 Star Split AC  - White,30999,https://rukminim1.flixcart.com/image/312/312/jtsz3bk0/air-conditioner-new/v/2/t/gsc-18ltc3-wsa-1-5-split-godrej-inverter-original-imaff2gb6vb6cngj.jpeg?q=70
1995,Godrej,Godrej 1.5 Ton 5 Star Window AC  - White,26343,https://rukminim1.flixcart.com/image/312/312/jv19qq80/air-conditioner-new/y/g/e/ac-1-5t-gwc-18dtc5-wsa-1-5-window-godrej-fixed-speed-original-imaffxyrfg9rryjg.jpeg?q=70
1996,Godrej,Godrej 1.5 Ton 3 Star Split AC  - White,30955,https://rukminim1.flixcart.com/image/312/312/jraycnk0/air-conditioner-new/x/d/a/ac-1-5t-gsc-18atc3-wsa-split-1-5-split-godrej-original-imafd4zjhrhdqe63.jpeg?q=70
1997,Godrej,Godrej 1.5 Ton 3 Star Split Inverter AC  - White,32499,https://rukminim1.flixcart.com/image/312/312/jwpa8i80/air-conditioner-new/m/g/h/gic-18wtc3-wsb-1-5-split-inverter-godrej-original-imafhbm5dbkyhwrm.jpeg?q=70
1998,Godrej,Godrej 1.5 Ton 3 Star Split Inverter AC  - White,33750,https://rukminim1.flixcart.com/image/312/312/jt395zk0/air-conditioner-new/w/v/5/gic18tinv3-1-5-inverter-godrej-original-imafegggy7aar7cw.jpeg?q=70
1999,Godrej,Godrej 1.5 Ton 3 Star Split Inverter AC  - White,34999,https://rukminim1.flixcart.com/image/312/312/ju79hu80/air-conditioner-new/v/n/p/ac-1-5t-gic-18otc3-wsa-split-1-5-split-godrej-fixed-speed-original-imaffdtzmjp2vjzh.jpeg?q=70
2000,Godrej,Godrej 1.5 Ton 3 Star Split AC  - White,29999,https://rukminim1.flixcart.com/image/312/312/jwpa8i80/air-conditioner-new/g/p/t/gsc-18ktc3-wsa-1-5-split-inverter-godrej-original-imafhbm5agmxsbju.jpeg?q=70
2001,Godrej,Godrej 1 Ton 3 Star Split AC  - White,27999,https://rukminim1.flixcart.com/image/312/312/jraycnk0/air-conditioner-new/n/y/j/ac-1t-gsc-12atc3-wsa-split-3s-1-split-godrej-original-imafd4zjby3y93bd.jpeg?q=70
2002,Godrej,Godrej 1.5 Ton 5 Star Split Inverter AC  - White,38990,https://rukminim1.flixcart.com/image/312/312/jws547k0/air-conditioner-new/2/f/7/gic-18etc5-wsa-1-5-split-inverter-godrej-original-imafhbnaerjfezgd.jpeg?q=70
2003,Godrej,Godrej 1 Ton 3 Star Split AC  - White,24900,https://rukminim1.flixcart.com/image/312/312/ju79hu80/air-conditioner-new/c/w/v/ac-1t-gsc-12otc3-wsa-split-3s-1-split-godrej-fixed-speed-original-imaffdtzgfur8gfv.jpeg?q=70
2004,Godrej,"Godrej 1.25 Ton 3 Star Split Inverter AC  - White, Brown",27999,https://rukminim1.flixcart.com/image/312/312/k612pow0/air-conditioner-new/m/2/j/ac-1-25t-gic-15stc3-wta-1-25-split-inverter-godrej-original-imafzhf3vhzhb3r6.jpeg?q=70
2005,Haier,Haier 1 Ton 2 Star Split AC  - White,23990,https://rukminim1.flixcart.com/image/312/312/jg2kqkw0/air-conditioner-new/3/p/4/hsu-12tcs2cn-1-split-haier-original-imaf4ecfqzk7h4wm.jpeg?q=70
2006,Haier,Haier 1.5 Ton 2 Star Split AC  - White,27490,https://rukminim1.flixcart.com/image/312/312/jg2kqkw0/air-conditioner-new/3/p/4/hsu-12tcs2cn-1-split-haier-original-imaf4ecfqzk7h4wm.jpeg?q=70
2007,Haier,Haier 1 Ton 3 Star Split Inverter AC  - White,30389,https://rukminim1.flixcart.com/image/312/312/jg2kqkw0/air-conditioner-new/k/t/r/hsu-18nrg3-1-5-inverter-haier-original-imaf4eef4csv2e27.jpeg?q=70
2008,Haier,Haier 1.5 Ton 3 Star Split Inverter AC  - White,33599,https://rukminim1.flixcart.com/image/312/312/jg2kqkw0/air-conditioner-new/k/t/r/hsu-18nrg3-1-5-inverter-haier-original-imaf4eef4csv2e27.jpeg?q=70
2009,IFB,IFB 1.5 Ton 3 Star Split Inverter AC  - White,33462,https://rukminim1.flixcart.com/image/312/312/jf1fafk0/air-conditioner-new/n/a/8/iacc18ia3t4c-1-5-inverter-ifb-original-imaf3k5ehnyhfm8m.jpeg?q=70
2010,IFB,IFB 2 Ton 3 Star Split AC  - White,42999,https://rukminim1.flixcart.com/image/312/312/jf1fafk0/air-conditioner-new/4/g/p/iafs24xa3t4c-2-split-ifb-original-imaf3k5euna3msup.jpeg?q=70
2011,IFB,IFB 1.5 Ton 5 Star Split Inverter AC  - White,37988,https://rukminim1.flixcart.com/image/312/312/k0r15e80/air-conditioner-new/y/u/x/iaci18x95t3c-1-5-split-inverter-ifb-original-imafkhgh4h6ehbdg.jpeg?q=70
2012,IFB,IFB 1.5 Ton 3 Star Split Inverter AC  - White,35490,https://rukminim1.flixcart.com/image/312/312/k0r15e80/air-conditioner-new/k/f/s/iaci18x83t3c-1-5-split-inverter-ifb-original-imafkhghrthasrpf.jpeg?q=70
2013,IFB,IFB 2 Ton 3 Star Split Inverter AC  - White,55703,https://rukminim1.flixcart.com/image/312/312/k0r15e80/air-conditioner-new/u/d/y/iahc24jc3t4c-2-split-inverter-ifb-original-imafkhghgzsykqjz.jpeg?q=70
2014,IFB,IFB 1.5 Ton 3 Star Split AC  - White,35900,https://rukminim1.flixcart.com/image/312/312/jf1fafk0/air-conditioner-new/b/5/n/iafs18xa3t3c-1-5-split-ifb-original-imaf3k5dygmja5wz.jpeg?q=70
2015,IFB,IFB 1 Ton 3 Star Split AC  - White,28500,https://rukminim1.flixcart.com/image/312/312/j29bi4w0/air-conditioner-new/d/x/j/iacs12ka3tgc-1-split-ifb-original-imaetnzfjqhyuhdx.jpeg?q=70
2016,IFB,IFB 1.5 Ton 2 Star Split AC  - White,30000,https://rukminim1.flixcart.com/image/312/312/air-conditioner-new/t/g/g/1-5-ifb-split-iacs18ak2tc-original-imaegy8ruxnkmyfs.jpeg?q=70
2017,IFB,IFB 1 Ton 3 Star Split AC  - White,28500,https://rukminim1.flixcart.com/image/312/312/k0r15e80/air-conditioner-new/q/p/p/iafs12xa3t3c-1-split-inverter-ifb-original-imafkhghug5yzdxk.jpeg?q=70
2018,IFB,IFB 2 Ton 3 Star Split Inverter AC  - White,47700,https://rukminim1.flixcart.com/image/312/312/k0r15e80/air-conditioner-new/q/w/8/iaci24x83t3c-2-split-inverter-ifb-original-imafkhggahsvfeyc.jpeg?q=70
2019,Impex,Impex 1 Ton 3 Star Split Inverter AC  - White,41250,https://rukminim1.flixcart.com/image/312/312/jxnksy80/air-conditioner-new/z/h/k/i10ce-1-split-inverter-impex-original-imafg2gms8pr9djp.jpeg?q=70
2020,Intex,Intex 1.5 Ton 5 Star Window AC  - White,25000,https://rukminim1.flixcart.com/image/312/312/jvfk58w0/air-conditioner-new/t/5/w/inw18cu5l-2w-1-5-window-fixed-speed-intex-original-imafgc2hrmng2npb.jpeg?q=70
2021,Intex,Intex 1.5 Ton 3 Star Window AC  - White,25000,https://rukminim1.flixcart.com/image/312/312/jvfk58w0/air-conditioner-new/b/g/v/inw18cu3l-2w-1-5-window-fixed-speed-intex-original-imafg8w3qcygukg3.jpeg?q=70
2022,Intex,Intex 1.5 Ton 3 Star Split AC  - White,31256,https://rukminim1.flixcart.com/image/312/312/jh0vb0w0/air-conditioner-new/g/f/y/ins18cu7l-4w-1-5-split-intex-original-imaf55fsfuurensh.jpeg?q=70
2023,Koryo,Koryo 1.5 Ton 3 Star Split Inverter AC  - White,32990,https://rukminim1.flixcart.com/image/312/312/jtltw280/air-conditioner-new/v/g/u/fwksifg2012a3s-inf12-1-split-koryo-inverter-original-imafetvhwjfsekc3.jpeg?q=70
2024,Koryo,"Koryo 1.5 Ton 3 Star Split Inverter AC  - Red, White",36399,https://rukminim1.flixcart.com/image/312/312/jtd98y80/air-conditioner-new/b/p/z/irgksiao1818a3s-inrg18-1-5-split-koryo-original-imafeqgmb98fyppk.jpeg?q=70
2025,Koryo,"Koryo 2 Ton 3 Star Split AC  - Gold, White",51299,https://rukminim1.flixcart.com/image/312/312/jtd98y80/air-conditioner-new/z/9/m/iggksiao1818a3s-ingg18-1-5-split-koryo-original-imafeqgm2xfa9zxn.jpeg?q=70
2026,Koryo,Koryo 1.5 Ton 3 Star Split Inverter AC  - White,34990,https://rukminim1.flixcart.com/image/312/312/jthjki80/air-conditioner-new/u/t/j/ibksiao1818a3s-inb18-1-5-inverter-koryo-original-imafetvhhssmgqz9.jpeg?q=70
2027,Koryo,"Koryo 1.5 Ton 3 Star Split Inverter AC  - Gold, White",36399,https://rukminim1.flixcart.com/image/312/312/jtd98y80/air-conditioner-new/z/9/m/iggksiao1818a3s-ingg18-1-5-split-koryo-original-imafeqgm2xfa9zxn.jpeg?q=70
2028,Koryo,Koryo 1 Ton 3 Star Split Inverter AC  - White,26490,https://rukminim1.flixcart.com/image/312/312/jxxkvww0/air-conditioner-new/h/3/a/isksiao2012a3s-ins12-1-split-inverter-koryo-original-imafga9gqahfyhzf.jpeg?q=70
2029,Koryo,Koryo 1.5 Ton 5 Star Split Inverter AC  - White,39990,https://rukminim1.flixcart.com/image/312/312/jthjki80/air-conditioner-new/h/t/g/uwksifg1912a5s-inw12-1-inverter-koryo-original-imafetwagvrfn2g4.jpeg?q=70
2030,Koryo,Koryo 2 Ton 3 Star Split Inverter AC  - White,48199,https://rukminim1.flixcart.com/image/312/312/jtd98y80/air-conditioner-new/e/z/y/isksiao2024a3s-ins24-2-split-koryo-original-imafeqgnqxmud7gm.jpeg?q=70
2031,Koryo,Koryo 1.5 Ton 3 Star Split Inverter AC  - White,31599,https://rukminim1.flixcart.com/image/312/312/jxxkvww0/air-conditioner-new/h/3/a/isksiao2012a3s-ins12-1-split-inverter-koryo-original-imafga9gqahfyhzf.jpeg?q=70
2032,Koryo,Koryo by Big Bazaar 1.5 Ton 5 Star Split Inverter AC  - White,43999,https://rukminim1.flixcart.com/image/312/312/jxxkvww0/air-conditioner-new/u/r/w/dwksifg2018a5s-ind18-1-5-split-inverter-koryo-original-imafga9gt6ahy3sy.jpeg?q=70
2033,Koryo,Koryo by Big Bazaar 1 Ton 5 Star Split Inverter AC  - White,34999,https://rukminim1.flixcart.com/image/312/312/jxxkvww0/air-conditioner-new/u/r/w/dwksifg2018a5s-ind18-1-5-split-inverter-koryo-original-imafga9gt6ahy3sy.jpeg?q=70
2034,Koryo,Koryo 1.2 Ton Portable AC  - White,26999,https://rukminim1.flixcart.com/image/312/312/jxxkvww0/air-conditioner-new/a/h/e/kpa15fg-1-2-portable-fixed-speed-koryo-original-imafga9hzdyp2fqa.jpeg?q=70
2035,Koryo,"Koryo 1 Ton 3 Star Split Inverter AC  - Gold, White",29990,https://rukminim1.flixcart.com/image/312/312/jtd98y80/air-conditioner-new/z/9/m/iggksiao1818a3s-ingg18-1-5-split-koryo-original-imafeqgm2xfa9zxn.jpeg?q=70
2036,Koryo,Koryo 1 Ton 5 Star Split Inverter AC  - White,36990,https://rukminim1.flixcart.com/image/312/312/jthjki80/air-conditioner-new/h/t/g/uwksifg1912a5s-inw12-1-inverter-koryo-original-imafetwagvrfn2g4.jpeg?q=70
2037,Koryo,"Koryo 1 Ton 3 Star Split Inverter AC  - Red, White",30299,https://rukminim1.flixcart.com/image/312/312/jtd98y80/air-conditioner-new/b/p/z/irgksiao1818a3s-inrg18-1-5-split-koryo-original-imafeqgmb98fyppk.jpeg?q=70
2038,Koryo,Koryo 1.5 Ton 5 Star Window AC  - White,27990,https://rukminim1.flixcart.com/image/312/312/jtd98y80/air-conditioner-new/j/9/r/kwr18ml5s-1-5-window-koryo-original-imafeqgmkrcyxyxd.jpeg?q=70
2039,Livpure,Livpure 1.5 Ton 3 Star Split Inverter AC with Wi-fi Connect  - White,33999,https://rukminim1.flixcart.com/image/312/312/jvfk58w0/air-conditioner-new/6/c/x/hks-in18k5s19a-1-5-split-inverter-livpure-original-imafgceycvxhhvzf.jpeg?q=70
2040,Livpure,Livpure 1.5 Ton 5 Star Split Inverter AC with Wi-fi Connect  - White,36999,https://rukminim1.flixcart.com/image/312/312/jvfk58w0/air-conditioner-new/6/c/x/hks-in18k5s19a-1-5-split-inverter-livpure-original-imafgceycvxhhvzf.jpeg?q=70
2041,Livpure,Livpure 1 Ton 3 Star Split Inverter AC with Wi-fi Connect  - White,28499,//img1a.flixcart.com/www/linchpin/fk-cp-zion/img/placeholder_9951d0.svg
2042,Lumx,Lumx 1.5 Ton 3 Star Split AC  - White,23990,https://rukminim1.flixcart.com/image/312/312/jxjahe80/air-conditioner-new/x/g/4/lx183cuhd-1-5-split-fixed-speed-lumx-original-imafhz9qdexhyhgr.jpeg?q=70
2043,Micromax,Micromax 1 Ton 3 Star Split AC  - White,27700,https://rukminim1.flixcart.com/image/312/312/jepzrm80/air-conditioner-new/h/t/a/acs18c3c4qs3wh-1-5-split-micromax-original-imaf3cau7pgmfkga.jpeg?q=70
2044,Micromax,Micromax 1 Ton 3 Star Split AC  - White,24999,https://rukminim1.flixcart.com/image/312/312/jsoyrgw0/air-conditioner-new/r/w/r/acs12c3t3qs6wh-1-split-micromax-original-imafe7zwygzh9gdq.jpeg?q=70
2045,Micromax,Micromax 1.5 Ton 3 Star Split Inverter AC  - White,41175,https://rukminim1.flixcart.com/image/312/312/jepzrm80/air-conditioner-new/9/u/p/aci18c3a3qs2wh-1-5-split-micromax-original-imaf3cauucxkwuhn.jpeg?q=70
2046,Midea,Midea 1 Ton 3 Star Split AC  - White,21999,https://rukminim1.flixcart.com/image/312/312/jw0zr0w0/air-conditioner-new/r/u/m/18k-santis-pro-cls-r32-mf002-mas18sc3r39f0-mf183r3ac90-1-5-split-original-imafesjfgaghkarx.jpeg?q=70
2047,Midea,Midea 1.5 Ton 3 Star Split AC  - White,27999,https://rukminim1.flixcart.com/image/312/312/ju1jqfk0/air-conditioner-new/p/p/9/18k-3-star-santis-pro-r32-mf004-fixed-speed-r32-odu-mf004-1-5-original-imafestzhmdpdyxt.jpeg?q=70
2048,Midea,Midea 1 Ton 3 Star Split Inverter AC  - White,24999,https://rukminim1.flixcart.com/image/312/312/jtrjngw0/air-conditioner-new/v/p/w/12k-3-star-santis-pro-dlx-inverter-r410a-mi001-12k-3-star-original-imafesj2vuyrkjsn.jpeg?q=70
2049,Midea,Midea 1.5 Ton 5 Star Split Inverter AC  - White,33999,https://rukminim1.flixcart.com/image/312/312/jt8yxe80/air-conditioner-new/j/b/w/18k-santis-pro-ryl-r32-mi005-mai18sr5r39f0-mi185r3cc90-1-5-original-imafen2qa7unbuvg.jpeg?q=70
2050,Midea,Midea 1.5 Ton 3 Star Split Inverter AC  - White,29999,https://rukminim1.flixcart.com/image/312/312/jw0zr0w0/air-conditioner-new/e/d/2/24k-3-star-santis-pro-dlx-inverter-r410a-mi003-24k-3-star-inv-original-imafesj2zvuqkcrd.jpeg?q=70
2051,Midea,Midea 2 Ton 3 Star Split Inverter AC  - White,41999,https://rukminim1.flixcart.com/image/312/312/jw0zr0w0/air-conditioner-new/e/d/2/24k-3-star-santis-pro-dlx-inverter-r410a-mi003-24k-3-star-inv-original-imafesj2zvuqkcrd.jpeg?q=70
2052,Midea,Midea 1.5 Ton 3 Star Split Inverter AC  - White,29999,https://rukminim1.flixcart.com/image/312/312/jtyouq80/air-conditioner-new/d/h/f/18k-3-star-santis-pro-ryl-inverter-r32-mi009-18k-3-star-inverter-original-imaff727cdk6ajhf.jpeg?q=70
2053,Midea,Midea 2 Ton 3 Star Split AC  - White,39999,https://rukminim1.flixcart.com/image/312/312/jtoorrk0/air-conditioner-new/w/c/p/24k-3-star-santis-pro-cls-r32-split-ac-mf003-24k-3-star-fixed-original-imafezhktfetz7fd.jpeg?q=70
2054,Midea,Midea 1 Ton 5 Star Split Inverter AC  - White,31999,https://rukminim1.flixcart.com/image/312/312/jw0zr0w0/air-conditioner-new/9/v/p/12k-5-star-santis-pro-ryl-r32-split-ac-mi004-mai12sr5r39f0-original-imaff635yfrhgqpr.jpeg?q=70
2055,Mitashi,Mitashi 1 Ton 3 Star Split Inverter AC  - White,28999,https://rukminim1.flixcart.com/image/312/312/ju1jqfk0/air-conditioner-new/r/y/t/misac103invxhd-1-split-mitashi-inverter-original-imaff9fnysbyuk84.jpeg?q=70
2056,Mitashi,Mitashi 1 Ton 5 Star Split Inverter AC  - White,28999,https://rukminim1.flixcart.com/image/312/312/jsxjekw0/air-conditioner-new/m/g/w/misac105inv35-1-inverter-mitashi-original-imafee9ahd5dfezq.jpeg?q=70
2057,O-General,O-General 1.5 Ton 3 Star Window AC  - White,36880,https://rukminim1.flixcart.com/image/312/312/ju04akw0/air-conditioner-new/w/m/x/axgt18fhtc-b-1-5-window-o-general-fixed-speed-original-imaff8crb5xqyecr.jpeg?q=70
2058,O-General,O-General 1.5 Ton 3 Star Split AC  - White,52800,https://rukminim1.flixcart.com/image/312/312/jepzrm80/air-conditioner-new/a/4/t/asga22fttc-ftta-1-8-split-o-general-original-imaf3c9w9nbztbgj.jpeg?q=70
2059,O-General,O-General 1.8 Ton 3 Star Split AC  - White,65300,https://rukminim1.flixcart.com/image/312/312/jepzrm80/air-conditioner-new/a/4/t/asga22fttc-ftta-1-8-split-o-general-original-imaf3c9w9nbztbgj.jpeg?q=70
2060,O-General,O-General 1.1 Ton 4 Star Window AC  - White,33800,https://rukminim1.flixcart.com/image/312/312/ju04akw0/air-conditioner-new/z/y/w/amgb12fawa-v-1-1-window-o-general-fixed-speed-original-imaff8crhwvfv8ny.jpeg?q=70
2061,O-General,O-General 1.5 Ton 5 Star Split AC  - White,61000,https://rukminim1.flixcart.com/image/312/312/air-conditioner-new/m/y/y/2-o-general-split-asga24jcc-original-imadwhfhn5ghudzj.jpeg?q=70
2062,Onida,Onida 1.5 Ton 3 Star Split Dual Inverter AC  - White,28499,https://rukminim1.flixcart.com/image/312/312/k55n0y80/air-conditioner-new/t/x/z/ir185rho-1-5-split-dual-inverter-onida-original-imafnphfauxd5j8e.jpeg?q=70
2063,Onida,Onida 1 Ton 3 Star Split Inverter AC  - White,23999,https://rukminim1.flixcart.com/image/312/312/k547l3k0/air-conditioner-new/z/f/q/ir123rho-1-split-inverter-onida-original-imafnphfzrvbhpym.jpeg?q=70
2064,Onida,Onida 1.5 Ton 5 Star Split Dual Inverter AC  - White,31999,https://rukminim1.flixcart.com/image/312/312/k55n0y80/air-conditioner-new/t/x/z/ir185rho-1-5-split-dual-inverter-onida-original-imafnphfauxd5j8e.jpeg?q=70
2065,Onida,Onida 2 Ton 3 Star Split Dual Inverter AC  - White,36999,https://rukminim1.flixcart.com/image/312/312/k55n0y80/air-conditioner-new/t/x/z/ir185rho-1-5-split-dual-inverter-onida-original-imafnphfauxd5j8e.jpeg?q=70
2066,Onida,"Onida 1.5 Ton 3 Star Split Inverter AC  - White, Gold",35950,https://rukminim1.flixcart.com/image/312/312/air-conditioner-new/7/a/x/sa123gdr-1-split-onida-original-imaerv9nj2hyyh8h.jpeg?q=70
2067,Onida,Onida 1.5 Ton 3 Star Split AC  - White,32990,https://rukminim1.flixcart.com/image/312/312/jgpfs7k0/air-conditioner-new/s/f/t/sr242idm-2-split-onida-original-imaf4vupaubnghfc.jpeg?q=70
2068,Onida,Onida 1.5 Ton 3 Star Split Inverter AC  - White,37559,https://rukminim1.flixcart.com/image/312/312/jgpfs7k0/air-conditioner-new/c/g/w/ir183onx-1-5-split-onida-original-imaf4vupcgy2zzkf.jpeg?q=70
2069,Onida,Onida 1 Ton 3 Star Split Inverter AC  - White,29450,https://rukminim1.flixcart.com/image/312/312/air-conditioner-new/d/5/x/1-2-onida-split-deco-flat-new-inv12dla-original-imaegnmgr6zqsfwz.jpeg?q=70
2070,Onida,"Onida 1.5 Ton 3 Star Split Inverter AC with Wi-fi Connect  - Silver, White",37999,https://rukminim1.flixcart.com/image/312/312/jua4djk0/air-conditioner-new/p/r/e/ir183gno-1-5-split-onida-inverter-original-imaffgf3h6yqcw3f.jpeg?q=70
2071,Onida,Onida 1 Ton 5 Star Split Inverter AC  - White,32959,https://rukminim1.flixcart.com/image/312/312/jehf4i80/air-conditioner-new/8/w/s/ir125irs-1-inverter-onida-original-imaf35z2bhquumu3.jpeg?q=70
2072,Onida,Onida 1.5 Ton 5 Star Split Inverter AC  - White,39950,https://rukminim1.flixcart.com/image/312/312/ju2z6a80/air-conditioner-new/z/b/t/ir185irs-1-5-split-onida-fixed-speed-original-imaffah4arbgyzjv.jpeg?q=70
2073,Onida,"Onida 1 Ton 3 Star Split Inverter AC with Wi-fi Connect  - Silver, White",32499,https://rukminim1.flixcart.com/image/312/312/jua4djk0/air-conditioner-new/p/r/e/ir183gno-1-5-split-onida-inverter-original-imaffgf3h6yqcw3f.jpeg?q=70
2074,Onida,Onida 1.5 Ton 3 Star Split AC  - White,33990,https://rukminim1.flixcart.com/image/312/312/jgpfs7k0/air-conditioner-new/z/a/h/ia243gdr-2-split-onida-original-imaf4vup68srg8b7.jpeg?q=70
2075,Onida,Onida 1.5 Ton 3 Star Split Inverter AC  - White,31999,https://rukminim1.flixcart.com/image/312/312/jtn9bww0/air-conditioner-new/x/x/h/ir183irs-1-5-split-onida-fixed-speed-original-imafeyb6fqzxtzgf.jpeg?q=70
2076,Onida,Onida 1 Ton 3 Star Split Inverter AC  - White,26999,https://rukminim1.flixcart.com/image/312/312/jpcxrww0/air-conditioner-new/e/t/x/ia183ctl-1-5-inverter-onida-original-imafbmynntax3ush.jpeg?q=70
2077,Onida,Onida 1.5 Ton 5 Star Split Inverter AC  - White,34999,https://rukminim1.flixcart.com/image/312/312/jf751u80/air-conditioner-new/j/y/q/ir185onx-t-1-5-inverter-onida-original-imaf3pswawbndgys.jpeg?q=70
2078,Onida,Onida 2 Ton 3 Star Split AC  - White,47699,https://rukminim1.flixcart.com/image/312/312/jgpfs7k0/air-conditioner-new/x/v/j/ia245slk-1-split-onida-original-imaf4vupcgpnhsdf.jpeg?q=70
2079,Onida,Onida 2 Ton 5 Star Split AC  - White,63990,https://rukminim1.flixcart.com/image/312/312/jgpfs7k0/air-conditioner-new/m/y/7/ir123xnn-1-split-onida-original-imaf4vuprzxd8efh.jpeg?q=70
2080,Onida,Onida 1 Ton 3 Star Split AC  - White,24499,https://rukminim1.flixcart.com/image/312/312/jgpfs7k0/air-conditioner-new/n/n/j/sr183wav-2-split-onida-original-imaf4vupyzbhftcm.jpeg?q=70
2081,Panasonic,Panasonic 1 Ton 3 Star Split AC  - White,23999,https://rukminim1.flixcart.com/image/312/312/k6wiefk0/air-conditioner-new/r/r/w/cs-cu-yn12wkym-1-split-fixed-speed-panasonic-original-imafp9hhhatbyezd.jpeg?q=70
2082,Panasonic,Panasonic 1.5 Ton 3 Star Split AC  - White,27999,https://rukminim1.flixcart.com/image/312/312/k6zda4w0/air-conditioner-new/y/w/t/cs-cu-yn18wkym-1-5-split-fixed-speed-panasonic-original-imafpbg4udbfyqgc.jpeg?q=70
2083,Panasonic,Panasonic 1.5 Ton 5 Star Split Twin Cool Inverter AC - White,40999,https://rukminim1.flixcart.com/image/312/312/k79dd3k0/air-conditioner-new/8/e/r/cs-cu-su18wkyw-1-5-split-inverter-panasonic-original-imafpjgetq3vgzgd.jpeg?q=70
2084,Panasonic,Panasonic 2 Ton 5 Star Split Twin Cool Inverter AC - White,50999,https://rukminim1.flixcart.com/image/312/312/k79dd3k0/air-conditioner-new/8/e/r/cs-cu-su18wkyw-1-5-split-inverter-panasonic-original-imafpjgetq3vgzgd.jpeg?q=70
2085,Panasonic,Panasonic 1 Ton 3 Star Split Inverter AC with Wi-fi Connect  - White,30999,https://rukminim1.flixcart.com/image/312/312/k79dd3k0/air-conditioner-new/8/e/r/cs-cu-su18wkyw-1-5-split-inverter-panasonic-original-imafpjgetq3vgzgd.jpeg?q=70
2086,Panasonic,Panasonic 1.5 Ton 3 Star Split Twin Cool Inverter AC - White,31999,https://rukminim1.flixcart.com/image/312/312/k6wiefk0/air-conditioner-new/y/2/q/cs-cu-yu12wkym-1-split-inverter-panasonic-original-imafp9kszh7ffbj7.jpeg?q=70
2087,Panasonic,Panasonic 1 Ton 3 Star Split Inverter AC  - White,27499,https://rukminim1.flixcart.com/image/312/312/k6wiefk0/air-conditioner-new/y/2/q/cs-cu-yu12wkym-1-split-inverter-panasonic-original-imafp9kszh7ffbj7.jpeg?q=70
2088,Panasonic,Panasonic 1.5 Ton 3 Star Split AC  - White,40900,https://rukminim1.flixcart.com/image/312/312/jgffp8w0/air-conditioner-new/d/k/b/cs-cu-sc24sky5-2-split-panasonic-original-imaf4gb8rxyyakgn.jpeg?q=70
2089,Panasonic,Panasonic 1.5 Ton 3 Star Split Inverter AC  - White,37599,https://rukminim1.flixcart.com/image/312/312/jtd98y80/air-conditioner-new/a/h/g/cs-cu-ru18vkyw-1-5-inverter-panasonic-original-imafeqbrfh8srygt.jpeg?q=70
2090,Panasonic,Panasonic 2 Ton 3 Star Split Inverter AC  - White,45499,https://rukminim1.flixcart.com/image/312/312/jsxjekw0/air-conditioner-new/n/r/m/cs-cu-ru24vkyw-2-inverter-panasonic-original-imafee2yzakyyzqg.jpeg?q=70
2091,Panasonic,Panasonic 1.5 Ton 5 Star Split Inverter AC  - White,36999,https://rukminim1.flixcart.com/image/312/312/k6wiefk0/air-conditioner-new/g/9/y/cs-cu-nu18wkym-1-5-split-inverter-panasonic-original-imafp9kssh69cqwx.jpeg?q=70
2092,Panasonic,Panasonic 1.5 Ton 3 Star Split Twin Cool Inverter AC - White,36999,https://rukminim1.flixcart.com/image/312/312/k79dd3k0/air-conditioner-new/8/e/r/cs-cu-su18wkyw-1-5-split-inverter-panasonic-original-imafpjgetq3vgzgd.jpeg?q=70
2093,Panasonic,Panasonic 1.5 Ton 3 Star Split Inverter AC  - White,38999,https://rukminim1.flixcart.com/image/312/312/jsxjekw0/air-conditioner-new/m/h/w/cs-cu-ru18vkytw-1-5-inverter-panasonic-original-imafee2yfp3rdsm6.jpeg?q=70
2094,Panasonic,Panasonic 1.5 Ton 3 Star Split AC  - White,36998,https://rukminim1.flixcart.com/image/312/312/jgy0fbk0/air-conditioner-new/k/9/g/qn18uky-1-5-split-panasonic-original-imaf52ukrgsvzayu.jpeg?q=70
2095,Panasonic,Panasonic 1.5 Ton 3 Star Split Inverter AC with Wi-fi Connect  - White,35999,//img1a.flixcart.com/www/linchpin/fk-cp-zion/img/placeholder_9951d0.svg
2096,Panasonic,Panasonic 1.5 Ton 3 Star Split AC  - White,41500,//img1a.flixcart.com/www/linchpin/fk-cp-zion/img/placeholder_9951d0.svg
2097,Panasonic,Panasonic 1.5 Ton 3 Star Window AC  - White,23999,//img1a.flixcart.com/www/linchpin/fk-cp-zion/img/placeholder_9951d0.svg
2098,Panasonic,Panasonic 1 Ton 5 Star Window AC  - White,23999,//img1a.flixcart.com/www/linchpin/fk-cp-zion/img/placeholder_9951d0.svg
2099,Panasonic,Panasonic 1 Ton 3 Star Split Inverter AC  - White,30490,//img1a.flixcart.com/www/linchpin/fk-cp-zion/img/placeholder_9951d0.svg
2100,Panasonic,Panasonic 1 Ton 5 Star Split Inverter AC  - White,35499,//img1a.flixcart.com/www/linchpin/fk-cp-zion/img/placeholder_9951d0.svg
2101,Panasonic,Panasonic 1 Ton 3 Star Split AC  - White,27999,//img1a.flixcart.com/www/linchpin/fk-cp-zion/img/placeholder_9951d0.svg
2102,Panasonic,Panasonic 1 Ton 5 Star Split Inverter AC  - White,35999,//img1a.flixcart.com/www/linchpin/fk-cp-zion/img/placeholder_9951d0.svg
2103,Panasonic,Panasonic 1.2 Ton 3 Star Split AC  - White,35469,//img1a.flixcart.com/www/linchpin/fk-cp-zion/img/placeholder_9951d0.svg
2104,Panasonic,Panasonic 1.5 Ton 5 Star Split Inverter AC  - White,42999,//img1a.flixcart.com/www/linchpin/fk-cp-zion/img/placeholder_9951d0.svg
2105,Sansui,Sansui 1.5 Ton 5 Star Split Triple Inverter AC  - White,29999,https://rukminim1.flixcart.com/image/312/312/k1jlyfk0/air-conditioner-new/7/r/4/sac155sia-1-5-split-triple-inverter-sansui-original-imafh3feat25pnhj.jpeg?q=70
2106,Sansui,Sansui 1.5 Ton 3 Star Split AC  - White,24499,https://rukminim1.flixcart.com/image/312/312/k1jlyfk0/air-conditioner-new/p/t/y/sac153sfa-1-5-split-fixed-speed-sansui-original-imafh3fegc5dbwzg.jpeg?q=70
2107,Sansui,Sansui 1 Ton 5 Star Split Inverter AC  - White,28999,https://rukminim1.flixcart.com/image/312/312/k1jlyfk0/air-conditioner-new/9/b/g/sac105sia-1-split-inverter-sansui-original-imafh3feecyyzzft.jpeg?q=70
2108,Sansui,Sansui 1.5 Ton 3 Star Split Triple Inverter AC  - White,25999,https://rukminim1.flixcart.com/image/312/312/k1jlyfk0/air-conditioner-new/g/n/9/sac153sia-1-5-split-triple-inverter-sansui-original-imafh3fenzmvg8kr.jpeg?q=70
2109,Sansui,Sansui 1 Ton 3 Star Split AC  - White,21999,https://rukminim1.flixcart.com/image/312/312/k1jlyfk0/air-conditioner-new/9/w/s/sac103sfa-1-split-fixed-speed-sansui-original-imafh3feffae7zvy.jpeg?q=70
2110,Sansui,Sansui 1 Ton 3 Star Split Inverter AC  - White,23499,https://rukminim1.flixcart.com/image/312/312/k1jlyfk0/air-conditioner-new/m/6/q/sac103sia-1-split-inverter-sansui-original-imafh3feprghuzj2.jpeg?q=70
2111,Sansui,Sansui 2 Ton 3 Star Split Triple Inverter AC  - White,36499,https://rukminim1.flixcart.com/image/312/312/k1jlyfk0/air-conditioner-new/y/y/v/sac203sia-2-split-triple-inverter-sansui-original-imafh3fev5x8nhgh.jpeg?q=70
2112,Toshiba,Toshiba 1.5 Ton 3 Star Split AC  - White,34918,https://rukminim1.flixcart.com/image/312/312/k6qsn0w0/air-conditioner-new/n/g/j/ras-18j2kg-in-ras-18j2ag-in-1-5-split-fixed-speed-toshiba-original-imafp4syt7xxgpbp.jpeg?q=70
2113,Whirlpool,Whirlpool 1.5 Ton 5 Star Split Inverter AC  - White,33999,https://rukminim1.flixcart.com/image/312/312/jtrjngw0/air-conditioner-new/e/k/x/1-5t-magicool-pro-5s-copr-inv-1-5-split-whirlpool-inverter-original-imafffggfnjgdzde.jpeg?q=70
2114,Whirlpool,"Whirlpool 1.5 Ton 3 Star Split AC  - White, Grey",26499,https://rukminim1.flixcart.com/image/312/312/jusp3m80/air-conditioner-new/m/g/z/1-5t-magicool-elite-pro-3s-copr-1-5-split-whirlpool-inverter-original-imaffugzzyherkav.jpeg?q=70
2115,Whirlpool,Whirlpool 1.5 Ton 3 Star Split Inverter AC  - White,31985,https://rukminim1.flixcart.com/image/312/312/ju8oxow0/air-conditioner-new/b/u/z/1-5t-magicool-pro-plus-3s-copr-inv-1-5-split-whirlpool-inverter-original-imafffymzagthezt.jpeg?q=70
2116,Whirlpool,"Whirlpool 1 Ton 3 Star Split AC  - White, Grey",24999,https://rukminim1.flixcart.com/image/312/312/jvv9zm80/air-conditioner-new/w/b/e/1-0t-magicool-elite-pro-3s-copr-1-0-split-fixed-speed-whirlpool-original-imafggzdurg8hnfa.jpeg?q=70
2117,Whirlpool,"Whirlpool 1.5 Ton 3 Star Split Inverter AC  - White, Grey",28999,https://rukminim1.flixcart.com/image/312/312/jusp3m80/air-conditioner-new/m/g/z/1-5t-magicool-elite-pro-3s-copr-1-5-split-whirlpool-inverter-original-imaffugzzyherkav.jpeg?q=70
2118,Whirlpool,Whirlpool 1 Ton 5 Star Split Inverter AC  - White,28999,https://rukminim1.flixcart.com/image/312/312/jtrjngw0/air-conditioner-new/y/h/n/1-0t-magicool-pro-5s-copr-inv-1-split-whirlpool-inverter-original-imafffggpgyrmmdz.jpeg?q=70
2119,Whirlpool,Whirlpool 1 Ton 3 Star Split Inverter AC  - White,25999,https://rukminim1.flixcart.com/image/312/312/ju8oxow0/air-conditioner-new/h/f/h/1-0t-magicool-pro-3s-copr-inv-1-split-whirlpool-inverter-original-imafffymdxcf58jg.jpeg?q=70
2120,Whirlpool,Whirlpool 1.5 Ton 3 Star Split Inverter AC  - White,29445,https://rukminim1.flixcart.com/image/312/312/jucz98w0/air-conditioner-new/h/y/m/1-5t-magicool-pro-3s-copr-inv-1-5-split-whirlpool-inverter-original-imafffyzfzzyzhg6.jpeg?q=70
2121,Whirlpool,Whirlpool 1 Ton 3 Star Split Inverter AC  - White,45000,https://rukminim1.flixcart.com/image/312/312/k55n0y80/air-conditioner-new/k/3/7/1-0t-3dcool-swing-pro-3s-copr-inv-1-split-inverter-whirlpool-original-imafnw9kagntyrfs.jpeg?q=70
2122,Whirlpool,Whirlpool 1.2 Ton 5 Star Window AC  - White,23394,https://rukminim1.flixcart.com/image/312/312/air-conditioner-new/e/s/s/1-whirlpool-window-wac-1-t-magicool-copr-3s-original-imaekty44ytuu8bu.jpeg?q=70
2123,Whirlpool,Whirlpool 1 Ton 5 Star Window AC  - White,23990,https://rukminim1.flixcart.com/image/312/312/juip0nk0/air-conditioner-new/h/n/f/wac-1-t-magicool-copr-5s-1-0-window-fixed-speed-whirlpool-original-imaffmjmjgyzacjq.jpeg?q=70
2124,Whirlpool,Whirlpool 1.5 Ton 3 Star Split Inverter AC with Wi-fi Connect  - White,45000,https://rukminim1.flixcart.com/image/312/312/k5vcya80/air-conditioner-new/g/h/2/1-5t-3dcool-wifi-pro-3s-copr-inv-1-5-split-inverter-whirlpool-original-imafzgahwabhejve.jpeg?q=70
2125,Whirlpool,Whirlpool 1 Ton 3 Star Split Inverter AC  - White,30000,https://rukminim1.flixcart.com/image/312/312/j1l10nk0/air-conditioner-new/w/x/n/1-0t-ez-fantasia-inverter-1-split-whirlpool-original-imaet4syxhcgm4vr.jpeg?q=70
2126,Whirlpool,Whirlpool 1.5 Ton 3 Star Window AC  - White,27294,https://rukminim1.flixcart.com/image/312/312/air-conditioner-new/f/c/v/1-5-whirlpool-window-wac-1-5-t-magicool-copr-4s-original-imaekz2kw2ezhtq9.jpeg?q=70
2127,Whirlpool,Whirlpool 1.5 Ton 3 Star Split Inverter AC  - White,34483,https://rukminim1.flixcart.com/image/312/312/k55n0y80/air-conditioner-new/y/6/h/1-5t-3dcool-swing-pro-3s-copr-inv-i-o-1-5-split-inverter-original-imafnw9kkz3hzwyd.jpeg?q=70
2128,Whirlpool,Whirlpool 1.5 Ton 3 Star Split Inverter AC  - White,45000,https://rukminim1.flixcart.com/image/312/312/k55n0y80/air-conditioner-new/k/m/n/1-5t-3dcool-purafresh-pro-3s-copr-inv-i-o-1-5-split-inverter-original-imafnw9kjry5sc9h.jpeg?q=70
2129,Whirlpool,Whirlpool 1.5 Ton 5 Star Window AC  - White,27999,https://rukminim1.flixcart.com/image/312/312/juip0nk0/air-conditioner-new/j/f/p/wac-1-5-t-magicool-copr-5s-1-5-window-fixed-speed-whirlpool-original-imaffmjr5pjzmhhg.jpeg?q=70
2130,Whirlpool,Whirlpool 0.8 Ton 3 Star Split Inverter AC  - White,22999,https://rukminim1.flixcart.com/image/312/312/jufu4y80/air-conditioner-new/m/f/n/1-0t-magicool-inverter-3s-copr-w-i-odu-1-0-split-whirlpool-original-imaffkcn3zng9hfx.jpeg?q=70
2131,Whirlpool,Whirlpool 1.5 Ton 3 Star Split Inverter AC  - White,38999,https://rukminim1.flixcart.com/image/312/312/jesunbk0/air-conditioner-new/f/u/7/3d-cool-inverter-3s-copr-1-inverter-whirlpool-original-imaf3b6fptzttvbv.jpeg?q=70
2132,Whirlpool,Whirlpool 2 Ton 3 Star Split Inverter AC  - White,35999,https://rukminim1.flixcart.com/image/312/312/k6jnfrk0/air-conditioner-new/q/2/5/2-0t-magicool-pro-3s-copr-inv-2-split-inverter-whirlpool-original-imafzx6qszykzdn6.jpeg?q=70
2133,Whirlpool,Whirlpool 1.5 Ton 3 Star Split Inverter AC  - White,40999,https://rukminim1.flixcart.com/image/312/312/jevpj0w0/air-conditioner-new/v/2/t/3d-cool-purafresh-inverter-3s-copr-1-5-inverter-whirlpool-original-imaf3hytwevdnpmm.jpeg?q=70
2134,Whirlpool,Whirlpool 1 Ton 3 Star Split Inverter AC  - White,34999,https://rukminim1.flixcart.com/image/312/312/jesunbk0/air-conditioner-new/v/2/t/3d-cool-purafresh-inverter-3s-copr-1-5-inverter-whirlpool-original-imaf3b6fnkkpftzy.jpeg?q=70
2135,Whirlpool,Whirlpool 1 Ton 4 Star Split AC  - White,32999,https://rukminim1.flixcart.com/image/312/312/jf9zxjk0/air-conditioner-new/x/y/k/1-5t-3d-cool-xtreme-hd-4s-1-5-split-whirlpool-original-imaf3s5y4xg4uuzp.jpeg?q=70
2136,Whirlpool,Whirlpool 1.5 Ton 3 Star Split AC  - White Gold,37050,https://rukminim1.flixcart.com/image/312/312/air-conditioner-new/h/s/d/1-5-whirlpool-split-1-5t-magicool-dlx-copr-3s-original-imaegu88hf2eezu9.jpeg?q=70
