1912,24 Mantra Organic,24 Mantra Organic Broken Sona Masoori Rice,1 kg,55,https://rukminim1.flixcart.com/image/280/280/j9yixe80/rice/u/q/n/1-broken-white-sona-masoori-rice-pouch-24-mantra-organic-original-imaezhzfhztgzjgp.jpeg?q=70
1912,24 Mantra Organic,24 Mantra Organic Red Poha,500 g,74,https://rukminim1.flixcart.com/image/280/280/j9it30w0/rice/v/u/k/500-organic-red-poha-vacuum-pack-24-mantra-original-imaezazxghpbcvqt.jpeg?q=70
1912,24 Mantra Organic,24 Mantra Organic Brown Sona Masoori Rice,5 kg,470,https://rukminim1.flixcart.com/image/280/280/j9st5zk0/rice/k/r/9/5-na-brown-sona-masoori-rice-vacuum-pack-24-mantra-organic-original-imaezg6ncjqhrgrq.jpeg?q=70
1912,24 Mantra Organic,24 Mantra Organic Red Rice,1 kg,118,//img1a.flixcart.com/www/linchpin/fk-cp-zion/img/placeholder_9951d0.svg
1912,24 Mantra Organic,24 Mantra Organic Idly Rice (Small Grain),1 kg,97,https://rukminim1.flixcart.com/image/280/280/j9it30w0/rice/z/u/g/1-organic-white-idly-rice-vacuum-pack-24-mantra-original-imaezazxuhwxvmjb.jpeg?q=70
1912,24 Mantra Organic,24 Mantra Organic Hand Pounded Semi Brown Sona Masoori Rice,5 kg,470,https://rukminim1.flixcart.com/image/280/280/j9st5zk0/rice/g/m/h/5-hand-pounded-semi-brown-sona-masoori-rice-vacuum-pack-24-original-imaezg6nyjknjzht.jpeg?q=70
1912,24 Mantra Organic,24 Mantra Organic Poha,500 g,67,https://rukminim1.flixcart.com/image/280/280/j9it30w0/rice/q/a/e/500-organic-white-poha-vacuum-pack-24-mantra-original-imaezby6n8dmnfj8.jpeg?q=70
1912,24 Mantra Organic,24 Mantra Organic Basmati Rice (Medium Grain),1 kg,217,https://rukminim1.flixcart.com/image/280/280/ja73ki80/rice/y/z/g/1-na-white-basmati-rice-pouch-24-mantra-organic-original-imaezqr5684c9hsf.jpeg?q=70
1912,Bemisal,Bemisal Mother's Choice Basmati Rice (Broken Grain),5 kg,264,https://rukminim1.flixcart.com/image/280/280/k0wqwsw0/rice/j/e/v/5-white-mother-s-choice-basmati-rice-bag-bemisal-original-imafkhqtn4qtzmxz.jpeg?q=70
1912,Bemisal,Bemisal Shahi Pakwan Premium Parmal Rice (Medium Grain),5 kg,247,https://rukminim1.flixcart.com/image/280/280/j65cnm80/rice/w/g/h/5-white-shahi-pakwan-premium-sona-masoori-rice-vacuum-pack-original-imaewzj3gqq4wfy5.jpeg?q=70
1912,Bongo Bhog,"Bongo Bhog Royal Baskati Rice (Long Grain, Parboiled)",5 kg,397,https://rukminim1.flixcart.com/image/280/280/jvwpfgw0/rice/n/d/y/5-banskati-white-long-grain-rice-bag-bongo-bhog-original-imafgpfunxu6ggaz.jpeg?q=70
1912,Bongo Bhog,"Bongo Bhog Aromatic Gobindobhog Rice (Small Grain, Raw)",5 kg,587,https://rukminim1.flixcart.com/image/280/280/jvqzo280/rice/a/z/e/5-aromatic-govindbhog-white-bag-raw-rice-bongo-bhog-original-imafgkgfh6epjs4h.jpeg?q=70
1912,Bongo Bhog,"Bongo Bhog Premium Minikit Rice (Long Grain, Parboiled)",5 kg,329,https://rukminim1.flixcart.com/image/280/280/jvwpfgw0/rice/e/f/j/5-premium-minikit-white-minicate-rice-bag-bongo-bhog-original-imafgpfrhgqdztea.jpeg?q=70
1912,Daawat,Daawat Premium Sona Masoori Rice,10 kg,598,https://rukminim1.flixcart.com/image/280/280/jjolt3k0/rice/j/s/b/10-sona-masoori-white-basmati-rice-pouch-daawat-original-imaf77zfjxcf7uy7.jpeg?q=70
1912,Daawat,Daawat Pulav Basmati Rice (Long Grain),1 kg,107,https://rukminim1.flixcart.com/image/280/280/jqe38280/rice/n/c/k/1-white-pulav-basmati-rice-pouch-daawat-original-imafcezmyyjhhmbc.jpeg?q=70
1912,Daawat,Daawat Rozana Super Basmati Rice (Medium Grain),5 kg,345,https://rukminim1.flixcart.com/image/280/280/jqe38280/rice/n/u/9/5-white-rozana-super-basmati-rice-bag-daawat-original-imafcezhbu3hemw2.jpeg?q=70
1912,Daawat,Daawat Rozana Mini Mogra Basmati Rice (Broken Grain),10 kg,442,//img1a.flixcart.com/www/linchpin/fk-cp-zion/img/placeholder_9951d0.svg
1912,Daawat,Daawat Super Basmati Rice (Long Grain),25% Extra in Pack,734,https://rukminim1.flixcart.com/image/280/280/jqe38280/rice/n/e/h/5-white-super-basmati-rice-bag-daawat-original-imafcezmhn9k7yhm.jpeg?q=70
1912,Daawat,Daawat Rozana Gold Basmati Rice (Medium Grain),5 kg,390,https://rukminim1.flixcart.com/image/280/280/jqe38280/rice/p/s/q/5-white-rozana-gold-basmati-rice-bag-daawat-original-imafcezm6u8srgjx.jpeg?q=70
1912,Daawat,Daawat Brown Basmati Rice,5 kg,634,https://rukminim1.flixcart.com/image/280/280/jqe38280/rice/e/p/u/5-brown-na-basmati-rice-bag-daawat-original-imafcezmnarpmhwu.jpeg?q=70
1912,Daawat,Daawat Devaaya Basmati Rice (Medium Grain),5 kg,447,https://rukminim1.flixcart.com/image/280/280/jqe38280/rice/b/a/z/5-white-devaaya-basmati-rice-bag-daawat-original-imafcezmk5dgccwd.jpeg?q=70
1912,Daawat,Daawat Rozana Mogra Basmati Rice (Broken Grain),10 kg,573,https://rukminim1.flixcart.com/image/280/280/jqe38280/rice/v/r/y/10-white-rozana-mogra-basmati-rice-pouch-daawat-original-imafcezmbpq5v2qh.jpeg?q=70
1912,Daawat,Daawat Biryani Basmati Rice (Long Grain),5 kg,914,https://rukminim1.flixcart.com/image/280/280/jqe38280/rice/z/p/z/5-white-biryani-basmati-rice-bag-daawat-original-imafcezhuckhtgr4.jpeg?q=70
1912,Daawat,Daawat Traditional Basmati Rice (Long Grain),5 kg,911,https://rukminim1.flixcart.com/image/280/280/jqe38280/rice/z/p/b/5-white-traditional-basmati-rice-bag-daawat-original-imafcezm4g2mrnez.jpeg?q=70
1912,Daawat,Daawat Dubar Basmati Rice (Medium Grain),5 kg,510,https://rukminim1.flixcart.com/image/280/280/jqe38280/rice/f/y/m/5-white-dubar-basmati-rice-bag-daawat-original-imafcezhggmcwzg5.jpeg?q=70
1912,Double Horse,"Double Horse Vadi Matta Brown Jyothi Rice (Long Grain, Boiled)",5 kg,377,https://rukminim1.flixcart.com/image/280/280/j4sronk0/rice/2/u/t/5-brown-double-horse-vadi-matta-jyothi-rice-vacuum-pack-double-original-imaevmgn8wvjju88.jpeg?q=70
1912,Elina,Elina Rice (Long Grain),5 kg,316,https://rukminim1.flixcart.com/image/280/280/jqe38280/rice/h/e/r/5-white-na-plain-rice-bag-elina-original-imafcezmq2t8hpw8.jpeg?q=70
1912,Flipkart Supermart Select,Flipkart Supermart Select Super Premium Sona Masoori Rice (Raw),10 kg,560,https://rukminim1.flixcart.com/image/280/280/k7gikcw0/rice/3/4/j/10-white-super-premium-sona-masoori-rice-bag-flipkart-supermart-original-imafpzz3jmhxwg2y.jpeg?q=70
1912,Flipkart Supermart Select,"Flipkart Supermart Select Long Grain Rice (Long Grain, Polished)",5 kg,285,https://rukminim1.flixcart.com/image/280/280/k8t3jbk0/rice/u/x/k/5-white-long-grain-basmati-rice-pouch-flipkart-supermart-select-original-imafqqjbcjfdk5my.jpeg?q=70
1912,Flipkart Supermart Select,Flipkart Supermart Select Ponni Rice (Raw),1 kg,99,https://rukminim1.flixcart.com/image/280/280/k7285u80/rice/y/j/b/1-white-na-ponni-rice-pouch-flipkart-supermart-select-original-imafpdsfezge8jfz.jpeg?q=70
1912,Flipkart Supermart Select,Flipkart Supermart Select Brown Rice,5 kg,285,//img1a.flixcart.com/www/linchpin/fk-cp-zion/img/placeholder_9951d0.svg
1912,Flipkart Supermart Select,"Flipkart Supermart Select Jeera Samba Rice (Small Grain, Raw)",1 kg,126,https://rukminim1.flixcart.com/image/280/280/k7ksvww0/rice/7/v/f/1-white-raw-jeera-samba-rice-pouch-flipkart-supermart-select-original-imafps7vrza2xem9.jpeg?q=70
1912,Flipkart Supermart Select,Flipkart Supermart Select Dosa Rice,2 kg,97,https://rukminim1.flixcart.com/image/280/280/k7ksvww0/rice/a/f/f/2-white-na-dosa-rice-pouch-flipkart-supermart-select-original-imafps7v4sepqs5g.jpeg?q=70
1912,Flipkart Supermart Select,Flipkart Supermart Select Idli Rice,2 kg,123,https://rukminim1.flixcart.com/image/280/280/k7ksvww0/rice/p/q/y/2-white-na-idli-rice-pouch-flipkart-supermart-select-original-imafps7vfuyvqskx.jpeg?q=70
1912,Flipkart Supermart Select,Flipkart Supermart Select Kolam Rice (Raw),10 kg,665,https://rukminim1.flixcart.com/image/280/280/k8q8nm80/rice/a/c/f/10-white-na-hmt-rice-bag-flipkart-supermart-select-original-imafqzcpgcmxwugq.jpeg?q=70
1912,Flipkart Supermart Select,Flipkart Supermart Select Ponni Rice (Boiled),1 kg,54,https://rukminim1.flixcart.com/image/280/280/k7ksvww0/rice/f/8/r/1-white-boiled-ponni-rice-pouch-flipkart-supermart-select-original-imafps7vzpvntfcc.jpeg?q=70
1912,Flipkart Supermart Select,Flipkart Supermart Select Sona Masoori Rice (Steam),5 kg,243,https://rukminim1.flixcart.com/image/280/280/k7ksvww0/rice/x/g/g/5-white-steam-sona-masoori-rice-pouch-flipkart-supermart-select-original-imafps7vtzc5aemk.jpeg?q=70
1912,Flipkart Supermart Select,Flipkart Supermart Select Kerala Red Boiled Rice (Boiled),1 kg,81,https://rukminim1.flixcart.com/image/280/280/k7ksvww0/rice/3/e/8/1-red-kerala-boiled-rice-pouch-flipkart-supermart-select-original-imafps7vgqmsbjnv.jpeg?q=70
1912,Flipkart Supermart Select,"Flipkart Supermart Select Premium Basmati Rice (Long Grain, Polished)",1 kg,80,https://rukminim1.flixcart.com/image/280/280/k8t3jbk0/rice/t/z/j/1-white-premium-basmati-rice-pouch-flipkart-supermart-select-original-imafqqjhmefs2ajy.jpeg?q=70
1912,Flipkart Supermart Select,Flipkart Supermart Select Kolam Rice (Raw),5 kg,359,https://rukminim1.flixcart.com/image/280/280/k7ksvww0/rice/4/r/d/1-white-raw-kolam-rice-pouch-flipkart-supermart-select-original-imafps7vwrvxrg6p.jpeg?q=70
1912,Flipkart Supermart Select,Flipkart Supermart Select HMT Rice (Raw),10 kg,585,https://rukminim1.flixcart.com/image/280/280/k8q8nm80/rice/a/c/f/10-white-na-hmt-rice-bag-flipkart-supermart-select-original-imafqzcpgcmxwugq.jpeg?q=70
1912,Flipkart Supermart Select,Flipkart Supermart Select HMT Rice (Raw),5 kg,300,https://rukminim1.flixcart.com/image/280/280/jiklh8w0/rice/w/7/n/1-raw-white-hmt-rice-pouch-flipkart-supermart-select-original-imaf6bh2nf6zj3zx.jpeg?q=70
1912,Fortune,"Fortune Everyday Hamesha Basmati Rice (Broken Grain, Steam)",5 kg,300,https://rukminim1.flixcart.com/image/280/280/k7c88sw0/rice/z/m/w/5-white-everyday-hamesha-basmati-rice-bag-fortune-original-imafphkkptdefkfx.jpeg?q=70
1912,Fortune,Fortune Rozana Basmati Rice (Medium Grain),5 kg,324,https://rukminim1.flixcart.com/image/280/280/k7c88sw0/rice/h/h/b/5-white-rozana-basmati-rice-bag-fortune-original-imafphkjvy6frtms.jpeg?q=70
1912,Fortune,Fortune Everyday Basmati Rice,5 kg,237,https://rukminim1.flixcart.com/image/280/280/k9k8wi80/rice/n/z/a/5-white-everyday-basmati-rice-vacuum-pack-fortune-original-imafrbggygydjgvc.jpeg?q=70
1912,Fortune,Fortune Supreme Sona Masoori Rice,5 kg,292,https://rukminim1.flixcart.com/image/280/280/jy3anbk0/rice/a/z/a/5-white-supreme-sona-masoori-rice-bag-fortune-original-imafgac3awvw9knj.jpeg?q=70
1912,Fortune,Fortune Biryani Special Basmati Rice (Long Grain),5 kg,567,https://rukminim1.flixcart.com/image/280/280/k7c88sw0/rice/j/n/p/5-white-biryani-special-basmati-rice-bag-fortune-original-imafphkjjfzwkajn.jpeg?q=70
1912,Fortune,Fortune Biryani Classic Premium Basmati Rice,5 kg,765,https://rukminim1.flixcart.com/image/280/280/k7c88sw0/rice/k/x/j/5-white-biryani-classic-premium-basmati-rice-bag-fortune-original-imafphkkfnb6jyys.jpeg?q=70
1912,Fortune,Fortune Super Basmati Rice,25% Extra in Pack,598,https://rukminim1.flixcart.com/image/280/280/k7c88sw0/rice/a/d/p/5-white-super-basmati-rice-vacuum-pack-fortune-original-imafphkjzsv5nte6.jpeg?q=70
1912,India Gate,India Gate Regular Choice Basmati Rice (Medium Grain),5 kg,349,https://rukminim1.flixcart.com/image/280/280/k0wqwsw0/rice/k/x/z/5-white-regular-choice-basmati-rice-vacuum-pack-india-gate-original-imafkhqtnvz7qk9g.jpeg?q=70
1912,India Gate,India Gate Feast Rozzana Basmati Rice (Medium Grain),5 kg,387,https://rukminim1.flixcart.com/image/280/280/k0wqwsw0/rice/v/9/m/5-white-feast-rozzana-basmati-rice-bag-india-gate-original-imafkhqseazvug6n.jpeg?q=70
1912,India Gate,India Gate Super Basmati Rice (Long Grain),5 kg,603,https://rukminim1.flixcart.com/image/280/280/k0wqwsw0/rice/g/3/2/5-white-super-basmati-rice-bag-india-gate-original-imafkhqtjedwsk3w.jpeg?q=70
1912,India Gate,India Gate Mogra Basmati Rice (Broken Grain),10 kg,626,https://rukminim1.flixcart.com/image/280/280/k0wqwsw0/rice/p/s/5/10-white-mogra-basmati-rice-bag-india-gate-original-imafkhqtnrbhxkcp.jpeg?q=70
1912,India Gate,India Gate Dubar Basmati Rice (Medium Grain),5 kg,503,https://rukminim1.flixcart.com/image/280/280/k0wqwsw0/rice/v/m/p/5-white-dubar-basmati-rice-pouch-india-gate-original-imafkhqt8krfahqu.jpeg?q=70
1912,India Gate,India Gate Mini Mogra Basmati Rice (Broken Grain),10 kg,487,https://rukminim1.flixcart.com/image/280/280/k0wqwsw0/rice/d/w/v/10-white-mini-mogra-basmati-rice-bag-india-gate-original-imafkhqtawgymash.jpeg?q=70
1912,India Gate,India Gate Tibar Basmati Rice,1 kg,104,https://rukminim1.flixcart.com/image/280/280/k0wqwsw0/rice/p/x/v/1-white-tibar-basmati-rice-pouch-india-gate-original-imafkhqtge27nyrk.jpeg?q=70
1912,India Gate,India Gate Classic Basmati Rice (Long Grain),5 kg,943,https://rukminim1.flixcart.com/image/280/280/k0wqwsw0/rice/t/m/6/5-white-classic-basmati-rice-pouch-india-gate-original-imafkhqshhhyaqye.jpeg?q=70
1912,India Gate,India Gate Weight Watchers Special Brown Rice,1 kg,126,https://rukminim1.flixcart.com/image/280/280/jkvh0nk0/rice/6/p/r/1-weight-watchers-special-brown-plain-rice-plastic-jar-india-original-imaf84pw4jggy8c7.jpeg?q=70
1912,India Gate,India Gate Select Basmati Rice,20% Extra in Pack,645,https://rukminim1.flixcart.com/image/280/280/juwzf680/rice/g/m/h/5-select-white-bag-basmati-rice-india-gate-original-imaffx5yrugx2yaf.jpeg?q=70
1912,Kohinoor,Kohinoor Royale Authentic Biryani Basmati Rice (Long Grain),5 kg,565,https://rukminim1.flixcart.com/image/280/280/jqpiqvk0/rice/t/6/z/5-white-royale-authentic-basmati-rice-bag-kohinoor-original-imafcnv32hme2ggp.jpeg?q=70
1912,Kohinoor,Kohinoor Charminar Rice (Long Grain),5 kg,289,https://rukminim1.flixcart.com/image/280/280/jqpiqvk0/rice/w/z/9/5-white-charminar-plain-rice-bag-kohinoor-original-imafcnv3fmwfkmf9.jpeg?q=70
1912,Kohinoor,Kohinoor Charminar Basmati Rice (Mini Broken Grain),5 kg,266,https://rukminim1.flixcart.com/image/280/280/k7nnrm80/rice/h/r/q/5-white-charminar-every-meal-rice-mogra-basmati-rice-bag-original-imafpumyfw9pegmw.jpeg?q=70
1912,Kohinoor,Kohinoor Charminar Brown Rice,1 kg,99,https://rukminim1.flixcart.com/image/280/280/jqpiqvk0/rice/t/t/b/1-brown-charminar-plain-rice-pouch-kohinoor-original-imafcnv3et3kbdf8.jpeg?q=70
1912,Kohinoor,Kohinoor Charminar Everyday Basmati Rice (Broken),5 kg,309,https://rukminim1.flixcart.com/image/280/280/k9bo9e80/rice/z/s/m/5-white-charminar-everyday-plain-rice-bag-kohinoor-original-imafr5fgpusj2wpe.jpeg?q=70
1912,Kohinoor,Kohinoor Charminar Rozana Basmati Rice,5 kg,359,https://rukminim1.flixcart.com/image/280/280/k9bo9e80/rice/e/6/2/5-white-charminar-rozana-plain-rice-bag-kohinoor-original-imafr5fgbgvutc8n.jpeg?q=70
1912,Kohinoor,Kohinoor Charminar Select Basmati Rice (Medium Grain),5 kg,419,https://rukminim1.flixcart.com/image/280/280/jqpiqvk0/rice/k/s/j/5-white-charminar-select-basmati-rice-bag-kohinoor-original-imafcnv3zrhydjnf.jpeg?q=70
1912,Kohinoor,Kohinoor Super Value Basmati Rice (Long Grain),5 kg,748,https://rukminim1.flixcart.com/image/280/280/jt641ow0/rice/z/n/d/5-super-value-white-basmati-rice-bag-kohinoor-original-imafekrbnczxhnfy.jpeg?q=70
1912,Kohinoor,Kohinoor Super Silver Basmati Rice (Long Grain),1 kg,140,https://rukminim1.flixcart.com/image/280/280/jynat8w0/rice/z/g/c/1-white-super-silver-basmati-rice-pouch-kohinoor-original-imafgu7wagzjdgmg.jpeg?q=70
1912,Kohinoor,Kohinoor Dubar Basmati Rice (Medium Grain),5 kg,452,https://rukminim1.flixcart.com/image/280/280/jqpiqvk0/rice/x/v/f/5-white-dubar-basmati-rice-bag-kohinoor-original-imafcnv3hh899c72.jpeg?q=70
1912,Kohinoor,Kohinoor Brown Basmati Rice (Medium Grain),1 kg,155,https://rukminim1.flixcart.com/image/280/280/j3q6snk0/rice/x/x/h/1-brown-basmati-rice-jar-basmati-rice-vacuum-pack-kohinoor-original-imaeurzffrvxnp3p.jpeg?q=70
1912,Kohinoor,Kohinoor Extra Long Gold Basmati Rice (Long Grain),5 kg,954,https://rukminim1.flixcart.com/image/280/280/jynat8w0/rice/f/8/8/5-white-extra-long-gold-basmati-rice-bag-kohinoor-original-imafgu3tyfeepqk6.jpeg?q=70
1912,Kohinoor,Kohinoor Authentic Platinum Basmati Rice (Long Grain),5 kg,962,https://rukminim1.flixcart.com/image/280/280/jynat8w0/rice/u/u/h/5-white-authentic-platinum-basmati-rice-bag-kohinoor-original-imafgu3tzqfgm3pg.jpeg?q=70
1912,Kohinoor,Kohinoor Tibar Basmati Rice (Medium Grain),5 kg,626,https://rukminim1.flixcart.com/image/280/280/jqpiqvk0/rice/e/y/3/5-white-tibar-basmati-rice-bag-kohinoor-original-imafcnv38hrfyyha.jpeg?q=70
1912,Kohinoor,Kohinoor Supreme Basmati Rice,5 kg,904,https://rukminim1.flixcart.com/image/280/280/k687wy80/rice/h/k/g/5-white-supreme-authentic-basmati-rice-bag-kohinoor-original-imafzqtdcczzzmeg.jpeg?q=70
1912,Manna,Manna Brown Rice (Medium Grain),1 kg,101,https://rukminim1.flixcart.com/image/280/280/j431rbk0/rice/g/t/6/manna-brown-rice-sona-masoori-rice-vacuum-pack-manna-original-imaeuswajerjpwyy.jpeg?q=70
1912,Master Cook,"Master Cook Idli Rice (Small Grain, Parboiled)",1 kg,48,https://rukminim1.flixcart.com/image/280/280/jka1evk0/rice/h/k/g/1-na-white-idli-rice-pouch-master-cook-original-imaf7zdpqswtmtak.jpeg?q=70
1912,Namaste India,Namaste India Thin Poha,500 g,38,https://rukminim1.flixcart.com/image/280/280/jyg5lzk0/rice/w/g/g/500-white-thin-poha-pouch-namaste-india-original-imafgpfbkzzzpgrj.jpeg?q=70
1912,Namaste India,Namaste India Thick Poha,500 g,34,https://rukminim1.flixcart.com/image/280/280/jyg5lzk0/rice/v/q/3/500-white-thick-poha-pouch-namaste-india-original-imafgpfbzvngyske.jpeg?q=70
1912,Organic Tattva,Organic Tattva Red Poha,500 g,74,https://rukminim1.flixcart.com/image/280/280/jn6ck280/rice/z/c/n/500-red-organic-poha-vacuum-pack-organic-tattva-original-imaf9wsumk4ghsrz.jpeg?q=70
1912,Organic Tattva,Organic Tattva Sona Masoori Rice (Parboiled),5 kg,548,https://rukminim1.flixcart.com/image/280/280/jiklh8w0/rice/9/d/g/5-organic-white-sona-masoori-rice-vacuum-pack-organic-tattva-original-imaf6cj3zmdmenpf.jpeg?q=70
1912,Origo Choice,Origo Choice Matta Red Rice (Boiled),5 kg,346,https://rukminim1.flixcart.com/image/280/280/jggv53k0/rice/x/z/j/5-red-matta-red-rice-bag-origo-choice-original-imaf4pcytdbkzyh3.jpeg?q=70
1912,Origo Fresh,Origo Fresh Thin Poha,200 g,24,https://rukminim1.flixcart.com/image/280/280/jiw10280/rice/f/a/h/200-thin-white-poha-pouch-origo-fresh-original-imaf6h6gxgepvnyw.jpeg?q=70
1912,Origo Fresh,Origo Fresh Plain Puffed Rice,100 g,20,https://rukminim1.flixcart.com/image/280/280/jjylw280/rice/p/e/v/100-white-plain-pouch-puffed-rice-origo-fresh-original-imaf7e3fptgamrv8.jpeg?q=70
1912,Prime Tunga,Prime Tunga Premium Sona Masoori Rice (Raw),10 kg,514,https://rukminim1.flixcart.com/image/280/280/jjolt3k0/rice/7/y/w/10-premium-raw-white-sona-masoori-rice-bag-prime-tunga-original-imaf77zfrmyfedgk.jpeg?q=70
1912,Pro Nature,Pro Nature Organic Medium Poha,500 g,75,https://rukminim1.flixcart.com/image/280/280/j8osu4w0/rice/4/h/b/500-white-na-poha-vacuum-pack-pro-nature-original-imaeymuyffjyrhfz.jpeg?q=70
1912,Pro Nature,Pro Nature Organic Red Poha,500 g,74,https://rukminim1.flixcart.com/image/280/280/j97dk7k0/rice/v/b/5/500-na-red-poha-vacuum-pack-pro-nature-original-imaez2d5udtyvzra.jpeg?q=70
1912,Pro Nature,Pro Nature Organic Brown Sona Masoori Rice (Small Grain),1 kg,92,https://rukminim1.flixcart.com/image/280/280/jiw10280/rice/x/v/t/1-organic-brown-sona-masoori-rice-pouch-pro-nature-original-imaf6h8byjngmp9h.jpeg?q=70
1912,Pro Nature Organic,Pro Nature Organic Sona Masoori Rice,5 kg,487,https://rukminim1.flixcart.com/image/280/280/jj7givk0/rice/d/v/g/5-organic-sonamasoori-rice-white-sona-masoori-rice-vacuum-pack-original-imaf6u7c8hbgqbww.jpeg?q=70
1912,Safe Harvest,Safe Harvest Poha,500 g,52,https://rukminim1.flixcart.com/image/280/280/jtx9evk0/rice/n/k/x/500-na-white-poha-pouch-safe-harvest-original-imaff5rwwrhh7dzd.jpeg?q=70
1912,Safe Harvest,Safe Harvest Sona Masoori Rice (Raw),5 kg,343,https://rukminim1.flixcart.com/image/280/280/jfh54sw0/rice/b/f/x/5-12-months-old-white-pouch-sona-masoori-rice-safe-harvest-original-imaf3xm7j8ghbctr.jpeg?q=70
1912,Shree Akshara,Shree Akshara Premium  Sona Masoori Rice (Steam),10 kg,439,https://rukminim1.flixcart.com/image/280/280/jf9zxjk0/rice/h/c/p/10-premium-steam-white-bag-sona-masoori-rice-shree-akshara-original-imaf3rzyzrg64exj.jpeg?q=70
1912,Shree Akshara,Shree Akshara Premium Sona Masoori Rice (Raw),10 kg,568,https://rukminim1.flixcart.com/image/280/280/jf9zxjk0/rice/g/a/4/10-premium-raw-white-bag-sona-masoori-rice-shree-akshara-original-imaf3rzmhmrhvb4u.jpeg?q=70
1912,Shree Akshara,Shree Akshara Premium Tamil Ponni Boiled Rice,5 kg,256,https://rukminim1.flixcart.com/image/280/280/jjhglu80/rice/j/b/y/5-premium-white-tamil-ponni-boiled-rice-pouch-shree-akshara-original-imaf7fugz7fvuhqf.jpeg?q=70
1912,Shree Akshara,Shree Akshara Premium  Sona Masoori Rice (Boiled),5 kg,240,https://rukminim1.flixcart.com/image/280/280/jf9zxjk0/rice/a/f/g/5-premium-boiled-white-bag-sona-masoori-rice-shree-akshara-original-imaf3rz6ntkgzkxy.jpeg?q=70
1912,Shree Akshara,Shree Akshara Premium Ponni Rice (Raw),10 kg,575,https://rukminim1.flixcart.com/image/280/280/jjg15zk0/rice/a/n/t/10-premium-raw-white-ponni-rice-bag-shree-akshara-original-imaf7fypq2e9xbvf.jpeg?q=70
1912,SLV,SLV Bullet Original Sortex Kolam Rice,10 kg,695,https://rukminim1.flixcart.com/image/280/280/jingcy80/rice/x/y/z/10-bullet-white-kolam-rice-bag-slv-original-imaf6ek4mwjbgsbu.jpeg?q=70
1912,Unity,Unity Rozzana Basmati Rice (Medium Grain),5 kg,299,https://rukminim1.flixcart.com/image/280/280/k91o6fk0/rice/b/s/g/5-white-basmati-rice-rozzana-basmati-rice-pouch-unity-original-imafqxf8crmgdec7.jpeg?q=70
1912,Unity,Unity Basmati Rice (Long Grain),1 kg,102,https://rukminim1.flixcart.com/image/280/280/juvjzbk0/rice/y/z/r/1-biryani-white-pouch-basmati-rice-unity-original-imaffwf7ybyzksj3.jpeg?q=70
1912,Vijay,Vijay Thick Poha,1 kg,51,https://rukminim1.flixcart.com/image/280/280/jkh6m4w0/rice/h/f/g/1-thick-white-poha-pouch-vijay-original-imaf7twwtkufvac8.jpeg?q=70
1912,Vijay,Vijay Medium Poha,1 kg,58,https://rukminim1.flixcart.com/image/280/280/jka1evk0/rice/5/t/k/1-medium-white-poha-pouch-vijay-original-imaf7zdthffsgaph.jpeg?q=70
