1480,24 Mantra Organic,24 Mantra Organic Mustard Big,100 g,25,https://rukminim1.flixcart.com/image/280/280/j9rdq4w0/spice-masala/z/f/6/100-mustard-big-pouch-24-mantra-organic-whole-original-imaezhk3pwj9zzbh.jpeg?q=70
1480,24 Mantra Organic,24 Mantra Organic Brown Mustard Small,100 g,28,https://rukminim1.flixcart.com/image/280/280/j9rdq4w0/spice-masala/j/u/2/100-brown-mustard-rai-sachet-24-mantra-organic-whole-original-imaezhhz9gqrzae2.jpeg?q=70
1480,24 Mantra Organic,24 Mantra Organic Fennel Saunf,100 g,79,https://rukminim1.flixcart.com/image/280/280/j9rdq4w0/spice-masala/e/v/p/100-anise-seeds-small-saunf-pouch-24-mantra-organic-whole-original-imaezhn7zuhsjcf2.jpeg?q=70
1480,24 Mantra Organic,24 Mantra Organic Turmeric Powder,100 g,40,https://rukminim1.flixcart.com/image/280/280/spice-masala/e/3/s/24-mantra-100-powder-turmeric-original-imaepgn4qggmxkqz.jpeg?q=70
1480,24 Mantra Organic,24 Mantra Organic Fenugreek,100 g,40,https://rukminim1.flixcart.com/image/280/280/j9hdn680/spice-masala/9/g/z/100-organic-fenugreek-pouch-24-mantra-whole-original-imaez9sz9gdjwdev.jpeg?q=70
1480,24 Mantra Organic,24 Mantra Organic Black Pepper,100 g,217,https://rukminim1.flixcart.com/image/280/280/spice-masala/3/j/v/24-mantra-100-whole-black-pepper-original-imaepgfjk63shwgs.jpeg?q=70
1480,24 Mantra Organic,24 Mantra Organic Sambar Powder,100 g,74,https://rukminim1.flixcart.com/image/280/280/j9rdq4w0/spice-masala/4/s/c/100-sambar-powder-pouch-24-mantra-organic-powder-original-imaezhhy5w6xba4s.jpeg?q=70
1480,24 Mantra Organic,24 Mantra Organic Cloves,50 g,217,https://rukminim1.flixcart.com/image/280/280/spice-masala/n/c/z/24-mantra-50-whole-cloves-original-imaepggwkzwxztdu.jpeg?q=70
1480,24 Mantra Organic,24 Mantra Organic Chilly Powder,100 g,50,https://rukminim1.flixcart.com/image/280/280/jk76j680/spice-masala/g/h/z/100-chilly-powder-pouch-24-mantra-organic-powder-original-imaf7hk68z6nkjvs.jpeg?q=70
1480,24 Mantra Organic,24 Mantra Organic Cumin,100 g,89,https://rukminim1.flixcart.com/image/280/280/j9rdq4w0/spice-masala/m/u/7/100-black-jeera-shah-jeera-sachet-24-mantra-organic-whole-original-imaezhkfgytry82v.jpeg?q=70
1480,24 Mantra Organic,24 Mantra Organic Coriander Powder,100 g,59,https://rukminim1.flixcart.com/image/280/280/jjx6g7k0/spice-masala/g/f/u/100-coriander-powder-pouch-24-mantra-organic-powder-original-imaf7dryqzuhnvv5.jpeg?q=70
1480,24 Mantra Organic,24 Mantra Organic Fenugreek Powder,100 g,40,https://rukminim1.flixcart.com/image/280/280/j9it30w0/spice-masala/d/6/p/100-organic-fenugreek-powder-pouch-24-mantra-powder-original-imaezazgkeausdg6.jpeg?q=70
1480,24 Mantra Organic,24 Mantra Organic Rasam Powder,100 g,74,https://rukminim1.flixcart.com/image/280/280/j9it30w0/spice-masala/v/g/u/100-organic-rasam-powder-pouch-24-mantra-powder-original-imaezazcgzr8zgh4.jpeg?q=70
1480,24 Mantra Organic,24 Mantra Organic Cassia Powder,100 g,118,https://rukminim1.flixcart.com/image/280/280/spice-masala/x/w/2/24-mantra-100-powder-cinnamon-original-imaepggr6a5vmqgq.jpeg?q=70
1480,24 Mantra Organic,24 Mantra Organic Garam Masala,50 g,74,https://rukminim1.flixcart.com/image/280/280/j9hdn680/spice-masala/s/m/f/50-organic-garam-masala-pouch-24-mantra-powder-original-imaez9shaxuvt64a.jpeg?q=70
1480,Aachi,Aachi Compounded Asafoetida Powder,50 g,78,https://rukminim1.flixcart.com/image/280/280/j66s3gw0/spice-masala/g/m/j/50-compounded-asafoetida-powder-box-aachi-powder-original-imaewpeebdwgzx2z.jpeg?q=70
1480,Aachi,Aachi Kulambu Chilly Masala,20g Aachi Sambar Powder Free,34,https://rukminim1.flixcart.com/image/280/280/jnj7iq80/spice-masala/u/z/m/100-bird-s-eye-chilli-box-aachi-powder-original-imafa76fspztauhy.jpeg?q=70
1480,Aachi,Aachi Turmeric Powder,100 g,25,https://rukminim1.flixcart.com/image/280/280/j4fwpzk0/spice-masala/6/j/s/100-box-turmeric-aachi-powder-original-imaevagyzz2x29dz.jpeg?q=70
1480,Aachi,Aachi Sambar Powder,100 g,47,https://rukminim1.flixcart.com/image/280/280/j4fwpzk0/spice-masala/y/j/2/100-box-sambar-masala-aachi-powder-original-imaevahvjtjggt3q.jpeg?q=70
1480,Aachi,"Aachi Chilli, Turmeric, Coriander Powder Spices Combo",3x200 g,165,https://rukminim1.flixcart.com/image/280/280/k9loccw0/spice-masala/e/c/y/600-chilli-turmeric-coriander-powder-spices-combo-pouch-aachi-original-imafrcyfh9wb65h7.jpeg?q=70
1480,Aachi,Aachi Biryani Masala,30g Ginger Garlic Paste Free,43,https://rukminim1.flixcart.com/image/280/280/j4fwpzk0/spice-masala/p/m/p/50-box-biriyani-masala-aachi-whole-original-imaevaksdjfwxdzg.jpeg?q=70
1480,Aachi,Aachi Chicken Kabab 65 Masala,50g Aachi Ginger Garlic Paste Free,54,https://rukminim1.flixcart.com/image/280/280/k0zlsi80/spice-masala/z/s/z/100-chicken-kabab-65-masala-pouch-aachi-powder-original-imafkn5ym84sbn23.jpeg?q=70
1480,Aachi,Aachi Idly Chilli Powder,100 g,34,https://rukminim1.flixcart.com/image/280/280/j4fwpzk0/spice-masala/f/n/k/100-box-idly-chilli-powder-aachi-powder-original-imaevag6f5vtvb8g.jpeg?q=70
1480,Aachi,Aachi Coriander Powder,100 g,29,https://rukminim1.flixcart.com/image/280/280/j4hc5u80/spice-masala/d/w/y/100-box-coriander-aachi-powder-original-imaevdkyqgbkp7h7.jpeg?q=70
1480,Aachi,Aachi Chicken Masala,50g Aachi Ginger Garlic Paste Free,54,https://rukminim1.flixcart.com/image/280/280/j63x7rk0/spice-masala/h/6/u/100-tandoori-chicken-masala-powder-box-aachi-powder-original-imaewnc5gjs86hpu.jpeg?q=70
1480,Aachi,Aachi Garam Masala,50g Aachi Turmeric POwder Free,67,https://rukminim1.flixcart.com/image/280/280/jnj7iq80/spice-masala/r/3/j/100-garam-masala-pouch-aachi-powder-original-imafa76fvpmwrz5g.jpeg?q=70
1480,Aachi,Aachi Chilli Powder,100 g,43,https://rukminim1.flixcart.com/image/280/280/jaldz0w0/spice-masala/x/y/q/100-byadagi-chilli-powder-box-aachi-powder-original-imafy4sf4u8bcyws.jpeg?q=70
1480,Aachi,Aachi Pepper Powder,100 g,94,https://rukminim1.flixcart.com/image/280/280/jp1i93k0/spice-masala/c/g/u/100-pepper-powder-pouch-aachi-powder-original-imafbcmwjegh7xmf.jpeg?q=70
1480,Aachi,Aachi Mutton Masala,100 g,57,https://rukminim1.flixcart.com/image/280/280/j4hc5u80/spice-masala/b/z/k/100-box-mutton-masala-aachi-powder-original-imaevdn75webyk7n.jpeg?q=70
1480,Aachi,Aachi Rasam Powder,50g Aachi Turmeric Powder Free,57,https://rukminim1.flixcart.com/image/280/280/jnj7iq80/spice-masala/v/d/c/100-rasam-powder-pouch-aachi-powder-original-imafa76feapeeb95.jpeg?q=70
1480,Aachi,Aachi Kashmiri Chilli Powder,100 g,58,https://rukminim1.flixcart.com/image/280/280/jox7xjk0-1/spice-masala/z/z/w/100-kashmiri-chilli-powder-pouch-aachi-powder-original-imafba4bqnzjcgpz.jpeg?q=70
1480,Aachi,Aachi Fish Fry Masala,50g Aachi Ginger Garlic Paste Free,50,https://rukminim1.flixcart.com/image/280/280/jnj7iq80/spice-masala/w/7/p/100-fish-fry-masala-pouch-aachi-powder-original-imafa76fk2sxfjp3.jpeg?q=70
1480,Aachi,Aachi Chilli Chicken Masala,50g Aachi Ginger Garlic Paste Free,48,https://rukminim1.flixcart.com/image/280/280/jpvihzk0/spice-masala/p/z/c/100-chilli-chicken-masala-pouch-aachi-powder-original-imafcyfughekzc85.jpeg?q=70
1480,Aachi,Aachi Chana Masala,100 g,54,https://rukminim1.flixcart.com/image/280/280/jox7xjk0-1/spice-masala/c/f/b/100-channa-masala-box-aachi-powder-original-imafba46quezsspc.jpeg?q=70
1480,Aachi,Aachi Egg Curry Masala,50 g,31,https://rukminim1.flixcart.com/image/280/280/jk76j680/spice-masala/x/h/p/50-egg-curry-masala-pouch-aachi-powder-original-imaf7hk6arbzb28d.jpeg?q=70
1480,Aachi,Aachi Madras Sambar Powder,50 g,25,https://rukminim1.flixcart.com/image/280/280/jox7xjk0-1/spice-masala/m/r/d/50-madras-samabr-powder-pouch-aachi-powder-original-imafba48kvgbwcvv.jpeg?q=70
1480,Aachi,Aachi Fish Curry Masala,50g Aachi Ginger Garlic Paste Free,50,https://rukminim1.flixcart.com/image/280/280/jox7xjk0-1/spice-masala/q/x/t/100-fish-curry-masala-box-aachi-powder-original-imafba3zvrjsgk4n.jpeg?q=70
1480,Aachi,Aachi Curry Masala,50g Aachi Turmeric Powder Free,51,https://rukminim1.flixcart.com/image/280/280/jnj7iq80/spice-masala/n/z/s/100-curry-masala-pouch-aachi-powder-original-imafa76f7gbyhsbv.jpeg?q=70
1480,Aachi,Aachi Meat Masala,100 g,57,https://rukminim1.flixcart.com/image/280/280/jq6y0sw0/spice-masala/h/r/z/100-meat-masala-pouch-aachi-powder-original-imafc9g88gfvnh5n.jpeg?q=70
1480,Aachi,Aachi Kitchen King Masala,100 g,54,https://rukminim1.flixcart.com/image/280/280/jnj7iq80/spice-masala/h/j/g/100-kitchen-king-masala-box-aachi-powder-original-imafa76fmzv4mtf8.jpeg?q=70
1480,Aaditya,"Aaditya Turmeric, Chilli, Coriander Powder",3x200 g,99,https://rukminim1.flixcart.com/image/280/280/k9a8tjk0/spice-masala/t/g/3/600-turmeric-powder-chilli-powder-coriander-powder-pack-of-3-original-imafr43ptcf6mjzn.jpeg?q=70
1480,Aaditya,Aaditya 501 Coriander Powder,500 g,73,https://rukminim1.flixcart.com/image/280/280/k9vofbk0/spice-masala/p/s/r/500-coriander-powder-pouch-aditya-powder-original-imafrkzasgzucqpx.jpeg?q=70
1480,Aaditya,Aaditya Chilli Powder,500 g,123,https://rukminim1.flixcart.com/image/280/280/k9vofbk0/spice-masala/b/t/q/500-chilli-powder-pouch-aditya-powder-original-imafrkzapzzpgdjj.jpeg?q=70
1480,Aaditya,Aaditya 501 Chilli Powder,200 g,53,//img1a.flixcart.com/www/linchpin/fk-cp-zion/img/placeholder_9951d0.svg
1480,Bambino,Bambino Madras Sambar Powder,100 g,32,https://rukminim1.flixcart.com/image/280/280/k6l2vm80/spice-masala/k/f/f/100-madaras-sambar-powder-pouch-bambino-powder-original-imafpymygwzgegbj.jpeg?q=70
1480,Bambino,Bambino Chicken Masala,40 g,35,https://rukminim1.flixcart.com/image/280/280/k6tniq80/spice-masala/u/c/q/40-chicken-masala-box-bambino-powder-original-imafp7agguju8ddj.jpeg?q=70
1480,Bambino,Bambino Meat Masala,40 g,35,https://rukminim1.flixcart.com/image/280/280/k6tniq80/spice-masala/g/y/a/40-mutton-masala-box-bambino-powder-original-imafp7agatnqsmhg.jpeg?q=70
1480,Catch,Catch Jeera - Whole,100 g,34,https://rukminim1.flixcart.com/image/280/280/j3nbwy80/spice-masala/n/f/b/100-sachet-black-jeera-shah-jeera-catch-whole-original-imaeundsqzbvtmmt.jpeg?q=70
1480,Catch,Catch Super Garam Masala,200 g,59,https://rukminim1.flixcart.com/image/280/280/j9yixe80/spice-masala/v/p/k/200-super-garam-masala-pouch-catch-powder-original-imaeznbdaequne9p.jpeg?q=70
1480,Catch,Catch Sprinklers Chat Masala,100 g,52,https://rukminim1.flixcart.com/image/280/280/j3orcsw0/spice-masala/z/z/j/100-sachet-chaat-masala-catch-powder-original-imaeuq8unuumazed.jpeg?q=70
1480,Catch,Catch Hing,100 g,135,https://rukminim1.flixcart.com/image/280/280/jvo4scw0/spice-masala/g/m/d/100-hing-sachet-catch-whole-original-imafgj28umdvzdn6.jpeg?q=70
1480,Catch,Catch Turmeric Powder,100 g,25,https://rukminim1.flixcart.com/image/280/280/j9yixe80/spice-masala/h/u/c/100-turmeric-powder-pouch-catch-powder-original-imaezn6b9fg8fbyu.jpeg?q=70
1480,Catch,Catch Amchur Powder,100 g,63,https://rukminim1.flixcart.com/image/280/280/jdvziq80/spice-masala/f/z/z/100-dry-mango-powder-box-catch-powder-original-imaf2p98yfmhrfyq.jpeg?q=70
1480,Catch,Catch Jeera Powder,100 g,46,https://rukminim1.flixcart.com/image/280/280/j3nbwy80/spice-masala/g/5/z/100-sachet-jeera-catch-powder-original-imaeunzjj2yztrgg.jpeg?q=70
1480,Catch,Catch Red Chilli Powder,200 g,61,https://rukminim1.flixcart.com/image/280/280/j3nbwy80/spice-masala/u/t/w/200-sachet-chilli-catch-powder-original-imaeuzyfyhytefgw.jpeg?q=70
1480,Catch,Catch Coriander Powder,100 g,26,https://rukminim1.flixcart.com/image/280/280/jh9fy4w0/spice-masala/9/d/y/100-coriander-powder-pouch-catch-powder-original-imaf5bzgdgvpfut6.jpeg?q=70
1480,Catch,Catch Sabzi Masala Powder,100 g,48,https://rukminim1.flixcart.com/image/280/280/k33c4nk0/spice-masala/k/8/p/100-sabzi-masala-powder-box-catch-powder-original-imafmanyvwpsfbrq.jpeg?q=70
1480,Catch,Catch Chaat Masala Powder,50 g,25,https://rukminim1.flixcart.com/image/280/280/j3orcsw0/spice-masala/f/z/r/50-sachet-chaat-masala-catch-powder-original-imaeuq8wz5wzekzc.jpeg?q=70
1480,Catch,Catch Dry Ginger Powder,100 g,67,https://rukminim1.flixcart.com/image/280/280/juyev0w0/spice-masala/g/z/y/100-dry-ginger-powder-sachet-catch-powder-original-imaffygp6vffgebd.jpeg?q=70
1480,Catch,Catch Garam Masala,100 g,70,https://rukminim1.flixcart.com/image/280/280/j3orcsw0/spice-masala/f/z/c/100-sachet-garam-masala-catch-powder-original-imaeuq8qshgre9t3.jpeg?q=70
1480,Catch,Catch Sprinklers Black Pepper,100 g,168,https://rukminim1.flixcart.com/image/280/280/j3orcsw0/spice-masala/w/u/v/100-sachet-black-pepper-catch-powder-original-imaeuq8vvh7guzbj.jpeg?q=70
1480,Catch,Catch Kitchen King Masala Powder,100 g,60,https://rukminim1.flixcart.com/image/280/280/j3nbwy80/spice-masala/h/8/z/100-sachet-kitchen-king-masala-catch-powder-original-imaeun7tqwhhffdc.jpeg?q=70
1480,Catch,Catch Chicken Masala,100 g,64,https://rukminim1.flixcart.com/image/280/280/j3nbwy80/spice-masala/y/n/d/100-sachet-chicken-curry-masala-catch-powder-original-imaeun7zdtj4p6zw.jpeg?q=70
1480,Catch,Catch PavBhaji Masala,100 g,57,https://rukminim1.flixcart.com/image/280/280/jp780i80/spice-masala/b/y/h/100-pavbhaji-masala-box-catch-powder-original-imafbhqnbykdthzw.jpeg?q=70
1480,Catch,Catch Chana Masala,100 g,55,https://rukminim1.flixcart.com/image/280/280/j3nbwy80/spice-masala/h/j/n/100-sachet-chana-masala-catch-powder-original-imaeun7z3hrfpvaw.jpeg?q=70
1480,Catch,Catch Tandoori Chicken Masala,100 g,55,https://rukminim1.flixcart.com/image/280/280/jgzfv680/spice-masala/3/9/z/100-tandoori-chicken-masala-sachet-catch-powder-original-imaf53t9ubazpeq3.jpeg?q=70
1480,Catch,Catch Raita Masala,100 g,50,https://rukminim1.flixcart.com/image/280/280/jgzfv680/spice-masala/4/z/x/100-raita-masala-sachet-catch-powder-original-imaf53tdrnq3nhzy.jpeg?q=70
1480,Catch,Catch Black Pepper,50 g,127,https://rukminim1.flixcart.com/image/280/280/jt4olu80/spice-masala/a/x/j/50-black-pepper-grinder-glass-bottle-catch-whole-original-imafejsvtjmrmjpy.jpeg?q=70
1480,Catch,Catch Chhole Masala,100 g,53,https://rukminim1.flixcart.com/image/280/280/jhjg13k0/spice-masala/k/w/e/100-punjabi-chole-masala-sachet-catch-powder-original-imaf5jefs2qs5w8d.jpeg?q=70
1480,Catch,Catch Italian Seasoning Grinder,40 g,119,https://rukminim1.flixcart.com/image/280/280/jt4olu80/herb-seasoning/f/u/u/40-glass-bottle-catch-original-imafek2b8mnraqn2.jpeg?q=70
1480,Catch,Catch Kitchen King,50 g,30,https://rukminim1.flixcart.com/image/280/280/jh6l2fk0/spice-masala/h/s/g/50-kitchen-king-masala-sachet-catch-powder-original-imaf59b33dwmmqf3.jpeg?q=70
1480,Catch,Catch Rajma Masala,20% Extra in Pack,54,https://rukminim1.flixcart.com/image/280/280/j3nbwy80/spice-masala/6/j/f/100-sachet-rajma-masala-catch-powder-original-imaeun7bkksfjc7f.jpeg?q=70
1480,Catch,Catch Sambhar Masala,100 g,55,https://rukminim1.flixcart.com/image/280/280/j9yixe80/spice-masala/m/b/k/100-sambhar-masala-box-catch-powder-original-imaezn6emcgnhht7.jpeg?q=70
1480,Catch,Catch Magic Masala,40 g,125,https://rukminim1.flixcart.com/image/280/280/jt4olu80/spice-masala/g/p/k/40-magic-masala-grinder-glass-bottle-catch-whole-original-imafejsvb9chhkfz.jpeg?q=70
1480,Dabur,Dabur Hommade Tomato Puree,200 g,24,https://rukminim1.flixcart.com/image/280/280/k3q76a80/paste-puree/g/m/c/200-tomato-puree-hommade-tomato-puree-tetrapack-dabur-original-imafmsk6sndqweck.jpeg?q=70
1480,Dabur,Dabur Hommade Coconut Milk,200 ml,71,https://rukminim1.flixcart.com/image/280/280/k47cgi80/paste-puree/d/z/g/200-coconut-milk-hommade-coconut-milk-tetrapack-dabur-original-imafn5ttfbsfgqgx.jpeg?q=70
1480,Dabur,Dabur Hommade Ginger Garlic Paste,100 g,24,https://rukminim1.flixcart.com/image/280/280/j6nxdow0/paste-puree/3/d/a/ginger-garlic-paste-100-ginger-garlic-pouch-hommade-original-imaex3ffhhgfnpse.jpeg?q=70
1480,Dabur,Dabur Hommade Tamarind Paste,200 g,44,//img1a.flixcart.com/www/linchpin/fk-cp-zion/img/placeholder_9951d0.svg
1480,Eastern,Eastern Sambar Powder,100 g,45,https://rukminim1.flixcart.com/image/280/280/j8ndea80/spice-masala/y/f/g/100-sambar-masala-powder-pouch-eastern-powder-original-imaeymhgjtdkuwsy.jpeg?q=70
1480,Eastern,Eastern Compounded Asafoetida (Bandhani Hing) Powder,50 g,60,https://rukminim1.flixcart.com/image/280/280/j8bxvgw0-1/spice-masala/z/w/h/50-hing-powder-pouch-eastern-powder-original-imaeydnz8ejw2cpk.jpeg?q=70
1480,Eastern,Eastern Chicken Masala,100 g,50,https://rukminim1.flixcart.com/image/280/280/j63x7rk0/spice-masala/z/j/x/100-chicken-curry-masala-powder-pouch-eastern-powder-original-imaewndf4phmtd6m.jpeg?q=70
1480,Eastern,Eastern Super Garam Masala,200 g,73,https://rukminim1.flixcart.com/image/280/280/j8bxvgw0-1/spice-masala/h/g/5/200-garam-masala-powder-pouch-eastern-powder-original-imaeydmnanqjrjks.jpeg?q=70
1480,Eastern,Eastern Biryani Masala,100 g,63,https://rukminim1.flixcart.com/image/280/280/j65cnm80/spice-masala/q/e/3/100-biriyani-masala-powder-pouch-eastern-powder-original-imaewzjugh3vqrpm.jpeg?q=70
1480,Eastern,Eastern Kashmiri Chilly Powder,100 g,49,https://rukminim1.flixcart.com/image/280/280/j5lchow0/spice-masala/g/b/8/100-pouch-kashmiri-chilli-eastern-powder-original-imaew5kpfc5hrxr3.jpeg?q=70
1480,Eastern,"Eastern Chilli, Turmeric, Coriander Powder Spices Combo",3x250 g,214,https://rukminim1.flixcart.com/image/280/280/jn6ck280/spice-masala/k/u/u/750-spices-combo-pouch-eastern-powder-original-imaf9sr2rgzeq6eg.jpeg?q=70
1480,Eastern,Eastern Kasuri Methi,25 g,25,https://rukminim1.flixcart.com/image/280/280/joen7gw0/spice-masala/y/4/f/25-kasuri-methi-box-eastern-whole-original-imafar6s4skbgchg.jpeg?q=70
1480,Eastern,Eastern Pepper Powder,100 g,143,https://rukminim1.flixcart.com/image/280/280/j63x7rk0/spice-masala/r/s/2/100-black-pepper-powder-box-eastern-powder-original-imaewngjnzhryzcz.jpeg?q=70
1480,Eastern,Eastern Kebab Masala,100 g,40,https://rukminim1.flixcart.com/image/280/280/joen7gw0/spice-masala/u/x/d/100-kabab-masala-pouch-eastern-powder-original-imafavxuacmfjunp.jpeg?q=70
1480,Eastern,Eastern Coriander Powder,250 g,68,https://rukminim1.flixcart.com/image/280/280/jq4353k0/spice-masala/s/n/f/250-coriander-powder-pouch-eastern-powder-original-imafc7agzyzeyqpc.jpeg?q=70
1480,Eastern,Eastern Chilli Powder,100 g,34,https://rukminim1.flixcart.com/image/280/280/j5lchow0/spice-masala/g/m/f/100-pouch-chilli-eastern-powder-original-imaew5kpvthyhz9b.jpeg?q=70
1480,Eastern,Eastern Dry Ginger Powder,100 g,48,https://rukminim1.flixcart.com/image/280/280/joen7gw0/spice-masala/3/c/t/100-ginger-dry-pouch-eastern-powder-original-imafar6sr6avxupw.jpeg?q=70
1480,Eastern,Eastern Cumin Powder,100 g,46,https://rukminim1.flixcart.com/image/280/280/j63x7rk0/spice-masala/z/h/6/100-jeera-powder-pouch-eastern-powder-original-imaewn99fbgfsxyv.jpeg?q=70
1480,Eastern,Eastern Meat Masala,100 g,46,https://rukminim1.flixcart.com/image/280/280/j66s3gw0/spice-masala/p/z/b/100-meat-masala-powder-pouch-eastern-powder-original-imaewpeb6yb5qww5.jpeg?q=70
1480,Eastern,Eastern Turmeric Powder,100 g,30,https://rukminim1.flixcart.com/image/280/280/j65cnm80/spice-masala/v/j/p/100-turmeric-powder-pouch-eastern-powder-original-imaewzthhxfev6cy.jpeg?q=70
1480,Eastern,Eastern Puliogare Masala,100 g,41,https://rukminim1.flixcart.com/image/280/280/jn0msnk0/spice-masala/2/y/a/100-puliyogare-masala-pouch-eastern-powder-original-imaf9sfdegpqcetp.jpeg?q=70
1480,Eastern,Eastern Rasam Powder,100 g,46,https://rukminim1.flixcart.com/image/280/280/j63x7rk0/spice-masala/g/z/k/100-rasam-masala-powder-pouch-eastern-powder-original-imaewn8gzfhfk4zb.jpeg?q=70
1480,Eastern,Eastern Pepper Chicken Masala,100 g,40,https://rukminim1.flixcart.com/image/280/280/joen7gw0/spice-masala/q/y/v/100-pepper-chicken-masala-pouch-eastern-powder-original-imafar6sytw8ajzy.jpeg?q=70
1480,Eastern,Eastern Garam Masala,100 g,84,https://rukminim1.flixcart.com/image/280/280/jbmjf680/spice-masala/e/h/z/100-garam-masala-pouch-eastern-powder-original-imafyxvnnghmkdpm.jpeg?q=70
1480,Eastern,Eastern Fish Masala,100 g,44,https://rukminim1.flixcart.com/image/280/280/j65cnm80/spice-masala/x/4/2/100-fish-curry-masala-powder-pouch-eastern-powder-original-imaewzjyzfczrpv5.jpeg?q=70
1480,Eastern,Eastern Butter Chicken Masala,40 g,40,https://rukminim1.flixcart.com/image/280/280/joen7gw0/spice-masala/g/h/b/40-butter-chicken-masala-pouch-eastern-powder-original-imafar6s2uwsfy5v.jpeg?q=70
1480,Eastern,Eastern White Pepper Powder,50 g,81,https://rukminim1.flixcart.com/image/280/280/joen7gw0/spice-masala/6/8/3/50-white-pepper-powder-box-eastern-powder-original-imafavxvzyqh7hvz.jpeg?q=70
1480,Eastern,Eastern Paneer Butter Masala,40 g,40,https://rukminim1.flixcart.com/image/280/280/joen7gw0/spice-masala/y/q/n/40-paneer-butter-masala-pouch-eastern-powder-original-imafar6s6acddrsh.jpeg?q=70
1480,Eastern,Eastern Kitchen King Masala,100 g,52,https://rukminim1.flixcart.com/image/280/280/joen7gw0/spice-masala/f/h/j/100-kitchen-king-masala-pouch-eastern-powder-original-imafar6skzku4wfm.jpeg?q=70
1480,Eastern,Eastern Chhole Masala,100 g,59,https://rukminim1.flixcart.com/image/280/280/joen7gw0/spice-masala/e/u/n/100-chhole-masala-box-eastern-powder-original-imafar6sapuzebh3.jpeg?q=70
1480,Everest,Everest Garam Masala,100 g,76,https://rukminim1.flixcart.com/image/280/280/jfsknm80/spice-masala/9/3/f/100-garam-masala-box-everest-powder-original-imaf46hhwc2wkv7h.jpeg?q=70
1480,Everest,Everest Tikhalal Chilli Powder,200 g,75,https://rukminim1.flixcart.com/image/280/280/j4irlow0/spice-masala/9/9/c/200-sachet-tikhalal-chilli-powder-everest-powder-original-imaevdwwg99samqt.jpeg?q=70
1480,Everest,Everest Coriander,200 g,55,https://rukminim1.flixcart.com/image/280/280/jdxeykw0/spice-masala/b/m/d/200-coriander-pouch-everest-powder-original-imaf2qc7hhgpzzyh.jpeg?q=70
1480,Everest,Everest Sabji Masala,100 g,53,https://rukminim1.flixcart.com/image/280/280/jzblaq80/spice-masala/3/j/q/100-sabji-masala-box-everest-powder-original-imafjcvgdwadpj4a.jpeg?q=70
1480,Everest,Everest Kashmirilal Chilli Powder,100 g,57,https://rukminim1.flixcart.com/image/280/280/j4pwsy80/spice-masala/g/y/n/100-box-kashmiri-chilli-everest-powder-original-imaevdwzapbgdghj.jpeg?q=70
1480,Everest,Everest Turmeric Powder,200 g,55,https://rukminim1.flixcart.com/image/280/280/j4sronk0/spice-masala/z/q/p/200-pouch-turmeric-everest-powder-original-imaevmuktrdsgqtk.jpeg?q=70
1480,Everest,Everest Chaat Masala,100 g,61,https://rukminim1.flixcart.com/image/280/280/j4fwpzk0/spice-masala/c/e/7/100-box-chaat-masala-everest-powder-original-imaevahdwzwk2eee.jpeg?q=70
1480,Everest,Everest Chicken Masala,100 g,71,https://rukminim1.flixcart.com/image/280/280/j4fwpzk0/spice-masala/j/u/j/100-box-chicken-curry-masala-everest-powder-original-imaevaheynmgargv.jpeg?q=70
1480,Everest,Everest Cumin Powder,100 g,50,https://rukminim1.flixcart.com/image/280/280/jfsknm80/spice-masala/z/9/z/100-jeera-box-everest-powder-original-imaf46hauzhbgnyk.jpeg?q=70
1480,Everest,Everest Royal Garam Masala,50 g,41,https://rukminim1.flixcart.com/image/280/280/j84so7k0/spice-masala/q/y/3/50-garam-masala-powder-box-everest-powder-original-imaey7zz8fesmtdk.jpeg?q=70
1480,Everest,Everest Kitchen King Masala,100 g,64,https://rukminim1.flixcart.com/image/280/280/j4fwpzk0/spice-masala/b/n/x/100-box-kitchen-king-masala-everest-powder-original-imaevahbwvyfxfpj.jpeg?q=70
1480,Everest,Everest Black Pepper Powder,100 g,148,https://rukminim1.flixcart.com/image/280/280/j4fwpzk0/spice-masala/s/g/m/100-box-black-pepper-everest-powder-original-imaevahdvhgakwdp.jpeg?q=70
1480,Everest,Everest Chhole Masala,100 g,62,https://rukminim1.flixcart.com/image/280/280/j84so7k0/spice-masala/d/b/r/100-chhole-masala-box-everest-powder-original-imaey8f8wmnzj3av.jpeg?q=70
1480,Everest,Everest Meat Masala,100 g,71,https://rukminim1.flixcart.com/image/280/280/j4eha4w0/spice-masala/q/h/6/100-box-meat-masala-everest-powder-original-imaevahf8ynkkysk.jpeg?q=70
1480,Everest,Everest Sambhar Masala,50 g,34,https://rukminim1.flixcart.com/image/280/280/jdvziq80/spice-masala/n/x/8/50-sambar-masala-pouch-everest-powder-original-imaf2zzbkvaxpzfg.jpeg?q=70
1480,Everest,Everest Coriander Powder,500 g,133,https://rukminim1.flixcart.com/image/280/280/j4fwpzk0/spice-masala/h/6/w/500-pouch-coriander-everest-powder-original-imaevahchnpxskqz.jpeg?q=70
1480,Everest,Everest Sabji Masala Powder,50 g,29,https://rukminim1.flixcart.com/image/280/280/jdoubgw0/spice-masala/r/7/3/50-sabji-masala-box-everest-powder-original-imaf2jky3zhks3ms.jpeg?q=70
1480,Everest,Everest Kutilal Chilli Powder,200 g,67,https://rukminim1.flixcart.com/image/280/280/jfsknm80/spice-masala/c/j/h/200-chilli-powder-pouch-everest-powder-original-imaf46heqg5tpsmd.jpeg?q=70
1480,Everest,Everest Tandoori Chicken Masala,100 g,71,https://rukminim1.flixcart.com/image/280/280/j4fwpzk0/spice-masala/a/j/x/100-box-tandoori-chicken-masala-everest-powder-original-imaevahahugkwzs4.jpeg?q=70
1480,Flipkart Supermart Select,Flipkart Supermart Select Black Pepper (Kali Mirch),100 g,69,https://rukminim1.flixcart.com/image/280/280/k7285u80/spice-masala/t/n/j/100-black-pepper-kali-mirch-pouch-flipkart-supermart-select-original-imafpdsfnmxzq4bn.jpeg?q=70
1480,Flipkart Supermart Select,Flipkart Supermart Select Cumin Seeds (Jeera),100 g,32,https://rukminim1.flixcart.com/image/280/280/k7ksvww0/spice-masala/7/w/2/100-cumin-seeds-jeera-pouch-flipkart-supermart-select-whole-original-imafps7vnmkgnjfk.jpeg?q=70
1480,Flipkart Supermart Select,Flipkart Supermart Select Mustard (Rai Small),100 g,16,https://rukminim1.flixcart.com/image/280/280/k70spzk0/spice-masala/q/p/f/100-mustard-rai-small-pouch-flipkart-supermart-select-whole-original-imafpck6jt4fnggg.jpeg?q=70
1480,Flipkart Supermart Select,Flipkart Supermart Select Fenugreek (Methi),100 g,21,//img1a.flixcart.com/www/linchpin/fk-cp-zion/img/placeholder_9951d0.svg
1480,Flipkart Supermart Select,Flipkart Supermart Select Cardamom (Elaichi Green),100 g,592,https://rukminim1.flixcart.com/image/280/280/k7285u80/spice-masala/h/h/k/100-cardamom-elaichi-green-pouch-flipkart-supermart-select-whole-original-imafpdsfqzw3ebqy.jpeg?q=70
1480,Flipkart Supermart Select,Flipkart Supermart Select Till Regular,100 g,28,https://rukminim1.flixcart.com/image/280/280/k70spzk0/spice-masala/v/p/7/100-till-regular-pouch-flipkart-supermart-select-whole-original-imafpck6ygrpydpn.jpeg?q=70
1480,Flipkart Supermart Select,Flipkart Supermart Select Coriander (Dhania Seeds),100 g,30,https://rukminim1.flixcart.com/image/280/280/k7285u80/spice-masala/q/7/d/100-coriander-dhania-seeds-pouch-flipkart-supermart-select-whole-original-imafpdsfh7fjfmaa.jpeg?q=70
1480,Flipkart Supermart Select,Flipkart Supermart Select Ajwain Whole,100 g,39,https://rukminim1.flixcart.com/image/280/280/k7ksvww0/spice-masala/t/p/z/100-ajwain-whole-pouch-flipkart-supermart-select-whole-original-imafps7wkrsaex63.jpeg?q=70
1480,Flipkart Supermart Select,Flipkart Supermart Select Mustard (Rai Big),100 g,19,https://rukminim1.flixcart.com/image/280/280/k70spzk0/spice-masala/u/t/u/500-mustard-rai-big-pouch-flipkart-supermart-select-whole-original-imafpck6yrgtdsu6.jpeg?q=70
1480,Flipkart Supermart Select,Flipkart Supermart Select Bay Leaf ( Tej Patta ),50 g,25,https://rukminim1.flixcart.com/image/280/280/k7ksvww0/spice-masala/w/t/n/50-bay-leaf-tej-patta-pouch-flipkart-supermart-select-whole-original-imafps7vz7paczvy.jpeg?q=70
1480,Flipkart Supermart Select,Flipkart Supermart Select Kasuri Methi,100 g,42,https://rukminim1.flixcart.com/image/280/280/k7ksvww0/spice-masala/c/5/a/100-kasuri-methi-pouch-flipkart-supermart-select-whole-original-imafps7v8ehkepzj.jpeg?q=70
1480,Flipkart Supermart Select,Flipkart Supermart Select Cloves (Launga),100 g,126,https://rukminim1.flixcart.com/image/280/280/k7ksvww0/spice-masala/2/w/x/100-cloves-launga-pouch-flipkart-supermart-select-whole-original-imafps7vgduyaevc.jpeg?q=70
1480,Flipkart Supermart Select,Flipkart Supermart Select Cardamom (Elaichi Black),100 g,132,https://rukminim1.flixcart.com/image/280/280/k6jnfrk0/spice-masala/d/t/z/100-cardamom-elaichi-black-pouch-flipkart-supermart-select-whole-original-imafzzg4hptawn8t.jpeg?q=70
1480,Flipkart Supermart Select,Flipkart Supermart Select Dry Ginger (Adarakh),100 g,65,https://rukminim1.flixcart.com/image/280/280/k7ksvww0/spice-masala/j/k/h/100-dry-ginger-adarakh-pouch-flipkart-supermart-select-whole-original-imafps7wddevtzmh.jpeg?q=70
1480,Flipkart Supermart Select,Flipkart Supermart Select Shahjeera,100 g,101,https://rukminim1.flixcart.com/image/280/280/k70spzk0/spice-masala/f/y/g/100-shahjeera-pouch-flipkart-supermart-select-whole-original-imafpck6zjzefbcb.jpeg?q=70
1480,Flipkart Supermart Select,Flipkart Supermart Select Mustard (Rai Yellow),100 g,18,https://rukminim1.flixcart.com/image/280/280/k7ksvww0/spice-masala/j/k/u/100-mustard-rai-yellow-pouch-flipkart-supermart-select-whole-original-imafps7wjqrgxwvh.jpeg?q=70
1480,Flipkart Supermart Select,Flipkart Supermart Select Ananas Flower,100 g,106,https://rukminim1.flixcart.com/image/280/280/jd0jtzk0/spice-masala/d/q/x/100-ananas-flower-pouch-flipkart-supermart-select-whole-original-imaf2f2puawpbnh4.jpeg?q=70
1480,Flipkart Supermart Select,Flipkart Supermart Select Kalonji,100 g,33,https://rukminim1.flixcart.com/image/280/280/k7ksvww0/spice-masala/d/p/h/100-kalonji-pouch-flipkart-supermart-select-whole-original-imafps7wknbwugem.jpeg?q=70
1480,Flipkart Supermart Select,Flipkart Supermart Select Khus Khus Posta Dana,100 g,247,https://rukminim1.flixcart.com/image/280/280/k6jnfrk0/spice-masala/z/y/v/100-khus-khus-posta-dana-pouch-flipkart-supermart-select-whole-original-imafzzg4fzxwjra9.jpeg?q=70
1480,Flipkart Supermart Select,Flipkart Supermart Select Turmeric (Haldi Sticks),100 g,44,https://rukminim1.flixcart.com/image/280/280/k6jnfrk0/spice-masala/x/q/f/100-turmeric-haldi-sticks-pouch-flipkart-supermart-select-whole-original-imafzzg4ktm4xfjt.jpeg?q=70
1480,Flipkart Supermart Select,Flipkart Supermart Select Mace (Javitri),100 g,512,https://rukminim1.flixcart.com/image/280/280/k7ksvww0/spice-masala/e/b/g/100-mace-javitri-pouch-flipkart-supermart-select-whole-original-imafps7wqypy72ar.jpeg?q=70
1480,Flipkart Supermart Select,Flipkart Supermart Select Marathi Moggu,50 g,57,https://rukminim1.flixcart.com/image/280/280/k70spzk0/spice-masala/m/h/y/50-marathi-moggu-pouch-flipkart-supermart-select-whole-original-imafpck6uqkbmwzn.jpeg?q=70
1480,Flipkart Supermart Select,Flipkart Supermart Select Till Nylon,100 g,31,https://rukminim1.flixcart.com/image/280/280/k7ksvww0/spice-masala/h/m/3/100-till-nylon-pouch-flipkart-supermart-select-whole-original-imafps7v9vgwrmyh.jpeg?q=70
1480,Flipkart Supermart Select,Flipkart Supermart Select Till Black,100 g,59,https://rukminim1.flixcart.com/image/280/280/k7ksvww0/spice-masala/p/a/u/100-till-black-pouch-flipkart-supermart-select-whole-original-imafps7wftrzk5sn.jpeg?q=70
1480,Flipkart Supermart Select,Flipkart Supermart Select Dhania Dal,100 g,39,https://rukminim1.flixcart.com/image/280/280/k7ksvww0/spice-masala/z/f/t/100-dhania-dal-pouch-flipkart-supermart-select-whole-original-imafps7wzhjzdcbv.jpeg?q=70
1480,Flipkart Supermart Select,Flipkart Supermart Select Nutmeg,100 g,116,https://rukminim1.flixcart.com/image/280/280/k6jnfrk0/spice-masala/k/z/s/100-nutmeg-pouch-flipkart-supermart-select-whole-original-imafzzg4bhscqvgf.jpeg?q=70
1480,JK,JK Panch Foran,100 g,37,https://rukminim1.flixcart.com/image/280/280/jw84ya80/spice-masala/f/h/g/100-panch-foran-pouch-jk-whole-original-imafgygh7h8f43zb.jpeg?q=70
1480,JK,JK Kasuri Methi Leaf,100 g,72,https://rukminim1.flixcart.com/image/280/280/jw84ya80/spice-masala/p/h/4/100-kasuri-methi-leaf-pouch-jk-whole-original-imafgyghfuctkkmc.jpeg?q=70
1480,JK,JK Sounf,100 g,38,https://rukminim1.flixcart.com/image/280/280/jw84ya80/spice-masala/2/m/g/100-sounf-pouch-jk-whole-original-imafgyggzchgap6c.jpeg?q=70
1480,JK,JK Black Pepper,100 g,128,https://rukminim1.flixcart.com/image/280/280/jw84ya80/spice-masala/3/m/f/100-black-pepper-pouch-jk-whole-original-imafgygjz9tmjtpq.jpeg?q=70
1480,JK,JK Methi,100 g,25,https://rukminim1.flixcart.com/image/280/280/jw84ya80/spice-masala/x/w/j/100-methi-pouch-jk-whole-original-imafgyggwg5bqhfy.jpeg?q=70
1480,JK,JK Kala Jeera,50 g,25,https://rukminim1.flixcart.com/image/280/280/jw84ya80/spice-masala/b/7/y/50-kala-jeera-pouch-jk-whole-original-imafgyghmszq8the.jpeg?q=70
1480,JK,JK Tea Masala,100 g,97,https://rukminim1.flixcart.com/image/280/280/jw84ya80/spice-masala/s/m/e/100-tea-masala-glass-bottle-jk-powder-original-imafgygjz48v3yvq.jpeg?q=70
1480,JK,JK Rajasthani Mirch Powder,250 g,94,https://rukminim1.flixcart.com/image/280/280/k0y6cnk0/spice-masala/q/r/x/250-rajasthani-red-chili-powder-pouch-jk-powder-original-imafkmpvgyexn86c.jpeg?q=70
1480,JK,JK Cardamom,100 g,652,https://rukminim1.flixcart.com/image/280/280/jw84ya80/spice-masala/g/g/x/100-cardamom-pouch-jk-whole-original-imafgygh7m6typpa.jpeg?q=70
1480,JK,JK Jaipuri Red Chili,100 g,40,https://rukminim1.flixcart.com/image/280/280/k0y6cnk0/spice-masala/q/q/2/100-jaipuri-red-chili-pouch-jk-whole-original-imafkmphd38peuef.jpeg?q=70
1480,JK,JK Rajasthani Dhaniya Powder,250 g,83,https://rukminim1.flixcart.com/image/280/280/k0y6cnk0/spice-masala/y/m/8/250-rajasthani-coriander-powder-pouch-jk-powder-original-imafkmpv8wzgkah7.jpeg?q=70
1480,JK,JK Cardamom Green,25 g,178,https://rukminim1.flixcart.com/image/280/280/jw84ya80/spice-masala/j/d/d/25-cardamom-green-pouch-jk-whole-original-imafgygnz2hsuceh.jpeg?q=70
1480,JK,JK Clove,100 g,158,https://rukminim1.flixcart.com/image/280/280/jvgzl3k0/spice-masala/f/s/n/100-clove-pouch-jk-whole-original-imafgdgxevuubg5n.jpeg?q=70
1480,JK,JK Jeera,100 g,51,https://rukminim1.flixcart.com/image/280/280/jw84ya80/spice-masala/j/c/x/100-jeera-pouch-jk-whole-original-imafgyggfgyf62pg.jpeg?q=70
1480,JK,JK Yellow Mustard Seed,100 g,19,https://rukminim1.flixcart.com/image/280/280/jw84ya80/spice-masala/g/e/d/100-yellow-mustard-seed-pouch-jk-whole-original-imafgyghn4wwb2h5.jpeg?q=70
1480,JK,JK Jaifal,25 g,43,https://rukminim1.flixcart.com/image/280/280/jw84ya80/spice-masala/7/b/g/25-jaifal-pouch-jk-whole-original-imafgygggsqmkrfg.jpeg?q=70
1480,JK,JK Ajwan,100 g,50,https://rukminim1.flixcart.com/image/280/280/jw84ya80/spice-masala/h/z/g/100-ajwan-pouch-jk-whole-original-imafgyggs7e9ge3z.jpeg?q=70
1480,JK,JK Red Sarsoo,100 g,18,https://rukminim1.flixcart.com/image/280/280/jw84ya80/spice-masala/j/u/6/100-red-sarsoo-pouch-jk-whole-original-imafgygg7da4nzfm.jpeg?q=70
1480,JK,JK Dhaniya,100 g,34,https://rukminim1.flixcart.com/image/280/280/jw84ya80/spice-masala/g/w/h/100-dhaniya-pouch-jk-whole-original-imafgyggfg45psfd.jpeg?q=70
1480,JK,JK Star Anise,50 g,79,https://rukminim1.flixcart.com/image/280/280/k0y6cnk0/spice-masala/z/j/k/50-star-anise-pouch-jk-whole-original-imafkmpxyfvvt4sh.jpeg?q=70
1480,JK,JK White Pepper,50 g,123,https://rukminim1.flixcart.com/image/280/280/jw84ya80/spice-masala/p/d/y/50-white-pepper-pouch-jk-whole-original-imafgyghbudqsmj9.jpeg?q=70
1480,Kohinoor,Kohinoor Hyderabadi Biryani Masala,15 g,14,https://rukminim1.flixcart.com/image/280/280/jynat8w0/spice-masala/j/k/v/15-hyderabadi-biryani-masala-pouch-kohinoor-powder-original-imafgu3txc69egby.jpeg?q=70
1480,Kohinoor,Kohinoor Punjabi Paneer Butter Masala,15 g,16,https://rukminim1.flixcart.com/image/280/280/jynat8w0/spice-masala/y/h/z/15-punjabi-paneer-butter-masala-pouch-kohinoor-powder-original-imafgu3uzbfbd3d7.jpeg?q=70
1480,Kohinoor,Kohinoor Dilli Choley Masala,15 g,16,https://rukminim1.flixcart.com/image/280/280/jynat8w0/spice-masala/w/j/2/15-dilli-choley-masala-pouch-kohinoor-powder-original-imafgu3tzfheebvu.jpeg?q=70
1480,Kohinoor,Kohinoor Amritsari Tandoori Chicken Masala,15 g,15,https://rukminim1.flixcart.com/image/280/280/jynat8w0/spice-masala/v/2/u/15-amritsari-tandoori-chicken-masala-pouch-kohinoor-powder-original-imafgu3uzpjavfye.jpeg?q=70
1480,Kohinoor,Kohinoor Mumbai Pav Bhaji Masala,15 g,15,https://rukminim1.flixcart.com/image/280/280/jynat8w0/spice-masala/a/e/c/15-mumbai-pav-bhaji-masala-pouch-kohinoor-powder-original-imafgu3u8tqvzdap.jpeg?q=70
1480,Kohinoor,Kohinoor Jammu Rajma Masala,15 g,15,https://rukminim1.flixcart.com/image/280/280/jynat8w0/spice-masala/g/r/h/15-jammu-rajma-masala-pouch-kohinoor-powder-original-imafgu3tyvjezm8m.jpeg?q=70
1480,Kohinoor,Kohinoor Punjabi Butter Chicken Masala,15 g,15,https://rukminim1.flixcart.com/image/280/280/jynat8w0/spice-masala/a/s/e/15-punjabi-butter-chicken-masala-pouch-kohinoor-powder-original-imafgu3tmhspjhjp.jpeg?q=70
1480,Kohinoor,Kohinoor Kashmiri Meat Masala,15 g,20,https://rukminim1.flixcart.com/image/280/280/jynat8w0/spice-masala/w/j/q/15-kashmiri-meat-masala-pouch-kohinoor-powder-original-imafgu3t7pv8sygh.jpeg?q=70
1480,Kohinoor,Kohinoor Garam Masala-E-Khaas,Airtight Glass Bottle Free,108,https://rukminim1.flixcart.com/image/280/280/jynat8w0/spice-masala/k/s/v/90-garam-masala-e-khaas-box-kohinoor-powder-original-imafgu3uthtgxmzz.jpeg?q=70
1480,Kohinoor,Kohinoor Lazeez Sabzi Masala,40 g,35,https://rukminim1.flixcart.com/image/280/280/jyt0knk0/spice-masala/h/r/n/40-lazeez-sabzi-masala-pouch-kohinoor-powder-original-imafgu3vyg9ztngc.jpeg?q=70
1480,Kohinoor,"Kohinoor Garam, Biryani, Butter Chicken, Meat Masala Spices Combo",85 g,74,https://rukminim1.flixcart.com/image/280/280/k6dxocw0/spice-masala/a/d/u/85-garam-biryani-butter-chicken-meat-masala-spices-combo-pouch-original-imafzsq8ct4u89yv.jpeg?q=70
1480,Kohinoor,"Kohinoor Garam, Pav Bhaji, Panner Butter, Rajma Masala Spices Combo",85 g,68,https://rukminim1.flixcart.com/image/280/280/k6dxocw0/spice-masala/h/e/v/85-garam-pav-bhaji-panner-butter-rajma-masala-spices-combo-pouch-original-imafzsq8dnuardhp.jpeg?q=70
1480,Kwality,Kwality Kasuri Methi,100 g,48,https://rukminim1.flixcart.com/image/280/280/juwzf680/spice-masala/f/q/z/100-kasuri-methi-pouch-kwality-powder-original-imaffxjcujgg94nn.jpeg?q=70
1480,Kwality,Kwality Chhole Masala,100 g,39,https://rukminim1.flixcart.com/image/280/280/juu4jgw0/spice-masala/j/h/e/100-chhole-masala-box-kwality-powder-original-imaffvq4tuxhnfqn.jpeg?q=70
1480,Kwality,Kwality Garam Masala,100 g,48,https://rukminim1.flixcart.com/image/280/280/ju1jqfk0/spice-masala/r/h/4/100-garam-masala-box-kwality-powder-original-imaff9bhfasrrbua.jpeg?q=70
1480,Kwality,Kwality Gobi Manchurian Masala,125 g,35,//img1a.flixcart.com/www/linchpin/fk-cp-zion/img/placeholder_9951d0.svg
1480,Kwality,Kwality Chat Masala,100 g,39,https://rukminim1.flixcart.com/image/280/280/ju1jqfk0/spice-masala/7/q/5/100-chat-masala-box-kwality-powder-original-imaff9bhrhyj6mtp.jpeg?q=70
1480,Kwality,Kwality Kitchen King,100 g,42,https://rukminim1.flixcart.com/image/280/280/juwzf680/spice-masala/y/t/7/100-kitchen-king-box-kwality-powder-original-imaffxjdjtbwhsuj.jpeg?q=70
1480,Maggi,Maggi Masala Magic,72 g,50,https://rukminim1.flixcart.com/image/280/280/k8ytaq80/spice-masala/8/x/e/72-masala-magic-pouch-maggi-powder-original-imafquw6nffmcg4g.jpeg?q=70
1480,Maggi,Maggi Magic Cubes Chicken Masala,40 g,35,https://rukminim1.flixcart.com/image/280/280/jsdj8nk0/spice-masala/u/x/k/40-magic-cubes-chicken-masala-pouch-maggi-cubes-original-imafdyzpsqfawjan.jpeg?q=70
1480,Maggi,Maggi Magic Cubes Vegetarian Masala,40 g,35,https://rukminim1.flixcart.com/image/280/280/jsdj8nk0/spice-masala/c/h/k/40-magic-cubes-vegetarian-masala-pouch-maggi-cubes-original-imafdyzpkrckjggp.jpeg?q=70
1480,Maiyas,Maiyas Puliyogare Powder,100 g,42,https://rukminim1.flixcart.com/image/280/280/ja1dt3k0/spice-masala/g/f/z/100-puliyogare-powder-pouch-maiyas-powder-original-imaezpnhhwzyjz7r.jpeg?q=70
1480,Maiyas,Maiyas Rasam Powder,100 g,46,https://rukminim1.flixcart.com/image/280/280/ja73ki80/spice-masala/v/f/h/100-rasam-masala-powder-pouch-maiyas-powder-original-imaeztwnt45vhvre.jpeg?q=70
1480,Maiyas,Maiyas Vangibath Powder,100 g,48,https://rukminim1.flixcart.com/image/280/280/jdeu8i80/spice-masala/f/v/6/100-vangibath-powder-pouch-maiyas-powder-original-imaf2bzbpxzcgz28.jpeg?q=70
1480,Maiyas,Maiyas Sambar Powder,100 g,48,//img1a.flixcart.com/www/linchpin/fk-cp-zion/img/placeholder_9951d0.svg
1480,Maiyas,Maiyas Bisibelebath Powder,100 g,48,https://rukminim1.flixcart.com/image/280/280/j9zyd8w0/spice-masala/3/5/j/100-bisibelebath-powder-pouch-maiyas-powder-original-imaezz9ygszv7x38.jpeg?q=70
1480,MDH,MDH Chunky Chat Masala,100 g,61,https://rukminim1.flixcart.com/image/280/280/j84so7k0/spice-masala/h/e/g/100-chaat-masala-powder-box-mdh-powder-original-imaey8yhjrzrkpd7.jpeg?q=70
1480,MDH,MDH Kashmiri Mirch,100 g,59,https://rukminim1.flixcart.com/image/280/280/j84so7k0/spice-masala/u/b/g/100-kashmiri-mirch-chilli-box-mdh-whole-original-imaey8yn7eg9gntz.jpeg?q=70
1480,MDH,MDH Hing,10 g,63,https://rukminim1.flixcart.com/image/280/280/jraycnk0/spice-masala/8/m/k/10-hing-plastic-bottle-mdh-powder-original-imafd52pjzwybavp.jpeg?q=70
1480,MDH,MDH Chana Masala,100 g,61,https://rukminim1.flixcart.com/image/280/280/j4eha4w0/spice-masala/z/4/t/100-box-chana-masala-mdh-powder-original-imaevahxj2f2cu4k.jpeg?q=70
1480,MDH,MDH Lal Mirch Powder,100 g,33,https://rukminim1.flixcart.com/image/280/280/j9it30w0/spice-masala/z/t/4/100-lal-mirch-powder-box-mdh-powder-original-imaezawrkzvdgyhg.jpeg?q=70
1480,MDH,MDH Kitchen King Mixed Spices Powder,100 g,67,https://rukminim1.flixcart.com/image/280/280/j4hc5u80/spice-masala/d/t/b/100-box-kitchen-king-masala-mdh-powder-original-imaevcqgbj9fhgn4.jpeg?q=70
1480,MDH,MDH Garam Masala,100 g,77,https://rukminim1.flixcart.com/image/280/280/j4sronk0/spice-masala/v/q/s/100-box-garam-masala-mdh-powder-original-imaevmumgdyd4dy9.jpeg?q=70
1480,MDH,MDH Pav Bhaji Masala,100 g,63,https://rukminim1.flixcart.com/image/280/280/j4hc5u80/spice-masala/6/4/a/100-box-pav-bhaji-masala-mdh-powder-original-imaevcqjsgm6x5yt.jpeg?q=70
1480,MDH,MDH (Haldi)Turmeric Powder,100 g,28,https://rukminim1.flixcart.com/image/280/280/j4sronk0/spice-masala/e/v/h/100-box-turmeric-mdh-powder-original-imaevmuhmybmbjza.jpeg?q=70
1480,MDH,MDH Meat Ka Masala,100 g,69,https://rukminim1.flixcart.com/image/280/280/j4sronk0/spice-masala/x/t/u/100-box-meat-masala-mdh-powder-original-imaevmuh6wweanrs.jpeg?q=70
1480,MDH,MDH Black Pepper Powder,50 g,69,https://rukminim1.flixcart.com/image/280/280/j4pwsy80-1/spice-masala/m/y/h/50-box-black-pepper-mdh-powder-original-imaevcqcftq4czju.jpeg?q=70
1480,MDH,MDH Kasoori Methi,50 g,46,https://rukminim1.flixcart.com/image/280/280/j4fwpzk0/spice-masala/z/a/k/50-box-kasoori-methi-mdh-whole-original-imaevahfthmz4hk3.jpeg?q=70
1480,MDH,MDH Chicken Masala,100 g,66,https://rukminim1.flixcart.com/image/280/280/j8osu4w0/spice-masala/7/t/e/100-chicken-masala-box-mdh-powder-original-imaeynbdd9avdzpu.jpeg?q=70
1480,MDH,MDH Shahi Paneer Masala,100 g,79,https://rukminim1.flixcart.com/image/280/280/j4hc5u80/spice-masala/6/q/t/100-box-shahi-paneer-masala-mdh-powder-original-imaevcqazzn6g5bt.jpeg?q=70
1480,MDH,MDH Biryani Masala,50 g,77,https://rukminim1.flixcart.com/image/280/280/j4hc5u80/spice-masala/f/b/y/50-box-biriyani-masala-mdh-powder-original-imaevcqcqzjsfdyh.jpeg?q=70
1480,MDH,MDH Rajmah Masala,100 g,60,https://rukminim1.flixcart.com/image/280/280/j4fwpzk0/spice-masala/2/7/g/100-box-rajma-masala-mdh-powder-original-imaevahwhhw24gse.jpeg?q=70
1480,MDH,MDH Sambhar Masala,50 g,32,https://rukminim1.flixcart.com/image/280/280/j8kiikw0-1/spice-masala/2/g/b/50-sambar-masala-powder-box-mdh-powder-original-imaeykmygvx2hx2q.jpeg?q=70
1480,MDH,MDH Deggi Mirch,500 g,282,https://rukminim1.flixcart.com/image/280/280/jxp08sw0/spice-masala/a/x/v/500-deggi-mirch-box-mdh-powder-original-imafg367yhz4j9qd.jpeg?q=70
1480,MTR,MTR Puliogare Powder,100 g,53,https://rukminim1.flixcart.com/image/280/280/j3nbwy80/spice-masala/b/d/d/100-pouch-puliyogare-mtr-foods-powder-original-imaeup2bkcyqjfgv.jpeg?q=70
1480,MTR,MTR Hing Powder,50 g,74,https://rukminim1.flixcart.com/image/280/280/j3nbwy80/spice-masala/d/j/r/50-plastic-bottle-hing-mtr-foods-powder-original-imaeuz3ryk7zqcsp.jpeg?q=70
1480,MTR,MTR Lemon Rice Powder,50 g,20,https://rukminim1.flixcart.com/image/280/280/jm81zm80/spice-masala/a/x/9/50-lemon-rice-powder-pouch-mtr-powder-original-imaf967dedppzquj.jpeg?q=70
1480,MTR,MTR Rasam Powder,100 g,52,https://rukminim1.flixcart.com/image/280/280/j3nbwy80/spice-masala/n/x/r/100-sachet-rasam-masala-mtr-foods-powder-original-imaeup2vmb4rvsgw.jpeg?q=70
1480,MTR,MTR Special Garam Masala,50 g,48,https://rukminim1.flixcart.com/image/280/280/j3nbwy80/spice-masala/a/m/h/50-pouch-garam-masala-mtr-foods-powder-original-imaeuz7yd7hp8es3.jpeg?q=70
1480,MTR,MTR Spicy Sambar Powder,100 g,53,https://rukminim1.flixcart.com/image/280/280/j3nbwy80/ready-meal/r/h/6/100-spicy-sambar-powder-mtr-original-imaeuqjzuygpac79.jpeg?q=70
1480,MTR,MTR Tomato Rice Powder,50 g,17,https://rukminim1.flixcart.com/image/280/280/jlv70y80/spice-masala/y/h/j/50-tomato-rice-powder-pouch-mtr-powder-original-imaf8wk5arjegy5h.jpeg?q=70
1480,MTR,MTR Sambar Powder,100 g,50,https://rukminim1.flixcart.com/image/280/280/j3nbwy80/spice-masala/v/m/x/100-pouch-sambar-masala-mtr-foods-powder-original-imaeup8fhkgkzy2z.jpeg?q=70
1480,MTR,MTR Bisibele Bhath Masala,100 g,55,https://rukminim1.flixcart.com/image/280/280/j3nbwy80/spice-masala/2/g/b/100-pouch-bisibelebath-powder-mtr-foods-powder-original-imaeupbqhqf7gsqg.jpeg?q=70
1480,MTR,MTR Vangi Bhath Masala Powder,200 g,97,https://rukminim1.flixcart.com/image/280/280/j3nbwy80/spice-masala/s/z/q/200-pouch-vangibath-powder-mtr-foods-powder-original-imaeup8v4r5xhvnb.jpeg?q=70
1480,MTR,MTR Chutney Powder,200 g,97,https://rukminim1.flixcart.com/image/280/280/jk76j680/spice-masala/f/x/z/200-chutney-powder-pouch-mtr-powder-original-imaf7hk6znjyht8h.jpeg?q=70
1480,MTR,MTR Masala Karam Powder,100 g,45,https://rukminim1.flixcart.com/image/280/280/k0cqqvk0/spice-masala/y/n/m/100-masala-karam-powder-pouch-mtr-powder-original-imafk5tzqagyjhdj.jpeg?q=70
1480,MTR,MTR Puliogare Paste,200 g,89,https://rukminim1.flixcart.com/image/280/280/j3nbwy80/paste-puree/5/5/j/200-puliogare-paste-sachet-mtr-original-imaeuzazexsqgyxp.jpeg?q=70
1480,MTR,MTR Turmeric Powder,100 g,32,https://rukminim1.flixcart.com/image/280/280/j3nbwy80/spice-masala/r/s/9/100-pouch-turmeric-mtr-foods-powder-original-imaeupah3agzuhbh.jpeg?q=70
1480,MTR,MTR Lal Mirch Chilli Powder,100 g,32,https://rukminim1.flixcart.com/image/280/280/j65cnm80/spice-masala/h/z/g/100-chilli-powder-pouch-mtr-powder-original-imaewzka4mpc3gew.jpeg?q=70
1480,MTR,MTR Lemon Rice with Tomato Rice Powder,2x50 g,40,https://rukminim1.flixcart.com/image/280/280/k0wqwsw0/spice-masala/k/p/g/100-lemon-rice-with-tomato-rice-powder-pouch-mtr-powder-original-imafkhm9fveamzcn.jpeg?q=70
1480,MTR,MTR Coriander Powder,100 g,32,https://rukminim1.flixcart.com/image/280/280/j3nbwy80/spice-masala/8/d/9/100-pouch-coriander-mtr-foods-powder-original-imaeupauhxzztryy.jpeg?q=70
1480,MTR,"MTR Rasam ,Sambar, Puliogare Powder Combo",3x200 g,257,https://rukminim1.flixcart.com/image/280/280/jvfk58w0/spice-masala/z/z/z/600-rasam-sambar-puligore-powder-combo-pouch-mtr-powder-original-imafgcdfbptcrqdz.jpeg?q=70
1480,MTR,MTR Gojju Magic Masala,60 g,30,https://rukminim1.flixcart.com/image/280/280/k6jnfrk0/spice-masala/n/h/n/60-gojju-magic-masala-pouch-mtr-powder-original-imafzz83vkgjzbpe.jpeg?q=70
1480,MTR,MTR Jeera Powder,100 g,54,https://rukminim1.flixcart.com/image/280/280/j3nbwy80/spice-masala/j/b/r/100-pouch-black-jeera-shah-jeera-mtr-foods-powder-original-imaeupb2kqa55yvf.jpeg?q=70
1480,Organic Tattva,Organic Tattva Turmeric Powder,200 g,68,https://rukminim1.flixcart.com/image/280/280/jn6ck280/spice-masala/w/u/4/200-turmeric-pouch-organic-tattva-powder-original-imaf9wsujpy4rhc8.jpeg?q=70
1480,Organic Tattva,Organic Tattva Coriander,100 g,45,https://rukminim1.flixcart.com/image/280/280/k6i7zww0/spice-masala/s/f/s/100-organic-coriander-pouch-organic-tattva-powder-original-imafzy45sw3psggn.jpeg?q=70
1480,Organic Tattva,Organic Tattva Cumin,100 g,59,https://rukminim1.flixcart.com/image/280/280/k6i7zww0/spice-masala/z/h/z/100-organic-cumin-pouch-organic-tattva-whole-original-imafzy45mkxd3psq.jpeg?q=70
1480,Organic Tattva,Organic Tattva Red Chilly Powder,200 g,102,//img1a.flixcart.com/www/linchpin/fk-cp-zion/img/placeholder_9951d0.svg
1480,Origo Fresh,Origo Fresh Tamrind Black,200 g,60,https://rukminim1.flixcart.com/image/280/280/jdnevm80/spice-masala/m/z/g/200-tamrind-black-pouch-origo-fresh-whole-original-imaf2gu4wmpvucu3.jpeg?q=70
1480,Origo Fresh,Origo Fresh Byadgi Chilli Stemless,200 g,106,https://rukminim1.flixcart.com/image/280/280/jcatwnk0/spice-masala/n/n/b/200-byadagi-chilli-stemless-pouch-origo-fresh-whole-original-imaffgrdbkwbtjfm.jpeg?q=70
1480,Origo Fresh,Origo Fresh Guntur Chilli Stemless,100 g,39,https://rukminim1.flixcart.com/image/280/280/jcatwnk0/spice-masala/a/s/h/100-guntur-chilli-stemless-pouch-origo-fresh-whole-original-imaffgrfhneyxp5b.jpeg?q=70
1480,Origo Fresh,Origo Fresh White Pepper,100 g,76,//img1a.flixcart.com/www/linchpin/fk-cp-zion/img/placeholder_9951d0.svg
1480,Patanjali,Patanjali Hing,25 g,40,https://rukminim1.flixcart.com/image/280/280/k91o6fk0/spice-masala/w/d/u/25-hing-plastic-bottle-patanjali-whole-original-imafqxhbpnjxfecg.jpeg?q=70
1480,Patanjali,Patanjali Compounded Asafoetida (Bandhani Hing),10 g,20,https://rukminim1.flixcart.com/image/280/280/j8kiikw0-1/spice-masala/m/z/h/10-hing-sachet-patanjali-whole-original-imaeykhubu4ycera.jpeg?q=70
1480,Patanjali,Patanjali Garam Masala Powder,100 g,65,https://rukminim1.flixcart.com/image/280/280/j8kiikw0-1/spice-masala/e/m/c/100-garam-masala-pouch-patanjali-powder-original-imaeykhwhkfqgejs.jpeg?q=70
1480,Pro Nature,Pro Nature Organic Cinnamon Bark,50 g,59,https://rukminim1.flixcart.com/image/280/280/j8ndea80/spice-masala/a/y/w/50-cinnamon-pouch-pro-nature-whole-original-imaeymfyvqzqcgmv.jpeg?q=70
1480,Pro Nature,Pro Nature Organic Bay Leaf,10 g,20,https://rukminim1.flixcart.com/image/280/280/j8ndea80/spice-masala/5/h/7/10-bay-leaf-pouch-pro-nature-whole-original-imaeymfzj7htxcyj.jpeg?q=70
1480,Pro Nature,Pro Nature Organic Clove,50 g,194,https://rukminim1.flixcart.com/image/280/280/jq4353k0/spice-masala/y/h/w/50-organic-clove-pouch-pro-nature-whole-original-imafc7agb8aqxkej.jpeg?q=70
1480,Pro Nature,Pro Nature Organic Coriander Whole,100 g,47,//img1a.flixcart.com/www/linchpin/fk-cp-zion/img/placeholder_9951d0.svg
1480,Pro Nature,Pro Nature Organic Cumin Whole,100 g,75,https://rukminim1.flixcart.com/image/280/280/j9rdq4w0/spice-masala/s/r/t/100-cumin-whole-pouch-pro-nature-organic-whole-original-imaezhskm8jjvphq.jpeg?q=70
1480,Pro Nature,Pro Nature Organic Cinnamon Powder,30 g,39,https://rukminim1.flixcart.com/image/280/280/j8osu4w0-1/spice-masala/c/h/d/30-cinnamon-pouch-pro-nature-powder-original-imaeyncvfnhzrhgr.jpeg?q=70
1480,Pro Nature,Pro Nature Organic Tamarind,500 g,228,https://rukminim1.flixcart.com/image/280/280/j8ndea80/spice-masala/f/h/t/500-tamarind-pouch-pro-nature-whole-original-imaeymudjdpbjb5c.jpeg?q=70
1480,Pro Nature,Pro Nature Organic Fenugreek (Methi),200 g,65,https://rukminim1.flixcart.com/image/280/280/j8osu4w0/spice-masala/z/6/8/200-methi-pouch-pro-nature-whole-original-imaeymvnez2bgb4p.jpeg?q=70
1480,Pro Nature,Pro Nature Organic Black Pepper Whole,100 g,199,https://rukminim1.flixcart.com/image/280/280/jjolt3k0/spice-masala/5/m/4/100-organic-black-pepper-whole-pouch-pro-nature-whole-original-imaf773b6nwmjjjx.jpeg?q=70
1480,Pro Nature,Pro Nature Organic Red Chilli Powder (Hot),100 g,59,https://rukminim1.flixcart.com/image/280/280/j8osu4w0/spice-masala/m/7/c/100-chilli-pouch-pro-nature-whole-original-imaeymvj5wtfwjnc.jpeg?q=70
1480,Pro Nature,Pro Nature Organic Coriander Powder,100 g,55,https://rukminim1.flixcart.com/image/280/280/j8ndea80/spice-masala/k/g/t/100-coriander-pouch-pro-nature-powder-original-imaeymch2mjshywh.jpeg?q=70
1480,Pro Nature Organic,Pro Nature Organic Cardamom,50 g,448,https://rukminim1.flixcart.com/image/280/280/jj7givk0/spice-masala/j/c/h/50-green-cardamom-pouch-pro-nature-whole-original-imaf6u7cctdggswc.jpeg?q=70
1480,Safe Harvest,Safe Harvest Coriander Seeds,200 g,58,https://rukminim1.flixcart.com/image/280/280/jjolt3k0/spice-masala/j/e/x/200-coriander-seeds-pouch-safe-harvest-whole-original-imaf77zff4fguxpp.jpeg?q=70
1480,Safe Harvest,Safe Harvest Jeera,100 g,44,https://rukminim1.flixcart.com/image/280/280/jfh54sw0/spice-masala/h/g/w/100-jeera-pouch-safe-harvest-whole-original-imaf3xm7g73rcbwr.jpeg?q=70
1480,Safe Harvest,Safe Harvest Cumin Powder,200 g,94,https://rukminim1.flixcart.com/image/280/280/jjolt3k0/spice-masala/u/d/8/200-cumin-powder-pouch-safe-harvest-powder-original-imaf77zfrtcqp8fz.jpeg?q=70
1480,Safe Harvest,Safe Harvest Turmeric Powder,100 g,31,https://rukminim1.flixcart.com/image/280/280/jfh54sw0/spice-masala/4/f/a/100-turmeric-powder-pouch-safe-harvest-powder-original-imaf3xgq9wgfrzhe.jpeg?q=70
1480,Safe Harvest,Safe Harvest Black Pepper,100 g,147,https://rukminim1.flixcart.com/image/280/280/jjolt3k0/spice-masala/y/8/6/100-black-pepper-pouch-safe-harvest-whole-original-imaf77zfnyq3hmes.jpeg?q=70
1480,Safe Harvest,Safe Harvest Chilli Powder,100 g,49,https://rukminim1.flixcart.com/image/280/280/jjrgosw0/spice-masala/z/p/v/100-chilli-powder-pouch-safe-harvest-powder-original-imaf79w2nev5we4d.jpeg?q=70
1480,Snapin,Snapin Oregano,20 g,71,https://rukminim1.flixcart.com/image/280/280/jfmuw7k0/herb-seasoning/f/u/n/25-glass-bottle-snapin-original-imaf423rv8tdzyfn.jpeg?q=70
1480,Snapin,Snapin Mixed Herbs,20 g,71,https://rukminim1.flixcart.com/image/280/280/jfmuw7k0/herb-seasoning/2/w/h/25-glass-bottle-snapin-original-imaf423rxngzxvnx.jpeg?q=70
1480,Snapin,Snapin Chilli Flakes,35 g,58,https://rukminim1.flixcart.com/image/280/280/jfmuw7k0/herb-seasoning/m/z/y/38-glass-bottle-snapin-original-imaf423ryvwmpzr5.jpeg?q=70
1480,Snapin,Snapin Pizza Mix,45 g,71,//img1a.flixcart.com/www/linchpin/fk-cp-zion/img/placeholder_9951d0.svg
1480,Snapin,Snapin Piri Piri Mix,45 g,71,https://rukminim1.flixcart.com/image/280/280/jjelq4w0/herb-seasoning/v/c/3/45-glass-bottle-snapin-original-imaf6zg4rjjkmbgc.jpeg?q=70
1480,Snapin,Snapin Cinnamon Powder,40 g,89,https://rukminim1.flixcart.com/image/280/280/jfmuw7k0/herb-seasoning/5/m/k/40-glass-bottle-snapin-original-imaf423s9ph7nwtt.jpeg?q=70
1480,Snapin,Snapin Cheesy Garlic Bread Mix,45 g,89,https://rukminim1.flixcart.com/image/280/280/jjelq4w0/herb-seasoning/h/v/w/45-glass-bottle-snapin-original-imaf6zg4xgq5k2jh.jpeg?q=70
1480,Snapin,Snapin Cardamom Powder,40 g,341,https://rukminim1.flixcart.com/image/280/280/jb3yp3k0/spice-masala/e/7/g/40-cardamom-powder-plastic-bottle-snapin-powder-original-imafyjfa8zwtynng.jpeg?q=70
1480,Snapin,Snapin Piri Piri Spice Mix,15 g,44,https://rukminim1.flixcart.com/image/280/280/k4x2du80/herb-seasoning/a/q/f/20-box-snapin-original-imafnpuzzxtsys6m.jpeg?q=70
1480,TATA Sampann,TATA Sampann Garam Masala,45 g,41,https://rukminim1.flixcart.com/image/280/280/jq6y0sw0/spice-masala/y/p/x/45-garam-masala-box-tata-sampann-powder-original-imafc9ngpzbhyfqv.jpeg?q=70
1480,TATA Sampann,TATA Sampann Pav Bhaji Masala,45 g,35,https://rukminim1.flixcart.com/image/280/280/jq6y0sw0/spice-masala/v/r/p/45-pav-bhaji-masala-box-tata-sampann-powder-original-imafc99xprpey6wp.jpeg?q=70
1480,Tata Sampann,Tata Sampann Turmeric Powder,100 g,31,https://rukminim1.flixcart.com/image/280/280/jlph9jk0/spice-masala/h/w/y/100-turmeric-powder-pouch-tata-sampann-powder-original-imaf8syz3j5vhmzf.jpeg?q=70
1480,Tata Sampann,Tata Sampann Sambar Masala,45 g,34,https://rukminim1.flixcart.com/image/280/280/jua4djk0/spice-masala/u/t/4/45-naturally-rich-sambhar-masala-box-tata-sampann-powder-original-imafffqgmyypasez.jpeg?q=70
1480,Tata Sampann,Tata Sampann Chilli Powder,100 g,40,https://rukminim1.flixcart.com/image/280/280/jlgwmfk0/spice-masala/j/q/n/100-chilli-powder-pouch-tata-sampann-powder-original-imaf8hnbp6xuge6h.jpeg?q=70
1480,Tata Sampann,Tata Sampann Coriander Powder,100 g,31,//img1a.flixcart.com/www/linchpin/fk-cp-zion/img/placeholder_9951d0.svg
1480,Tata Sampann,Tata Sampann Garam Masala,100 g,84,https://rukminim1.flixcart.com/image/280/280/jlo1tow0/spice-masala/t/m/x/100-garam-masala-box-tata-sampann-powder-original-imaf8qzzqswxzpay.jpeg?q=70
1480,Tata Sampann,Tata Sampann Pav Bhaji Masala,100 g,74,https://rukminim1.flixcart.com/image/280/280/jlo1tow0/spice-masala/8/h/m/100-pav-bhaji-masala-box-tata-sampann-powder-original-imaf8qzrw7yf6asu.jpeg?q=70
1480,Tata Sampann,Tata Sampann Punjabi Chhole Masala,100 g,69,https://rukminim1.flixcart.com/image/280/280/jlgwmfk0/spice-masala/b/v/h/100-punjabi-chhole-masala-box-tata-sampann-powder-original-imaf8hnbbzk3uc3x.jpeg?q=70
1480,Tata Sampann,Tata Sampann Kitchen King Masala,100 g,74,https://rukminim1.flixcart.com/image/280/280/jlgwmfk0/spice-masala/p/z/g/100-kitchen-king-masala-box-tata-sampann-powder-original-imaf8hnba5ynmyg4.jpeg?q=70
1480,Tata Sampann,Tata Sampann Paneer Masala,45 g,42,https://rukminim1.flixcart.com/image/280/280/jq6y0sw0/spice-masala/c/x/u/45-shahi-paneer-masala-box-tata-sampann-powder-original-imafc9ng9g3gmnjb.jpeg?q=70
1480,Tata Sampann,Tata Sampann Chicken Masala,100 g,76,https://rukminim1.flixcart.com/image/280/280/jm9hfgw0/spice-masala/g/b/d/100-chicken-curry-masala-box-tata-sampann-powder-original-imaf97bxkuuhfha2.jpeg?q=70
1480,Tata Sampann,Tata Sampann Meat Masala,100 g,77,https://rukminim1.flixcart.com/image/280/280/jrz8u4w0/spice-masala/f/m/q/100-meat-masala-box-tata-sampann-powder-original-imafdntsd4nhr9w7.jpeg?q=70
