{"records": [{"id": 1480, "brand": "24 Mantra Organic", "title": "24 Mantra Organic Mustard Big", "measurement": "100 g", "price": 25, "image": "https://rukminim1.flixcart.com/image/280/280/j9rdq4w0/spice-masala/z/f/6/100-mustard-big-pouch-24-mantra-organic-whole-original-imaezhk3pwj9zzbh.jpeg?q=70"}, {"id": 1480, "brand": "24 Mantra Organic", "title": "24 Mantra Organic Brown Mustard Small", "measurement": "100 g", "price": 28, "image": "https://rukminim1.flixcart.com/image/280/280/j9rdq4w0/spice-masala/j/u/2/100-brown-mustard-rai-sachet-24-mantra-organic-whole-original-imaezhhz9gqrzae2.jpeg?q=70"}, {"id": 1480, "brand": "24 Mantra Organic", "title": "24 Mantra Organic Fennel Saunf", "measurement": "100 g", "price": 79, "image": "https://rukminim1.flixcart.com/image/280/280/j9rdq4w0/spice-masala/e/v/p/100-anise-seeds-small-saunf-pouch-24-mantra-organic-whole-original-imaezhn7zuhsjcf2.jpeg?q=70"}, {"id": 1480, "brand": "24 Mantra Organic", "title": "24 Mantra Organic Turmeric Powder", "measurement": "100 g", "price": 40, "image": "https://rukminim1.flixcart.com/image/280/280/spice-masala/e/3/s/24-mantra-100-powder-turmeric-original-imaepgn4qggmxkqz.jpeg?q=70"}, {"id": 1480, "brand": "24 Mantra Organic", "title": "24 Mantra Organic Fenugreek", "measurement": "100 g", "price": 40, "image": "https://rukminim1.flixcart.com/image/280/280/j9hdn680/spice-masala/9/g/z/100-organic-fenugreek-pouch-24-mantra-whole-original-imaez9sz9gdjwdev.jpeg?q=70"}, {"id": 1480, "brand": "24 Mantra Organic", "title": "24 Mantra Organic Black Pepper", "measurement": "100 g", "price": 217, "image": "https://rukminim1.flixcart.com/image/280/280/spice-masala/3/j/v/24-mantra-100-whole-black-pepper-original-imaepgfjk63shwgs.jpeg?q=70"}, {"id": 1480, "brand": "24 Mantra Organic", "title": "24 Mantra Organic Sambar Powder", "measurement": "100 g", "price": 74, "image": "https://rukminim1.flixcart.com/image/280/280/j9rdq4w0/spice-masala/4/s/c/100-sambar-powder-pouch-24-mantra-organic-powder-original-imaezhhy5w6xba4s.jpeg?q=70"}, {"id": 1480, "brand": "24 Mantra Organic", "title": "24 Mantra Organic Cloves", "measurement": "50 g", "price": 217, "image": "https://rukminim1.flixcart.com/image/280/280/spice-masala/n/c/z/24-mantra-50-whole-cloves-original-imaepggwkzwxztdu.jpeg?q=70"}, {"id": 1480, "brand": "24 Mantra Organic", "title": "24 Mantra Organic Chilly Powder", "measurement": "100 g", "price": 50, "image": "https://rukminim1.flixcart.com/image/280/280/jk76j680/spice-masala/g/h/z/100-chilly-powder-pouch-24-mantra-organic-powder-original-imaf7hk68z6nkjvs.jpeg?q=70"}, {"id": 1480, "brand": "24 Mantra Organic", "title": "24 Mantra Organic Cumin", "measurement": "100 g", "price": 89, "image": "https://rukminim1.flixcart.com/image/280/280/j9rdq4w0/spice-masala/m/u/7/100-black-jeera-shah-jeera-sachet-24-mantra-organic-whole-original-imaezhkfgytry82v.jpeg?q=70"}, {"id": 1480, "brand": "24 Mantra Organic", "title": "24 Mantra Organic Coriander Powder", "measurement": "100 g", "price": 59, "image": "https://rukminim1.flixcart.com/image/280/280/jjx6g7k0/spice-masala/g/f/u/100-coriander-powder-pouch-24-mantra-organic-powder-original-imaf7dryqzuhnvv5.jpeg?q=70"}, {"id": 1480, "brand": "24 Mantra Organic", "title": "24 Mantra Organic Fenugreek Powder", "measurement": "100 g", "price": 40, "image": "https://rukminim1.flixcart.com/image/280/280/j9it30w0/spice-masala/d/6/p/100-organic-fenugreek-powder-pouch-24-mantra-powder-original-imaezazgkeausdg6.jpeg?q=70"}, {"id": 1480, "brand": "24 Mantra Organic", "title": "24 Mantra Organic Rasam Powder", "measurement": "100 g", "price": 74, "image": "https://rukminim1.flixcart.com/image/280/280/j9it30w0/spice-masala/v/g/u/100-organic-rasam-powder-pouch-24-mantra-powder-original-imaezazcgzr8zgh4.jpeg?q=70"}, {"id": 1480, "brand": "24 Mantra Organic", "title": "24 Mantra Organic Cassia Powder", "measurement": "100 g", "price": 118, "image": "https://rukminim1.flixcart.com/image/280/280/spice-masala/x/w/2/24-mantra-100-powder-cinnamon-original-imaepggr6a5vmqgq.jpeg?q=70"}, {"id": 1480, "brand": "24 Mantra Organic", "title": "24 Mantra Organic Garam Masala", "measurement": "50 g", "price": 74, "image": "https://rukminim1.flixcart.com/image/280/280/j9hdn680/spice-masala/s/m/f/50-organic-garam-masala-pouch-24-mantra-powder-original-imaez9shaxuvt64a.jpeg?q=70"}, {"id": 1480, "brand": "Aachi", "title": "Aachi Compounded Asafoetida Powder", "measurement": "50 g", "price": 78, "image": "https://rukminim1.flixcart.com/image/280/280/j66s3gw0/spice-masala/g/m/j/50-compounded-asafoetida-powder-box-aachi-powder-original-imaewpeebdwgzx2z.jpeg?q=70"}, {"id": 1480, "brand": "Aachi", "title": "Aachi Kulambu Chilly Masala", "measurement": "20g Aachi Sambar Powder Free", "price": 34, "image": "https://rukminim1.flixcart.com/image/280/280/jnj7iq80/spice-masala/u/z/m/100-bird-s-eye-chilli-box-aachi-powder-original-imafa76fspztauhy.jpeg?q=70"}, {"id": 1480, "brand": "Aachi", "title": "Aachi Turmeric Powder", "measurement": "100 g", "price": 25, "image": "https://rukminim1.flixcart.com/image/280/280/j4fwpzk0/spice-masala/6/j/s/100-box-turmeric-aachi-powder-original-imaevagyzz2x29dz.jpeg?q=70"}, {"id": 1480, "brand": "Aachi", "title": "Aachi Sambar Powder", "measurement": "100 g", "price": 47, "image": "https://rukminim1.flixcart.com/image/280/280/j4fwpzk0/spice-masala/y/j/2/100-box-sambar-masala-aachi-powder-original-imaevahvjtjggt3q.jpeg?q=70"}, {"id": 1480, "brand": "Aachi", "title": "Aachi Chilli, Turmeric, Coriander Powder Spices Combo", "measurement": "3x200 g", "price": 165, "image": "https://rukminim1.flixcart.com/image/280/280/k9loccw0/spice-masala/e/c/y/600-chilli-turmeric-coriander-powder-spices-combo-pouch-aachi-original-imafrcyfh9wb65h7.jpeg?q=70"}, {"id": 1480, "brand": "Aachi", "title": "Aachi Biryani Masala", "measurement": "30g Ginger Garlic Paste Free", "price": 43, "image": "https://rukminim1.flixcart.com/image/280/280/j4fwpzk0/spice-masala/p/m/p/50-box-biriyani-masala-aachi-whole-original-imaevaksdjfwxdzg.jpeg?q=70"}, {"id": 1480, "brand": "Aachi", "title": "Aachi Chicken Kabab 65 Masala", "measurement": "50g Aachi Ginger Garlic Paste Free", "price": 54, "image": "https://rukminim1.flixcart.com/image/280/280/k0zlsi80/spice-masala/z/s/z/100-chicken-kabab-65-masala-pouch-aachi-powder-original-imafkn5ym84sbn23.jpeg?q=70"}, {"id": 1480, "brand": "Aachi", "title": "Aachi Idly Chilli Powder", "measurement": "100 g", "price": 34, "image": "https://rukminim1.flixcart.com/image/280/280/j4fwpzk0/spice-masala/f/n/k/100-box-idly-chilli-powder-aachi-powder-original-imaevag6f5vtvb8g.jpeg?q=70"}, {"id": 1480, "brand": "Aachi", "title": "Aachi Coriander Powder", "measurement": "100 g", "price": 29, "image": "https://rukminim1.flixcart.com/image/280/280/j4hc5u80/spice-masala/d/w/y/100-box-coriander-aachi-powder-original-imaevdkyqgbkp7h7.jpeg?q=70"}, {"id": 1480, "brand": "Aachi", "title": "Aachi Chicken Masala", "measurement": "50g Aachi Ginger Garlic Paste Free", "price": 54, "image": "https://rukminim1.flixcart.com/image/280/280/j63x7rk0/spice-masala/h/6/u/100-tandoori-chicken-masala-powder-box-aachi-powder-original-imaewnc5gjs86hpu.jpeg?q=70"}, {"id": 1480, "brand": "Aachi", "title": "Aachi Garam Masala", "measurement": "50g Aachi Turmeric POwder Free", "price": 67, "image": "https://rukminim1.flixcart.com/image/280/280/jnj7iq80/spice-masala/r/3/j/100-garam-masala-pouch-aachi-powder-original-imafa76fvpmwrz5g.jpeg?q=70"}, {"id": 1480, "brand": "Aachi", "title": "Aachi Chilli Powder", "measurement": "100 g", "price": 43, "image": "https://rukminim1.flixcart.com/image/280/280/jaldz0w0/spice-masala/x/y/q/100-byadagi-chilli-powder-box-aachi-powder-original-imafy4sf4u8bcyws.jpeg?q=70"}, {"id": 1480, "brand": "Aachi", "title": "Aachi Pepper Powder", "measurement": "100 g", "price": 94, "image": "https://rukminim1.flixcart.com/image/280/280/jp1i93k0/spice-masala/c/g/u/100-pepper-powder-pouch-aachi-powder-original-imafbcmwjegh7xmf.jpeg?q=70"}, {"id": 1480, "brand": "Aachi", "title": "Aachi Mutton Masala", "measurement": "100 g", "price": 57, "image": "https://rukminim1.flixcart.com/image/280/280/j4hc5u80/spice-masala/b/z/k/100-box-mutton-masala-aachi-powder-original-imaevdn75webyk7n.jpeg?q=70"}, {"id": 1480, "brand": "Aachi", "title": "Aachi Rasam Powder", "measurement": "50g Aachi Turmeric Powder Free", "price": 57, "image": "https://rukminim1.flixcart.com/image/280/280/jnj7iq80/spice-masala/v/d/c/100-rasam-powder-pouch-aachi-powder-original-imafa76feapeeb95.jpeg?q=70"}, {"id": 1480, "brand": "Aachi", "title": "Aachi Kashmiri Chilli Powder", "measurement": "100 g", "price": 58, "image": "https://rukminim1.flixcart.com/image/280/280/jox7xjk0-1/spice-masala/z/z/w/100-kashmiri-chilli-powder-pouch-aachi-powder-original-imafba4bqnzjcgpz.jpeg?q=70"}, {"id": 1480, "brand": "Aachi", "title": "Aachi Fish Fry Masala", "measurement": "50g Aachi Ginger Garlic Paste Free", "price": 50, "image": "https://rukminim1.flixcart.com/image/280/280/jnj7iq80/spice-masala/w/7/p/100-fish-fry-masala-pouch-aachi-powder-original-imafa76fk2sxfjp3.jpeg?q=70"}, {"id": 1480, "brand": "Aachi", "title": "Aachi Chilli Chicken Masala", "measurement": "50g Aachi Ginger Garlic Paste Free", "price": 48, "image": "https://rukminim1.flixcart.com/image/280/280/jpvihzk0/spice-masala/p/z/c/100-chilli-chicken-masala-pouch-aachi-powder-original-imafcyfughekzc85.jpeg?q=70"}, {"id": 1480, "brand": "Aachi", "title": "Aachi Chana Masala", "measurement": "100 g", "price": 54, "image": "https://rukminim1.flixcart.com/image/280/280/jox7xjk0-1/spice-masala/c/f/b/100-channa-masala-box-aachi-powder-original-imafba46quezsspc.jpeg?q=70"}, {"id": 1480, "brand": "Aachi", "title": "Aachi Egg Curry Masala", "measurement": "50 g", "price": 31, "image": "https://rukminim1.flixcart.com/image/280/280/jk76j680/spice-masala/x/h/p/50-egg-curry-masala-pouch-aachi-powder-original-imaf7hk6arbzb28d.jpeg?q=70"}, {"id": 1480, "brand": "Aachi", "title": "Aachi Madras Sambar Powder", "measurement": "50 g", "price": 25, "image": "https://rukminim1.flixcart.com/image/280/280/jox7xjk0-1/spice-masala/m/r/d/50-madras-samabr-powder-pouch-aachi-powder-original-imafba48kvgbwcvv.jpeg?q=70"}, {"id": 1480, "brand": "Aachi", "title": "Aachi Fish Curry Masala", "measurement": "50g Aachi Ginger Garlic Paste Free", "price": 50, "image": "https://rukminim1.flixcart.com/image/280/280/jox7xjk0-1/spice-masala/q/x/t/100-fish-curry-masala-box-aachi-powder-original-imafba3zvrjsgk4n.jpeg?q=70"}, {"id": 1480, "brand": "Aachi", "title": "Aachi Curry Masala", "measurement": "50g Aachi Turmeric Powder Free", "price": 51, "image": "https://rukminim1.flixcart.com/image/280/280/jnj7iq80/spice-masala/n/z/s/100-curry-masala-pouch-aachi-powder-original-imafa76f7gbyhsbv.jpeg?q=70"}, {"id": 1480, "brand": "Aachi", "title": "Aachi Meat Masala", "measurement": "100 g", "price": 57, "image": "https://rukminim1.flixcart.com/image/280/280/jq6y0sw0/spice-masala/h/r/z/100-meat-masala-pouch-aachi-powder-original-imafc9g88gfvnh5n.jpeg?q=70"}, {"id": 1480, "brand": "Aachi", "title": "Aachi Kitchen King Masala", "measurement": "100 g", "price": 54, "image": "https://rukminim1.flixcart.com/image/280/280/jnj7iq80/spice-masala/h/j/g/100-kitchen-king-masala-box-aachi-powder-original-imafa76fmzv4mtf8.jpeg?q=70"}, {"id": 1480, "brand": "Aaditya", "title": "Aaditya Turmeric, Chilli, Coriander Powder", "measurement": "3x200 g", "price": 99, "image": "https://rukminim1.flixcart.com/image/280/280/k9a8tjk0/spice-masala/t/g/3/600-turmeric-powder-chilli-powder-coriander-powder-pack-of-3-original-imafr43ptcf6mjzn.jpeg?q=70"}, {"id": 1480, "brand": "Aaditya", "title": "Aaditya 501 Coriander Powder", "measurement": "500 g", "price": 73, "image": "https://rukminim1.flixcart.com/image/280/280/k9vofbk0/spice-masala/p/s/r/500-coriander-powder-pouch-aditya-powder-original-imafrkzasgzucqpx.jpeg?q=70"}, {"id": 1480, "brand": "Aaditya", "title": "Aaditya Chilli Powder", "measurement": "500 g", "price": 123, "image": "https://rukminim1.flixcart.com/image/280/280/k9vofbk0/spice-masala/b/t/q/500-chilli-powder-pouch-aditya-powder-original-imafrkzapzzpgdjj.jpeg?q=70"}, {"id": 1480, "brand": "Aaditya", "title": "Aaditya 501 Chilli Powder", "measurement": "200 g", "price": 53, "image": "//img1a.flixcart.com/www/linchpin/fk-cp-zion/img/placeholder_9951d0.svg"}, {"id": 1480, "brand": "Bambino", "title": "Bambino Madras Sambar Powder", "measurement": "100 g", "price": 32, "image": "https://rukminim1.flixcart.com/image/280/280/k6l2vm80/spice-masala/k/f/f/100-madaras-sambar-powder-pouch-bambino-powder-original-imafpymygwzgegbj.jpeg?q=70"}, {"id": 1480, "brand": "Bambino", "title": "Bambino Chicken Masala", "measurement": "40 g", "price": 35, "image": "https://rukminim1.flixcart.com/image/280/280/k6tniq80/spice-masala/u/c/q/40-chicken-masala-box-bambino-powder-original-imafp7agguju8ddj.jpeg?q=70"}, {"id": 1480, "brand": "Bambino", "title": "Bambino Meat Masala", "measurement": "40 g", "price": 35, "image": "https://rukminim1.flixcart.com/image/280/280/k6tniq80/spice-masala/g/y/a/40-mutton-masala-box-bambino-powder-original-imafp7agatnqsmhg.jpeg?q=70"}, {"id": 1480, "brand": "Catch", "title": "Catch Jeera - Whole", "measurement": "100 g", "price": 34, "image": "https://rukminim1.flixcart.com/image/280/280/j3nbwy80/spice-masala/n/f/b/100-sachet-black-jeera-shah-jeera-catch-whole-original-imaeundsqzbvtmmt.jpeg?q=70"}, {"id": 1480, "brand": "Catch", "title": "Catch Super Garam Masala", "measurement": "200 g", "price": 59, "image": "https://rukminim1.flixcart.com/image/280/280/j9yixe80/spice-masala/v/p/k/200-super-garam-masala-pouch-catch-powder-original-imaeznbdaequne9p.jpeg?q=70"}, {"id": 1480, "brand": "Catch", "title": "Catch Sprinklers Chat Masala", "measurement": "100 g", "price": 52, "image": "https://rukminim1.flixcart.com/image/280/280/j3orcsw0/spice-masala/z/z/j/100-sachet-chaat-masala-catch-powder-original-imaeuq8unuumazed.jpeg?q=70"}, {"id": 1480, "brand": "Catch", "title": "Catch Hing", "measurement": "100 g", "price": 135, "image": "https://rukminim1.flixcart.com/image/280/280/jvo4scw0/spice-masala/g/m/d/100-hing-sachet-catch-whole-original-imafgj28umdvzdn6.jpeg?q=70"}, {"id": 1480, "brand": "Catch", "title": "Catch Turmeric Powder", "measurement": "100 g", "price": 25, "image": "https://rukminim1.flixcart.com/image/280/280/j9yixe80/spice-masala/h/u/c/100-turmeric-powder-pouch-catch-powder-original-imaezn6b9fg8fbyu.jpeg?q=70"}, {"id": 1480, "brand": "Catch", "title": "Catch Amchur Powder", "measurement": "100 g", "price": 63, "image": "https://rukminim1.flixcart.com/image/280/280/jdvziq80/spice-masala/f/z/z/100-dry-mango-powder-box-catch-powder-original-imaf2p98yfmhrfyq.jpeg?q=70"}, {"id": 1480, "brand": "Catch", "title": "Catch Jeera Powder", "measurement": "100 g", "price": 46, "image": "https://rukminim1.flixcart.com/image/280/280/j3nbwy80/spice-masala/g/5/z/100-sachet-jeera-catch-powder-original-imaeunzjj2yztrgg.jpeg?q=70"}, {"id": 1480, "brand": "Catch", "title": "Catch Red Chilli Powder", "measurement": "200 g", "price": 61, "image": "https://rukminim1.flixcart.com/image/280/280/j3nbwy80/spice-masala/u/t/w/200-sachet-chilli-catch-powder-original-imaeuzyfyhytefgw.jpeg?q=70"}, {"id": 1480, "brand": "Catch", "title": "Catch Coriander Powder", "measurement": "100 g", "price": 26, "image": "https://rukminim1.flixcart.com/image/280/280/jh9fy4w0/spice-masala/9/d/y/100-coriander-powder-pouch-catch-powder-original-imaf5bzgdgvpfut6.jpeg?q=70"}, {"id": 1480, "brand": "Catch", "title": "Catch Sabzi Masala Powder", "measurement": "100 g", "price": 48, "image": "https://rukminim1.flixcart.com/image/280/280/k33c4nk0/spice-masala/k/8/p/100-sabzi-masala-powder-box-catch-powder-original-imafmanyvwpsfbrq.jpeg?q=70"}, {"id": 1480, "brand": "Catch", "title": "Catch Chaat Masala Powder", "measurement": "50 g", "price": 25, "image": "https://rukminim1.flixcart.com/image/280/280/j3orcsw0/spice-masala/f/z/r/50-sachet-chaat-masala-catch-powder-original-imaeuq8wz5wzekzc.jpeg?q=70"}, {"id": 1480, "brand": "Catch", "title": "Catch Dry Ginger Powder", "measurement": "100 g", "price": 67, "image": "https://rukminim1.flixcart.com/image/280/280/juyev0w0/spice-masala/g/z/y/100-dry-ginger-powder-sachet-catch-powder-original-imaffygp6vffgebd.jpeg?q=70"}, {"id": 1480, "brand": "Catch", "title": "Catch Garam Masala", "measurement": "100 g", "price": 70, "image": "https://rukminim1.flixcart.com/image/280/280/j3orcsw0/spice-masala/f/z/c/100-sachet-garam-masala-catch-powder-original-imaeuq8qshgre9t3.jpeg?q=70"}, {"id": 1480, "brand": "Catch", "title": "Catch Sprinklers Black Pepper", "measurement": "100 g", "price": 168, "image": "https://rukminim1.flixcart.com/image/280/280/j3orcsw0/spice-masala/w/u/v/100-sachet-black-pepper-catch-powder-original-imaeuq8vvh7guzbj.jpeg?q=70"}, {"id": 1480, "brand": "Catch", "title": "Catch Kitchen King Masala Powder", "measurement": "100 g", "price": 60, "image": "https://rukminim1.flixcart.com/image/280/280/j3nbwy80/spice-masala/h/8/z/100-sachet-kitchen-king-masala-catch-powder-original-imaeun7tqwhhffdc.jpeg?q=70"}, {"id": 1480, "brand": "Catch", "title": "Catch Chicken Masala", "measurement": "100 g", "price": 64, "image": "https://rukminim1.flixcart.com/image/280/280/j3nbwy80/spice-masala/y/n/d/100-sachet-chicken-curry-masala-catch-powder-original-imaeun7zdtj4p6zw.jpeg?q=70"}, {"id": 1480, "brand": "Catch", "title": "Catch PavBhaji Masala", "measurement": "100 g", "price": 57, "image": "https://rukminim1.flixcart.com/image/280/280/jp780i80/spice-masala/b/y/h/100-pavbhaji-masala-box-catch-powder-original-imafbhqnbykdthzw.jpeg?q=70"}, {"id": 1480, "brand": "Catch", "title": "Catch Chana Masala", "measurement": "100 g", "price": 55, "image": "https://rukminim1.flixcart.com/image/280/280/j3nbwy80/spice-masala/h/j/n/100-sachet-chana-masala-catch-powder-original-imaeun7z3hrfpvaw.jpeg?q=70"}, {"id": 1480, "brand": "Catch", "title": "Catch Tandoori Chicken Masala", "measurement": "100 g", "price": 55, "image": "https://rukminim1.flixcart.com/image/280/280/jgzfv680/spice-masala/3/9/z/100-tandoori-chicken-masala-sachet-catch-powder-original-imaf53t9ubazpeq3.jpeg?q=70"}, {"id": 1480, "brand": "Catch", "title": "Catch Raita Masala", "measurement": "100 g", "price": 50, "image": "https://rukminim1.flixcart.com/image/280/280/jgzfv680/spice-masala/4/z/x/100-raita-masala-sachet-catch-powder-original-imaf53tdrnq3nhzy.jpeg?q=70"}, {"id": 1480, "brand": "Catch", "title": "Catch Black Pepper", "measurement": "50 g", "price": 127, "image": "https://rukminim1.flixcart.com/image/280/280/jt4olu80/spice-masala/a/x/j/50-black-pepper-grinder-glass-bottle-catch-whole-original-imafejsvtjmrmjpy.jpeg?q=70"}, {"id": 1480, "brand": "Catch", "title": "Catch Chhole Masala", "measurement": "100 g", "price": 53, "image": "https://rukminim1.flixcart.com/image/280/280/jhjg13k0/spice-masala/k/w/e/100-punjabi-chole-masala-sachet-catch-powder-original-imaf5jefs2qs5w8d.jpeg?q=70"}, {"id": 1480, "brand": "Catch", "title": "Catch Italian Seasoning Grinder", "measurement": "40 g", "price": 119, "image": "https://rukminim1.flixcart.com/image/280/280/jt4olu80/herb-seasoning/f/u/u/40-glass-bottle-catch-original-imafek2b8mnraqn2.jpeg?q=70"}, {"id": 1480, "brand": "Catch", "title": "Catch Kitchen King", "measurement": "50 g", "price": 30, "image": "https://rukminim1.flixcart.com/image/280/280/jh6l2fk0/spice-masala/h/s/g/50-kitchen-king-masala-sachet-catch-powder-original-imaf59b33dwmmqf3.jpeg?q=70"}, {"id": 1480, "brand": "Catch", "title": "Catch Rajma Masala", "measurement": "20% Extra in Pack", "price": 54, "image": "https://rukminim1.flixcart.com/image/280/280/j3nbwy80/spice-masala/6/j/f/100-sachet-rajma-masala-catch-powder-original-imaeun7bkksfjc7f.jpeg?q=70"}, {"id": 1480, "brand": "Catch", "title": "Catch Sambhar Masala", "measurement": "100 g", "price": 55, "image": "https://rukminim1.flixcart.com/image/280/280/j9yixe80/spice-masala/m/b/k/100-sambhar-masala-box-catch-powder-original-imaezn6emcgnhht7.jpeg?q=70"}, {"id": 1480, "brand": "Catch", "title": "Catch Magic Masala", "measurement": "40 g", "price": 125, "image": "https://rukminim1.flixcart.com/image/280/280/jt4olu80/spice-masala/g/p/k/40-magic-masala-grinder-glass-bottle-catch-whole-original-imafejsvb9chhkfz.jpeg?q=70"}, {"id": 1480, "brand": "Dabur", "title": "Dabur Hommade Tomato Puree", "measurement": "200 g", "price": 24, "image": "https://rukminim1.flixcart.com/image/280/280/k3q76a80/paste-puree/g/m/c/200-tomato-puree-hommade-tomato-puree-tetrapack-dabur-original-imafmsk6sndqweck.jpeg?q=70"}, {"id": 1480, "brand": "Dabur", "title": "Dabur Hommade Coconut Milk", "measurement": "200 ml", "price": 71, "image": "https://rukminim1.flixcart.com/image/280/280/k47cgi80/paste-puree/d/z/g/200-coconut-milk-hommade-coconut-milk-tetrapack-dabur-original-imafn5ttfbsfgqgx.jpeg?q=70"}, {"id": 1480, "brand": "Dabur", "title": "Dabur Hommade Ginger Garlic Paste", "measurement": "100 g", "price": 24, "image": "https://rukminim1.flixcart.com/image/280/280/j6nxdow0/paste-puree/3/d/a/ginger-garlic-paste-100-ginger-garlic-pouch-hommade-original-imaex3ffhhgfnpse.jpeg?q=70"}, {"id": 1480, "brand": "Dabur", "title": "Dabur Hommade Tamarind Paste", "measurement": "200 g", "price": 44, "image": "//img1a.flixcart.com/www/linchpin/fk-cp-zion/img/placeholder_9951d0.svg"}, {"id": 1480, "brand": "Eastern", "title": "Eastern Sambar Powder", "measurement": "100 g", "price": 45, "image": "https://rukminim1.flixcart.com/image/280/280/j8ndea80/spice-masala/y/f/g/100-sambar-masala-powder-pouch-eastern-powder-original-imaeymhgjtdkuwsy.jpeg?q=70"}, {"id": 1480, "brand": "Eastern", "title": "Eastern Compounded Asafoetida (Bandhani Hing) Powder", "measurement": "50 g", "price": 60, "image": "https://rukminim1.flixcart.com/image/280/280/j8bxvgw0-1/spice-masala/z/w/h/50-hing-powder-pouch-eastern-powder-original-imaeydnz8ejw2cpk.jpeg?q=70"}, {"id": 1480, "brand": "Eastern", "title": "Eastern Chicken Masala", "measurement": "100 g", "price": 50, "image": "https://rukminim1.flixcart.com/image/280/280/j63x7rk0/spice-masala/z/j/x/100-chicken-curry-masala-powder-pouch-eastern-powder-original-imaewndf4phmtd6m.jpeg?q=70"}, {"id": 1480, "brand": "Eastern", "title": "Eastern Super Garam Masala", "measurement": "200 g", "price": 73, "image": "https://rukminim1.flixcart.com/image/280/280/j8bxvgw0-1/spice-masala/h/g/5/200-garam-masala-powder-pouch-eastern-powder-original-imaeydmnanqjrjks.jpeg?q=70"}, {"id": 1480, "brand": "Eastern", "title": "Eastern Biryani Masala", "measurement": "100 g", "price": 63, "image": "https://rukminim1.flixcart.com/image/280/280/j65cnm80/spice-masala/q/e/3/100-biriyani-masala-powder-pouch-eastern-powder-original-imaewzjugh3vqrpm.jpeg?q=70"}, {"id": 1480, "brand": "Eastern", "title": "Eastern Kashmiri Chilly Powder", "measurement": "100 g", "price": 49, "image": "https://rukminim1.flixcart.com/image/280/280/j5lchow0/spice-masala/g/b/8/100-pouch-kashmiri-chilli-eastern-powder-original-imaew5kpfc5hrxr3.jpeg?q=70"}, {"id": 1480, "brand": "Eastern", "title": "Eastern Chilli, Turmeric, Coriander Powder Spices Combo", "measurement": "3x250 g", "price": 214, "image": "https://rukminim1.flixcart.com/image/280/280/jn6ck280/spice-masala/k/u/u/750-spices-combo-pouch-eastern-powder-original-imaf9sr2rgzeq6eg.jpeg?q=70"}, {"id": 1480, "brand": "Eastern", "title": "Eastern Kasuri Methi", "measurement": "25 g", "price": 25, "image": "https://rukminim1.flixcart.com/image/280/280/joen7gw0/spice-masala/y/4/f/25-kasuri-methi-box-eastern-whole-original-imafar6s4skbgchg.jpeg?q=70"}, {"id": 1480, "brand": "Eastern", "title": "Eastern Pepper Powder", "measurement": "100 g", "price": 143, "image": "https://rukminim1.flixcart.com/image/280/280/j63x7rk0/spice-masala/r/s/2/100-black-pepper-powder-box-eastern-powder-original-imaewngjnzhryzcz.jpeg?q=70"}, {"id": 1480, "brand": "Eastern", "title": "Eastern Kebab Masala", "measurement": "100 g", "price": 40, "image": "https://rukminim1.flixcart.com/image/280/280/joen7gw0/spice-masala/u/x/d/100-kabab-masala-pouch-eastern-powder-original-imafavxuacmfjunp.jpeg?q=70"}, {"id": 1480, "brand": "Eastern", "title": "Eastern Coriander Powder", "measurement": "250 g", "price": 68, "image": "https://rukminim1.flixcart.com/image/280/280/jq4353k0/spice-masala/s/n/f/250-coriander-powder-pouch-eastern-powder-original-imafc7agzyzeyqpc.jpeg?q=70"}, {"id": 1480, "brand": "Eastern", "title": "Eastern Chilli Powder", "measurement": "100 g", "price": 34, "image": "https://rukminim1.flixcart.com/image/280/280/j5lchow0/spice-masala/g/m/f/100-pouch-chilli-eastern-powder-original-imaew5kpvthyhz9b.jpeg?q=70"}, {"id": 1480, "brand": "Eastern", "title": "Eastern Dry Ginger Powder", "measurement": "100 g", "price": 48, "image": "https://rukminim1.flixcart.com/image/280/280/joen7gw0/spice-masala/3/c/t/100-ginger-dry-pouch-eastern-powder-original-imafar6sr6avxupw.jpeg?q=70"}, {"id": 1480, "brand": "Eastern", "title": "Eastern Cumin Powder", "measurement": "100 g", "price": 46, "image": "https://rukminim1.flixcart.com/image/280/280/j63x7rk0/spice-masala/z/h/6/100-jeera-powder-pouch-eastern-powder-original-imaewn99fbgfsxyv.jpeg?q=70"}, {"id": 1480, "brand": "Eastern", "title": "Eastern Meat Masala", "measurement": "100 g", "price": 46, "image": "https://rukminim1.flixcart.com/image/280/280/j66s3gw0/spice-masala/p/z/b/100-meat-masala-powder-pouch-eastern-powder-original-imaewpeb6yb5qww5.jpeg?q=70"}, {"id": 1480, "brand": "Eastern", "title": "Eastern Turmeric Powder", "measurement": "100 g", "price": 30, "image": "https://rukminim1.flixcart.com/image/280/280/j65cnm80/spice-masala/v/j/p/100-turmeric-powder-pouch-eastern-powder-original-imaewzthhxfev6cy.jpeg?q=70"}, {"id": 1480, "brand": "Eastern", "title": "Eastern Puliogare Masala", "measurement": "100 g", "price": 41, "image": "https://rukminim1.flixcart.com/image/280/280/jn0msnk0/spice-masala/2/y/a/100-puliyogare-masala-pouch-eastern-powder-original-imaf9sfdegpqcetp.jpeg?q=70"}, {"id": 1480, "brand": "Eastern", "title": "Eastern Rasam Powder", "measurement": "100 g", "price": 46, "image": "https://rukminim1.flixcart.com/image/280/280/j63x7rk0/spice-masala/g/z/k/100-rasam-masala-powder-pouch-eastern-powder-original-imaewn8gzfhfk4zb.jpeg?q=70"}, {"id": 1480, "brand": "Eastern", "title": "Eastern Pepper Chicken Masala", "measurement": "100 g", "price": 40, "image": "https://rukminim1.flixcart.com/image/280/280/joen7gw0/spice-masala/q/y/v/100-pepper-chicken-masala-pouch-eastern-powder-original-imafar6sytw8ajzy.jpeg?q=70"}, {"id": 1480, "brand": "Eastern", "title": "Eastern Garam Masala", "measurement": "100 g", "price": 84, "image": "https://rukminim1.flixcart.com/image/280/280/jbmjf680/spice-masala/e/h/z/100-garam-masala-pouch-eastern-powder-original-imafyxvnnghmkdpm.jpeg?q=70"}, {"id": 1480, "brand": "Eastern", "title": "Eastern Fish Masala", "measurement": "100 g", "price": 44, "image": "https://rukminim1.flixcart.com/image/280/280/j65cnm80/spice-masala/x/4/2/100-fish-curry-masala-powder-pouch-eastern-powder-original-imaewzjyzfczrpv5.jpeg?q=70"}, {"id": 1480, "brand": "Eastern", "title": "Eastern Butter Chicken Masala", "measurement": "40 g", "price": 40, "image": "https://rukminim1.flixcart.com/image/280/280/joen7gw0/spice-masala/g/h/b/40-butter-chicken-masala-pouch-eastern-powder-original-imafar6s2uwsfy5v.jpeg?q=70"}, {"id": 1480, "brand": "Eastern", "title": "Eastern White Pepper Powder", "measurement": "50 g", "price": 81, "image": "https://rukminim1.flixcart.com/image/280/280/joen7gw0/spice-masala/6/8/3/50-white-pepper-powder-box-eastern-powder-original-imafavxvzyqh7hvz.jpeg?q=70"}, {"id": 1480, "brand": "Eastern", "title": "Eastern Paneer Butter Masala", "measurement": "40 g", "price": 40, "image": "https://rukminim1.flixcart.com/image/280/280/joen7gw0/spice-masala/y/q/n/40-paneer-butter-masala-pouch-eastern-powder-original-imafar6s6acddrsh.jpeg?q=70"}, {"id": 1480, "brand": "Eastern", "title": "Eastern Kitchen King Masala", "measurement": "100 g", "price": 52, "image": "https://rukminim1.flixcart.com/image/280/280/joen7gw0/spice-masala/f/h/j/100-kitchen-king-masala-pouch-eastern-powder-original-imafar6skzku4wfm.jpeg?q=70"}, {"id": 1480, "brand": "Eastern", "title": "Eastern Chhole Masala", "measurement": "100 g", "price": 59, "image": "https://rukminim1.flixcart.com/image/280/280/joen7gw0/spice-masala/e/u/n/100-chhole-masala-box-eastern-powder-original-imafar6sapuzebh3.jpeg?q=70"}, {"id": 1480, "brand": "Everest", "title": "Everest Garam Masala", "measurement": "100 g", "price": 76, "image": "https://rukminim1.flixcart.com/image/280/280/jfsknm80/spice-masala/9/3/f/100-garam-masala-box-everest-powder-original-imaf46hhwc2wkv7h.jpeg?q=70"}, {"id": 1480, "brand": "Everest", "title": "Everest Tikhalal Chilli Powder", "measurement": "200 g", "price": 75, "image": "https://rukminim1.flixcart.com/image/280/280/j4irlow0/spice-masala/9/9/c/200-sachet-tikhalal-chilli-powder-everest-powder-original-imaevdwwg99samqt.jpeg?q=70"}, {"id": 1480, "brand": "Everest", "title": "Everest Coriander", "measurement": "200 g", "price": 55, "image": "https://rukminim1.flixcart.com/image/280/280/jdxeykw0/spice-masala/b/m/d/200-coriander-pouch-everest-powder-original-imaf2qc7hhgpzzyh.jpeg?q=70"}, {"id": 1480, "brand": "Everest", "title": "Everest Sabji Masala", "measurement": "100 g", "price": 53, "image": "https://rukminim1.flixcart.com/image/280/280/jzblaq80/spice-masala/3/j/q/100-sabji-masala-box-everest-powder-original-imafjcvgdwadpj4a.jpeg?q=70"}, {"id": 1480, "brand": "Everest", "title": "Everest Kashmirilal Chilli Powder", "measurement": "100 g", "price": 57, "image": "https://rukminim1.flixcart.com/image/280/280/j4pwsy80/spice-masala/g/y/n/100-box-kashmiri-chilli-everest-powder-original-imaevdwzapbgdghj.jpeg?q=70"}, {"id": 1480, "brand": "Everest", "title": "Everest Turmeric Powder", "measurement": "200 g", "price": 55, "image": "https://rukminim1.flixcart.com/image/280/280/j4sronk0/spice-masala/z/q/p/200-pouch-turmeric-everest-powder-original-imaevmuktrdsgqtk.jpeg?q=70"}, {"id": 1480, "brand": "Everest", "title": "Everest Chaat Masala", "measurement": "100 g", "price": 61, "image": "https://rukminim1.flixcart.com/image/280/280/j4fwpzk0/spice-masala/c/e/7/100-box-chaat-masala-everest-powder-original-imaevahdwzwk2eee.jpeg?q=70"}, {"id": 1480, "brand": "Everest", "title": "Everest Chicken Masala", "measurement": "100 g", "price": 71, "image": "https://rukminim1.flixcart.com/image/280/280/j4fwpzk0/spice-masala/j/u/j/100-box-chicken-curry-masala-everest-powder-original-imaevaheynmgargv.jpeg?q=70"}, {"id": 1480, "brand": "Everest", "title": "Everest Cumin Powder", "measurement": "100 g", "price": 50, "image": "https://rukminim1.flixcart.com/image/280/280/jfsknm80/spice-masala/z/9/z/100-jeera-box-everest-powder-original-imaf46hauzhbgnyk.jpeg?q=70"}, {"id": 1480, "brand": "Everest", "title": "Everest Royal Garam Masala", "measurement": "50 g", "price": 41, "image": "https://rukminim1.flixcart.com/image/280/280/j84so7k0/spice-masala/q/y/3/50-garam-masala-powder-box-everest-powder-original-imaey7zz8fesmtdk.jpeg?q=70"}, {"id": 1480, "brand": "Everest", "title": "Everest Kitchen King Masala", "measurement": "100 g", "price": 64, "image": "https://rukminim1.flixcart.com/image/280/280/j4fwpzk0/spice-masala/b/n/x/100-box-kitchen-king-masala-everest-powder-original-imaevahbwvyfxfpj.jpeg?q=70"}, {"id": 1480, "brand": "Everest", "title": "Everest Black Pepper Powder", "measurement": "100 g", "price": 148, "image": "https://rukminim1.flixcart.com/image/280/280/j4fwpzk0/spice-masala/s/g/m/100-box-black-pepper-everest-powder-original-imaevahdvhgakwdp.jpeg?q=70"}, {"id": 1480, "brand": "Everest", "title": "Everest Chhole Masala", "measurement": "100 g", "price": 62, "image": "https://rukminim1.flixcart.com/image/280/280/j84so7k0/spice-masala/d/b/r/100-chhole-masala-box-everest-powder-original-imaey8f8wmnzj3av.jpeg?q=70"}, {"id": 1480, "brand": "Everest", "title": "Everest Meat Masala", "measurement": "100 g", "price": 71, "image": "https://rukminim1.flixcart.com/image/280/280/j4eha4w0/spice-masala/q/h/6/100-box-meat-masala-everest-powder-original-imaevahf8ynkkysk.jpeg?q=70"}, {"id": 1480, "brand": "Everest", "title": "Everest Sambhar Masala", "measurement": "50 g", "price": 34, "image": "https://rukminim1.flixcart.com/image/280/280/jdvziq80/spice-masala/n/x/8/50-sambar-masala-pouch-everest-powder-original-imaf2zzbkvaxpzfg.jpeg?q=70"}, {"id": 1480, "brand": "Everest", "title": "Everest Coriander Powder", "measurement": "500 g", "price": 133, "image": "https://rukminim1.flixcart.com/image/280/280/j4fwpzk0/spice-masala/h/6/w/500-pouch-coriander-everest-powder-original-imaevahchnpxskqz.jpeg?q=70"}, {"id": 1480, "brand": "Everest", "title": "Everest Sabji Masala Powder", "measurement": "50 g", "price": 29, "image": "https://rukminim1.flixcart.com/image/280/280/jdoubgw0/spice-masala/r/7/3/50-sabji-masala-box-everest-powder-original-imaf2jky3zhks3ms.jpeg?q=70"}, {"id": 1480, "brand": "Everest", "title": "Everest Kutilal Chilli Powder", "measurement": "200 g", "price": 67, "image": "https://rukminim1.flixcart.com/image/280/280/jfsknm80/spice-masala/c/j/h/200-chilli-powder-pouch-everest-powder-original-imaf46heqg5tpsmd.jpeg?q=70"}, {"id": 1480, "brand": "Everest", "title": "Everest Tandoori Chicken Masala", "measurement": "100 g", "price": 71, "image": "https://rukminim1.flixcart.com/image/280/280/j4fwpzk0/spice-masala/a/j/x/100-box-tandoori-chicken-masala-everest-powder-original-imaevahahugkwzs4.jpeg?q=70"}, {"id": 1480, "brand": "Flipkart Supermart Select", "title": "Flipkart Supermart Select Black Pepper (Kali Mirch)", "measurement": "100 g", "price": 69, "image": "https://rukminim1.flixcart.com/image/280/280/k7285u80/spice-masala/t/n/j/100-black-pepper-kali-mirch-pouch-flipkart-supermart-select-original-imafpdsfnmxzq4bn.jpeg?q=70"}, {"id": 1480, "brand": "Flipkart Supermart Select", "title": "Flipkart Supermart Select Cumin Seeds (Jeera)", "measurement": "100 g", "price": 32, "image": "https://rukminim1.flixcart.com/image/280/280/k7ksvww0/spice-masala/7/w/2/100-cumin-seeds-jeera-pouch-flipkart-supermart-select-whole-original-imafps7vnmkgnjfk.jpeg?q=70"}, {"id": 1480, "brand": "Flipkart Supermart Select", "title": "Flipkart Supermart Select Mustard (Rai Small)", "measurement": "100 g", "price": 16, "image": "https://rukminim1.flixcart.com/image/280/280/k70spzk0/spice-masala/q/p/f/100-mustard-rai-small-pouch-flipkart-supermart-select-whole-original-imafpck6jt4fnggg.jpeg?q=70"}, {"id": 1480, "brand": "Flipkart Supermart Select", "title": "Flipkart Supermart Select Fenugreek (Methi)", "measurement": "100 g", "price": 21, "image": "//img1a.flixcart.com/www/linchpin/fk-cp-zion/img/placeholder_9951d0.svg"}, {"id": 1480, "brand": "Flipkart Supermart Select", "title": "Flipkart Supermart Select Cardamom (Elaichi Green)", "measurement": "100 g", "price": 592, "image": "https://rukminim1.flixcart.com/image/280/280/k7285u80/spice-masala/h/h/k/100-cardamom-elaichi-green-pouch-flipkart-supermart-select-whole-original-imafpdsfqzw3ebqy.jpeg?q=70"}, {"id": 1480, "brand": "Flipkart Supermart Select", "title": "Flipkart Supermart Select Till Regular", "measurement": "100 g", "price": 28, "image": "https://rukminim1.flixcart.com/image/280/280/k70spzk0/spice-masala/v/p/7/100-till-regular-pouch-flipkart-supermart-select-whole-original-imafpck6ygrpydpn.jpeg?q=70"}, {"id": 1480, "brand": "Flipkart Supermart Select", "title": "Flipkart Supermart Select Coriander (Dhania Seeds)", "measurement": "100 g", "price": 30, "image": "https://rukminim1.flixcart.com/image/280/280/k7285u80/spice-masala/q/7/d/100-coriander-dhania-seeds-pouch-flipkart-supermart-select-whole-original-imafpdsfh7fjfmaa.jpeg?q=70"}, {"id": 1480, "brand": "Flipkart Supermart Select", "title": "Flipkart Supermart Select Ajwain Whole", "measurement": "100 g", "price": 39, "image": "https://rukminim1.flixcart.com/image/280/280/k7ksvww0/spice-masala/t/p/z/100-ajwain-whole-pouch-flipkart-supermart-select-whole-original-imafps7wkrsaex63.jpeg?q=70"}, {"id": 1480, "brand": "Flipkart Supermart Select", "title": "Flipkart Supermart Select Mustard (Rai Big)", "measurement": "100 g", "price": 19, "image": "https://rukminim1.flixcart.com/image/280/280/k70spzk0/spice-masala/u/t/u/500-mustard-rai-big-pouch-flipkart-supermart-select-whole-original-imafpck6yrgtdsu6.jpeg?q=70"}, {"id": 1480, "brand": "Flipkart Supermart Select", "title": "Flipkart Supermart Select Bay Leaf ( Tej Patta )", "measurement": "50 g", "price": 25, "image": "https://rukminim1.flixcart.com/image/280/280/k7ksvww0/spice-masala/w/t/n/50-bay-leaf-tej-patta-pouch-flipkart-supermart-select-whole-original-imafps7vz7paczvy.jpeg?q=70"}, {"id": 1480, "brand": "Flipkart Supermart Select", "title": "Flipkart Supermart Select Kasuri Methi", "measurement": "100 g", "price": 42, "image": "https://rukminim1.flixcart.com/image/280/280/k7ksvww0/spice-masala/c/5/a/100-kasuri-methi-pouch-flipkart-supermart-select-whole-original-imafps7v8ehkepzj.jpeg?q=70"}, {"id": 1480, "brand": "Flipkart Supermart Select", "title": "Flipkart Supermart Select Cloves (Launga)", "measurement": "100 g", "price": 126, "image": "https://rukminim1.flixcart.com/image/280/280/k7ksvww0/spice-masala/2/w/x/100-cloves-launga-pouch-flipkart-supermart-select-whole-original-imafps7vgduyaevc.jpeg?q=70"}, {"id": 1480, "brand": "Flipkart Supermart Select", "title": "Flipkart Supermart Select Cardamom (Elaichi Black)", "measurement": "100 g", "price": 132, "image": "https://rukminim1.flixcart.com/image/280/280/k6jnfrk0/spice-masala/d/t/z/100-cardamom-elaichi-black-pouch-flipkart-supermart-select-whole-original-imafzzg4hptawn8t.jpeg?q=70"}, {"id": 1480, "brand": "Flipkart Supermart Select", "title": "Flipkart Supermart Select Dry Ginger (Adarakh)", "measurement": "100 g", "price": 65, "image": "https://rukminim1.flixcart.com/image/280/280/k7ksvww0/spice-masala/j/k/h/100-dry-ginger-adarakh-pouch-flipkart-supermart-select-whole-original-imafps7wddevtzmh.jpeg?q=70"}, {"id": 1480, "brand": "Flipkart Supermart Select", "title": "Flipkart Supermart Select Shahjeera", "measurement": "100 g", "price": 101, "image": "https://rukminim1.flixcart.com/image/280/280/k70spzk0/spice-masala/f/y/g/100-shahjeera-pouch-flipkart-supermart-select-whole-original-imafpck6zjzefbcb.jpeg?q=70"}, {"id": 1480, "brand": "Flipkart Supermart Select", "title": "Flipkart Supermart Select Mustard (Rai Yellow)", "measurement": "100 g", "price": 18, "image": "https://rukminim1.flixcart.com/image/280/280/k7ksvww0/spice-masala/j/k/u/100-mustard-rai-yellow-pouch-flipkart-supermart-select-whole-original-imafps7wjqrgxwvh.jpeg?q=70"}, {"id": 1480, "brand": "Flipkart Supermart Select", "title": "Flipkart Supermart Select Ananas Flower", "measurement": "100 g", "price": 106, "image": "https://rukminim1.flixcart.com/image/280/280/jd0jtzk0/spice-masala/d/q/x/100-ananas-flower-pouch-flipkart-supermart-select-whole-original-imaf2f2puawpbnh4.jpeg?q=70"}, {"id": 1480, "brand": "Flipkart Supermart Select", "title": "Flipkart Supermart Select Kalonji", "measurement": "100 g", "price": 33, "image": "https://rukminim1.flixcart.com/image/280/280/k7ksvww0/spice-masala/d/p/h/100-kalonji-pouch-flipkart-supermart-select-whole-original-imafps7wknbwugem.jpeg?q=70"}, {"id": 1480, "brand": "Flipkart Supermart Select", "title": "Flipkart Supermart Select Khus Khus Posta Dana", "measurement": "100 g", "price": 247, "image": "https://rukminim1.flixcart.com/image/280/280/k6jnfrk0/spice-masala/z/y/v/100-khus-khus-posta-dana-pouch-flipkart-supermart-select-whole-original-imafzzg4fzxwjra9.jpeg?q=70"}, {"id": 1480, "brand": "Flipkart Supermart Select", "title": "Flipkart Supermart Select Turmeric (Haldi Sticks)", "measurement": "100 g", "price": 44, "image": "https://rukminim1.flixcart.com/image/280/280/k6jnfrk0/spice-masala/x/q/f/100-turmeric-haldi-sticks-pouch-flipkart-supermart-select-whole-original-imafzzg4ktm4xfjt.jpeg?q=70"}, {"id": 1480, "brand": "Flipkart Supermart Select", "title": "Flipkart Supermart Select Mace (Javitri)", "measurement": "100 g", "price": 512, "image": "https://rukminim1.flixcart.com/image/280/280/k7ksvww0/spice-masala/e/b/g/100-mace-javitri-pouch-flipkart-supermart-select-whole-original-imafps7wqypy72ar.jpeg?q=70"}, {"id": 1480, "brand": "Flipkart Supermart Select", "title": "Flipkart Supermart Select Marathi Moggu", "measurement": "50 g", "price": 57, "image": "https://rukminim1.flixcart.com/image/280/280/k70spzk0/spice-masala/m/h/y/50-marathi-moggu-pouch-flipkart-supermart-select-whole-original-imafpck6uqkbmwzn.jpeg?q=70"}, {"id": 1480, "brand": "Flipkart Supermart Select", "title": "Flipkart Supermart Select Till Nylon", "measurement": "100 g", "price": 31, "image": "https://rukminim1.flixcart.com/image/280/280/k7ksvww0/spice-masala/h/m/3/100-till-nylon-pouch-flipkart-supermart-select-whole-original-imafps7v9vgwrmyh.jpeg?q=70"}, {"id": 1480, "brand": "Flipkart Supermart Select", "title": "Flipkart Supermart Select Till Black", "measurement": "100 g", "price": 59, "image": "https://rukminim1.flixcart.com/image/280/280/k7ksvww0/spice-masala/p/a/u/100-till-black-pouch-flipkart-supermart-select-whole-original-imafps7wftrzk5sn.jpeg?q=70"}, {"id": 1480, "brand": "Flipkart Supermart Select", "title": "Flipkart Supermart Select Dhania Dal", "measurement": "100 g", "price": 39, "image": "https://rukminim1.flixcart.com/image/280/280/k7ksvww0/spice-masala/z/f/t/100-dhania-dal-pouch-flipkart-supermart-select-whole-original-imafps7wzhjzdcbv.jpeg?q=70"}, {"id": 1480, "brand": "Flipkart Supermart Select", "title": "Flipkart Supermart Select Nutmeg", "measurement": "100 g", "price": 116, "image": "https://rukminim1.flixcart.com/image/280/280/k6jnfrk0/spice-masala/k/z/s/100-nutmeg-pouch-flipkart-supermart-select-whole-original-imafzzg4bhscqvgf.jpeg?q=70"}, {"id": 1480, "brand": "JK", "title": "JK Panch Foran", "measurement": "100 g", "price": 37, "image": "https://rukminim1.flixcart.com/image/280/280/jw84ya80/spice-masala/f/h/g/100-panch-foran-pouch-jk-whole-original-imafgygh7h8f43zb.jpeg?q=70"}, {"id": 1480, "brand": "JK", "title": "JK Kasuri Methi Leaf", "measurement": "100 g", "price": 72, "image": "https://rukminim1.flixcart.com/image/280/280/jw84ya80/spice-masala/p/h/4/100-kasuri-methi-leaf-pouch-jk-whole-original-imafgyghfuctkkmc.jpeg?q=70"}, {"id": 1480, "brand": "JK", "title": "JK Sounf", "measurement": "100 g", "price": 38, "image": "https://rukminim1.flixcart.com/image/280/280/jw84ya80/spice-masala/2/m/g/100-sounf-pouch-jk-whole-original-imafgyggzchgap6c.jpeg?q=70"}, {"id": 1480, "brand": "JK", "title": "JK Black Pepper", "measurement": "100 g", "price": 128, "image": "https://rukminim1.flixcart.com/image/280/280/jw84ya80/spice-masala/3/m/f/100-black-pepper-pouch-jk-whole-original-imafgygjz9tmjtpq.jpeg?q=70"}, {"id": 1480, "brand": "JK", "title": "JK Methi", "measurement": "100 g", "price": 25, "image": "https://rukminim1.flixcart.com/image/280/280/jw84ya80/spice-masala/x/w/j/100-methi-pouch-jk-whole-original-imafgyggwg5bqhfy.jpeg?q=70"}, {"id": 1480, "brand": "JK", "title": "JK Kala Jeera", "measurement": "50 g", "price": 25, "image": "https://rukminim1.flixcart.com/image/280/280/jw84ya80/spice-masala/b/7/y/50-kala-jeera-pouch-jk-whole-original-imafgyghmszq8the.jpeg?q=70"}, {"id": 1480, "brand": "JK", "title": "JK Tea Masala", "measurement": "100 g", "price": 97, "image": "https://rukminim1.flixcart.com/image/280/280/jw84ya80/spice-masala/s/m/e/100-tea-masala-glass-bottle-jk-powder-original-imafgygjz48v3yvq.jpeg?q=70"}, {"id": 1480, "brand": "JK", "title": "JK Rajasthani Mirch Powder", "measurement": "250 g", "price": 94, "image": "https://rukminim1.flixcart.com/image/280/280/k0y6cnk0/spice-masala/q/r/x/250-rajasthani-red-chili-powder-pouch-jk-powder-original-imafkmpvgyexn86c.jpeg?q=70"}, {"id": 1480, "brand": "JK", "title": "JK Cardamom", "measurement": "100 g", "price": 652, "image": "https://rukminim1.flixcart.com/image/280/280/jw84ya80/spice-masala/g/g/x/100-cardamom-pouch-jk-whole-original-imafgygh7m6typpa.jpeg?q=70"}, {"id": 1480, "brand": "JK", "title": "JK Jaipuri Red Chili", "measurement": "100 g", "price": 40, "image": "https://rukminim1.flixcart.com/image/280/280/k0y6cnk0/spice-masala/q/q/2/100-jaipuri-red-chili-pouch-jk-whole-original-imafkmphd38peuef.jpeg?q=70"}, {"id": 1480, "brand": "JK", "title": "JK Rajasthani Dhaniya Powder", "measurement": "250 g", "price": 83, "image": "https://rukminim1.flixcart.com/image/280/280/k0y6cnk0/spice-masala/y/m/8/250-rajasthani-coriander-powder-pouch-jk-powder-original-imafkmpv8wzgkah7.jpeg?q=70"}, {"id": 1480, "brand": "JK", "title": "JK Cardamom Green", "measurement": "25 g", "price": 178, "image": "https://rukminim1.flixcart.com/image/280/280/jw84ya80/spice-masala/j/d/d/25-cardamom-green-pouch-jk-whole-original-imafgygnz2hsuceh.jpeg?q=70"}, {"id": 1480, "brand": "JK", "title": "JK Clove", "measurement": "100 g", "price": 158, "image": "https://rukminim1.flixcart.com/image/280/280/jvgzl3k0/spice-masala/f/s/n/100-clove-pouch-jk-whole-original-imafgdgxevuubg5n.jpeg?q=70"}, {"id": 1480, "brand": "JK", "title": "JK Jeera", "measurement": "100 g", "price": 51, "image": "https://rukminim1.flixcart.com/image/280/280/jw84ya80/spice-masala/j/c/x/100-jeera-pouch-jk-whole-original-imafgyggfgyf62pg.jpeg?q=70"}, {"id": 1480, "brand": "JK", "title": "JK Yellow Mustard Seed", "measurement": "100 g", "price": 19, "image": "https://rukminim1.flixcart.com/image/280/280/jw84ya80/spice-masala/g/e/d/100-yellow-mustard-seed-pouch-jk-whole-original-imafgyghn4wwb2h5.jpeg?q=70"}, {"id": 1480, "brand": "JK", "title": "JK Jaifal", "measurement": "25 g", "price": 43, "image": "https://rukminim1.flixcart.com/image/280/280/jw84ya80/spice-masala/7/b/g/25-jaifal-pouch-jk-whole-original-imafgygggsqmkrfg.jpeg?q=70"}, {"id": 1480, "brand": "JK", "title": "JK Ajwan", "measurement": "100 g", "price": 50, "image": "https://rukminim1.flixcart.com/image/280/280/jw84ya80/spice-masala/h/z/g/100-ajwan-pouch-jk-whole-original-imafgyggs7e9ge3z.jpeg?q=70"}, {"id": 1480, "brand": "JK", "title": "JK Red Sarsoo", "measurement": "100 g", "price": 18, "image": "https://rukminim1.flixcart.com/image/280/280/jw84ya80/spice-masala/j/u/6/100-red-sarsoo-pouch-jk-whole-original-imafgygg7da4nzfm.jpeg?q=70"}, {"id": 1480, "brand": "JK", "title": "JK Dhaniya", "measurement": "100 g", "price": 34, "image": "https://rukminim1.flixcart.com/image/280/280/jw84ya80/spice-masala/g/w/h/100-dhaniya-pouch-jk-whole-original-imafgyggfg45psfd.jpeg?q=70"}, {"id": 1480, "brand": "JK", "title": "JK Star Anise", "measurement": "50 g", "price": 79, "image": "https://rukminim1.flixcart.com/image/280/280/k0y6cnk0/spice-masala/z/j/k/50-star-anise-pouch-jk-whole-original-imafkmpxyfvvt4sh.jpeg?q=70"}, {"id": 1480, "brand": "JK", "title": "JK White Pepper", "measurement": "50 g", "price": 123, "image": "https://rukminim1.flixcart.com/image/280/280/jw84ya80/spice-masala/p/d/y/50-white-pepper-pouch-jk-whole-original-imafgyghbudqsmj9.jpeg?q=70"}, {"id": 1480, "brand": "Kohinoor", "title": "Kohinoor Hyderabadi Biryani Masala", "measurement": "15 g", "price": 14, "image": "https://rukminim1.flixcart.com/image/280/280/jynat8w0/spice-masala/j/k/v/15-hyderabadi-biryani-masala-pouch-kohinoor-powder-original-imafgu3txc69egby.jpeg?q=70"}, {"id": 1480, "brand": "Kohinoor", "title": "Kohinoor Punjabi Paneer Butter Masala", "measurement": "15 g", "price": 16, "image": "https://rukminim1.flixcart.com/image/280/280/jynat8w0/spice-masala/y/h/z/15-punjabi-paneer-butter-masala-pouch-kohinoor-powder-original-imafgu3uzbfbd3d7.jpeg?q=70"}, {"id": 1480, "brand": "Kohinoor", "title": "Kohinoor Dilli Choley Masala", "measurement": "15 g", "price": 16, "image": "https://rukminim1.flixcart.com/image/280/280/jynat8w0/spice-masala/w/j/2/15-dilli-choley-masala-pouch-kohinoor-powder-original-imafgu3tzfheebvu.jpeg?q=70"}, {"id": 1480, "brand": "Kohinoor", "title": "Kohinoor Amritsari Tandoori Chicken Masala", "measurement": "15 g", "price": 15, "image": "https://rukminim1.flixcart.com/image/280/280/jynat8w0/spice-masala/v/2/u/15-amritsari-tandoori-chicken-masala-pouch-kohinoor-powder-original-imafgu3uzpjavfye.jpeg?q=70"}, {"id": 1480, "brand": "Kohinoor", "title": "Kohinoor Mumbai Pav Bhaji Masala", "measurement": "15 g", "price": 15, "image": "https://rukminim1.flixcart.com/image/280/280/jynat8w0/spice-masala/a/e/c/15-mumbai-pav-bhaji-masala-pouch-kohinoor-powder-original-imafgu3u8tqvzdap.jpeg?q=70"}, {"id": 1480, "brand": "Kohinoor", "title": "Kohinoor Jammu Rajma Masala", "measurement": "15 g", "price": 15, "image": "https://rukminim1.flixcart.com/image/280/280/jynat8w0/spice-masala/g/r/h/15-jammu-rajma-masala-pouch-kohinoor-powder-original-imafgu3tyvjezm8m.jpeg?q=70"}, {"id": 1480, "brand": "Kohinoor", "title": "Kohinoor Punjabi Butter Chicken Masala", "measurement": "15 g", "price": 15, "image": "https://rukminim1.flixcart.com/image/280/280/jynat8w0/spice-masala/a/s/e/15-punjabi-butter-chicken-masala-pouch-kohinoor-powder-original-imafgu3tmhspjhjp.jpeg?q=70"}, {"id": 1480, "brand": "Kohinoor", "title": "Kohinoor Kashmiri Meat Masala", "measurement": "15 g", "price": 20, "image": "https://rukminim1.flixcart.com/image/280/280/jynat8w0/spice-masala/w/j/q/15-kashmiri-meat-masala-pouch-kohinoor-powder-original-imafgu3t7pv8sygh.jpeg?q=70"}, {"id": 1480, "brand": "Kohinoor", "title": "Kohinoor Garam Masala-E-Khaas", "measurement": "Airtight Glass Bottle Free", "price": 108, "image": "https://rukminim1.flixcart.com/image/280/280/jynat8w0/spice-masala/k/s/v/90-garam-masala-e-khaas-box-kohinoor-powder-original-imafgu3uthtgxmzz.jpeg?q=70"}, {"id": 1480, "brand": "Kohinoor", "title": "Kohinoor Lazeez Sabzi Masala", "measurement": "40 g", "price": 35, "image": "https://rukminim1.flixcart.com/image/280/280/jyt0knk0/spice-masala/h/r/n/40-lazeez-sabzi-masala-pouch-kohinoor-powder-original-imafgu3vyg9ztngc.jpeg?q=70"}, {"id": 1480, "brand": "Kohinoor", "title": "Kohinoor Garam, Biryani, Butter Chicken, Meat Masala Spices Combo", "measurement": "85 g", "price": 74, "image": "https://rukminim1.flixcart.com/image/280/280/k6dxocw0/spice-masala/a/d/u/85-garam-biryani-butter-chicken-meat-masala-spices-combo-pouch-original-imafzsq8ct4u89yv.jpeg?q=70"}, {"id": 1480, "brand": "Kohinoor", "title": "Kohinoor Garam, Pav Bhaji, Panner Butter, Rajma Masala Spices Combo", "measurement": "85 g", "price": 68, "image": "https://rukminim1.flixcart.com/image/280/280/k6dxocw0/spice-masala/h/e/v/85-garam-pav-bhaji-panner-butter-rajma-masala-spices-combo-pouch-original-imafzsq8dnuardhp.jpeg?q=70"}, {"id": 1480, "brand": "Kwality", "title": "Kwality Kasuri Methi", "measurement": "100 g", "price": 48, "image": "https://rukminim1.flixcart.com/image/280/280/juwzf680/spice-masala/f/q/z/100-kasuri-methi-pouch-kwality-powder-original-imaffxjcujgg94nn.jpeg?q=70"}, {"id": 1480, "brand": "Kwality", "title": "Kwality Chhole Masala", "measurement": "100 g", "price": 39, "image": "https://rukminim1.flixcart.com/image/280/280/juu4jgw0/spice-masala/j/h/e/100-chhole-masala-box-kwality-powder-original-imaffvq4tuxhnfqn.jpeg?q=70"}, {"id": 1480, "brand": "Kwality", "title": "Kwality Garam Masala", "measurement": "100 g", "price": 48, "image": "https://rukminim1.flixcart.com/image/280/280/ju1jqfk0/spice-masala/r/h/4/100-garam-masala-box-kwality-powder-original-imaff9bhfasrrbua.jpeg?q=70"}, {"id": 1480, "brand": "Kwality", "title": "Kwality Gobi Manchurian Masala", "measurement": "125 g", "price": 35, "image": "//img1a.flixcart.com/www/linchpin/fk-cp-zion/img/placeholder_9951d0.svg"}, {"id": 1480, "brand": "Kwality", "title": "Kwality Chat Masala", "measurement": "100 g", "price": 39, "image": "https://rukminim1.flixcart.com/image/280/280/ju1jqfk0/spice-masala/7/q/5/100-chat-masala-box-kwality-powder-original-imaff9bhrhyj6mtp.jpeg?q=70"}, {"id": 1480, "brand": "Kwality", "title": "Kwality Kitchen King", "measurement": "100 g", "price": 42, "image": "https://rukminim1.flixcart.com/image/280/280/juwzf680/spice-masala/y/t/7/100-kitchen-king-box-kwality-powder-original-imaffxjdjtbwhsuj.jpeg?q=70"}, {"id": 1480, "brand": "Maggi", "title": "Maggi Masala Magic", "measurement": "72 g", "price": 50, "image": "https://rukminim1.flixcart.com/image/280/280/k8ytaq80/spice-masala/8/x/e/72-masala-magic-pouch-maggi-powder-original-imafquw6nffmcg4g.jpeg?q=70"}, {"id": 1480, "brand": "Maggi", "title": "Maggi Magic Cubes Chicken Masala", "measurement": "40 g", "price": 35, "image": "https://rukminim1.flixcart.com/image/280/280/jsdj8nk0/spice-masala/u/x/k/40-magic-cubes-chicken-masala-pouch-maggi-cubes-original-imafdyzpsqfawjan.jpeg?q=70"}, {"id": 1480, "brand": "Maggi", "title": "Maggi Magic Cubes Vegetarian Masala", "measurement": "40 g", "price": 35, "image": "https://rukminim1.flixcart.com/image/280/280/jsdj8nk0/spice-masala/c/h/k/40-magic-cubes-vegetarian-masala-pouch-maggi-cubes-original-imafdyzpkrckjggp.jpeg?q=70"}, {"id": 1480, "brand": "Maiyas", "title": "Maiyas Puliyogare Powder", "measurement": "100 g", "price": 42, "image": "https://rukminim1.flixcart.com/image/280/280/ja1dt3k0/spice-masala/g/f/z/100-puliyogare-powder-pouch-maiyas-powder-original-imaezpnhhwzyjz7r.jpeg?q=70"}, {"id": 1480, "brand": "Maiyas", "title": "Maiyas Rasam Powder", "measurement": "100 g", "price": 46, "image": "https://rukminim1.flixcart.com/image/280/280/ja73ki80/spice-masala/v/f/h/100-rasam-masala-powder-pouch-maiyas-powder-original-imaeztwnt45vhvre.jpeg?q=70"}, {"id": 1480, "brand": "Maiyas", "title": "Maiyas Vangibath Powder", "measurement": "100 g", "price": 48, "image": "https://rukminim1.flixcart.com/image/280/280/jdeu8i80/spice-masala/f/v/6/100-vangibath-powder-pouch-maiyas-powder-original-imaf2bzbpxzcgz28.jpeg?q=70"}, {"id": 1480, "brand": "Maiyas", "title": "Maiyas Sambar Powder", "measurement": "100 g", "price": 48, "image": "//img1a.flixcart.com/www/linchpin/fk-cp-zion/img/placeholder_9951d0.svg"}, {"id": 1480, "brand": "Maiyas", "title": "Maiyas Bisibelebath Powder", "measurement": "100 g", "price": 48, "image": "https://rukminim1.flixcart.com/image/280/280/j9zyd8w0/spice-masala/3/5/j/100-bisibelebath-powder-pouch-maiyas-powder-original-imaezz9ygszv7x38.jpeg?q=70"}, {"id": 1480, "brand": "MDH", "title": "MDH Chunky Chat Masala", "measurement": "100 g", "price": 61, "image": "https://rukminim1.flixcart.com/image/280/280/j84so7k0/spice-masala/h/e/g/100-chaat-masala-powder-box-mdh-powder-original-imaey8yhjrzrkpd7.jpeg?q=70"}, {"id": 1480, "brand": "MDH", "title": "MDH Kashmiri Mirch", "measurement": "100 g", "price": 59, "image": "https://rukminim1.flixcart.com/image/280/280/j84so7k0/spice-masala/u/b/g/100-kashmiri-mirch-chilli-box-mdh-whole-original-imaey8yn7eg9gntz.jpeg?q=70"}, {"id": 1480, "brand": "MDH", "title": "MDH Hing", "measurement": "10 g", "price": 63, "image": "https://rukminim1.flixcart.com/image/280/280/jraycnk0/spice-masala/8/m/k/10-hing-plastic-bottle-mdh-powder-original-imafd52pjzwybavp.jpeg?q=70"}, {"id": 1480, "brand": "MDH", "title": "MDH Chana Masala", "measurement": "100 g", "price": 61, "image": "https://rukminim1.flixcart.com/image/280/280/j4eha4w0/spice-masala/z/4/t/100-box-chana-masala-mdh-powder-original-imaevahxj2f2cu4k.jpeg?q=70"}, {"id": 1480, "brand": "MDH", "title": "MDH Lal Mirch Powder", "measurement": "100 g", "price": 33, "image": "https://rukminim1.flixcart.com/image/280/280/j9it30w0/spice-masala/z/t/4/100-lal-mirch-powder-box-mdh-powder-original-imaezawrkzvdgyhg.jpeg?q=70"}, {"id": 1480, "brand": "MDH", "title": "MDH Kitchen King Mixed Spices Powder", "measurement": "100 g", "price": 67, "image": "https://rukminim1.flixcart.com/image/280/280/j4hc5u80/spice-masala/d/t/b/100-box-kitchen-king-masala-mdh-powder-original-imaevcqgbj9fhgn4.jpeg?q=70"}, {"id": 1480, "brand": "MDH", "title": "MDH Garam Masala", "measurement": "100 g", "price": 77, "image": "https://rukminim1.flixcart.com/image/280/280/j4sronk0/spice-masala/v/q/s/100-box-garam-masala-mdh-powder-original-imaevmumgdyd4dy9.jpeg?q=70"}, {"id": 1480, "brand": "MDH", "title": "MDH Pav Bhaji Masala", "measurement": "100 g", "price": 63, "image": "https://rukminim1.flixcart.com/image/280/280/j4hc5u80/spice-masala/6/4/a/100-box-pav-bhaji-masala-mdh-powder-original-imaevcqjsgm6x5yt.jpeg?q=70"}, {"id": 1480, "brand": "MDH", "title": "MDH (Haldi)Turmeric Powder", "measurement": "100 g", "price": 28, "image": "https://rukminim1.flixcart.com/image/280/280/j4sronk0/spice-masala/e/v/h/100-box-turmeric-mdh-powder-original-imaevmuhmybmbjza.jpeg?q=70"}, {"id": 1480, "brand": "MDH", "title": "MDH Meat Ka Masala", "measurement": "100 g", "price": 69, "image": "https://rukminim1.flixcart.com/image/280/280/j4sronk0/spice-masala/x/t/u/100-box-meat-masala-mdh-powder-original-imaevmuh6wweanrs.jpeg?q=70"}, {"id": 1480, "brand": "MDH", "title": "MDH Black Pepper Powder", "measurement": "50 g", "price": 69, "image": "https://rukminim1.flixcart.com/image/280/280/j4pwsy80-1/spice-masala/m/y/h/50-box-black-pepper-mdh-powder-original-imaevcqcftq4czju.jpeg?q=70"}, {"id": 1480, "brand": "MDH", "title": "MDH Kasoori Methi", "measurement": "50 g", "price": 46, "image": "https://rukminim1.flixcart.com/image/280/280/j4fwpzk0/spice-masala/z/a/k/50-box-kasoori-methi-mdh-whole-original-imaevahfthmz4hk3.jpeg?q=70"}, {"id": 1480, "brand": "MDH", "title": "MDH Chicken Masala", "measurement": "100 g", "price": 66, "image": "https://rukminim1.flixcart.com/image/280/280/j8osu4w0/spice-masala/7/t/e/100-chicken-masala-box-mdh-powder-original-imaeynbdd9avdzpu.jpeg?q=70"}, {"id": 1480, "brand": "MDH", "title": "MDH Shahi Paneer Masala", "measurement": "100 g", "price": 79, "image": "https://rukminim1.flixcart.com/image/280/280/j4hc5u80/spice-masala/6/q/t/100-box-shahi-paneer-masala-mdh-powder-original-imaevcqazzn6g5bt.jpeg?q=70"}, {"id": 1480, "brand": "MDH", "title": "MDH Biryani Masala", "measurement": "50 g", "price": 77, "image": "https://rukminim1.flixcart.com/image/280/280/j4hc5u80/spice-masala/f/b/y/50-box-biriyani-masala-mdh-powder-original-imaevcqcqzjsfdyh.jpeg?q=70"}, {"id": 1480, "brand": "MDH", "title": "MDH Rajmah Masala", "measurement": "100 g", "price": 60, "image": "https://rukminim1.flixcart.com/image/280/280/j4fwpzk0/spice-masala/2/7/g/100-box-rajma-masala-mdh-powder-original-imaevahwhhw24gse.jpeg?q=70"}, {"id": 1480, "brand": "MDH", "title": "MDH Sambhar Masala", "measurement": "50 g", "price": 32, "image": "https://rukminim1.flixcart.com/image/280/280/j8kiikw0-1/spice-masala/2/g/b/50-sambar-masala-powder-box-mdh-powder-original-imaeykmygvx2hx2q.jpeg?q=70"}, {"id": 1480, "brand": "MDH", "title": "MDH Deggi Mirch", "measurement": "500 g", "price": 282, "image": "https://rukminim1.flixcart.com/image/280/280/jxp08sw0/spice-masala/a/x/v/500-deggi-mirch-box-mdh-powder-original-imafg367yhz4j9qd.jpeg?q=70"}, {"id": 1480, "brand": "MTR", "title": "MTR Puliogare Powder", "measurement": "100 g", "price": 53, "image": "https://rukminim1.flixcart.com/image/280/280/j3nbwy80/spice-masala/b/d/d/100-pouch-puliyogare-mtr-foods-powder-original-imaeup2bkcyqjfgv.jpeg?q=70"}, {"id": 1480, "brand": "MTR", "title": "MTR Hing Powder", "measurement": "50 g", "price": 74, "image": "https://rukminim1.flixcart.com/image/280/280/j3nbwy80/spice-masala/d/j/r/50-plastic-bottle-hing-mtr-foods-powder-original-imaeuz3ryk7zqcsp.jpeg?q=70"}, {"id": 1480, "brand": "MTR", "title": "MTR Lemon Rice Powder", "measurement": "50 g", "price": 20, "image": "https://rukminim1.flixcart.com/image/280/280/jm81zm80/spice-masala/a/x/9/50-lemon-rice-powder-pouch-mtr-powder-original-imaf967dedppzquj.jpeg?q=70"}, {"id": 1480, "brand": "MTR", "title": "MTR Rasam Powder", "measurement": "100 g", "price": 52, "image": "https://rukminim1.flixcart.com/image/280/280/j3nbwy80/spice-masala/n/x/r/100-sachet-rasam-masala-mtr-foods-powder-original-imaeup2vmb4rvsgw.jpeg?q=70"}, {"id": 1480, "brand": "MTR", "title": "MTR Special Garam Masala", "measurement": "50 g", "price": 48, "image": "https://rukminim1.flixcart.com/image/280/280/j3nbwy80/spice-masala/a/m/h/50-pouch-garam-masala-mtr-foods-powder-original-imaeuz7yd7hp8es3.jpeg?q=70"}, {"id": 1480, "brand": "MTR", "title": "MTR Spicy Sambar Powder", "measurement": "100 g", "price": 53, "image": "https://rukminim1.flixcart.com/image/280/280/j3nbwy80/ready-meal/r/h/6/100-spicy-sambar-powder-mtr-original-imaeuqjzuygpac79.jpeg?q=70"}, {"id": 1480, "brand": "MTR", "title": "MTR Tomato Rice Powder", "measurement": "50 g", "price": 17, "image": "https://rukminim1.flixcart.com/image/280/280/jlv70y80/spice-masala/y/h/j/50-tomato-rice-powder-pouch-mtr-powder-original-imaf8wk5arjegy5h.jpeg?q=70"}, {"id": 1480, "brand": "MTR", "title": "MTR Sambar Powder", "measurement": "100 g", "price": 50, "image": "https://rukminim1.flixcart.com/image/280/280/j3nbwy80/spice-masala/v/m/x/100-pouch-sambar-masala-mtr-foods-powder-original-imaeup8fhkgkzy2z.jpeg?q=70"}, {"id": 1480, "brand": "MTR", "title": "MTR Bisibele Bhath Masala", "measurement": "100 g", "price": 55, "image": "https://rukminim1.flixcart.com/image/280/280/j3nbwy80/spice-masala/2/g/b/100-pouch-bisibelebath-powder-mtr-foods-powder-original-imaeupbqhqf7gsqg.jpeg?q=70"}, {"id": 1480, "brand": "MTR", "title": "MTR Vangi Bhath Masala Powder", "measurement": "200 g", "price": 97, "image": "https://rukminim1.flixcart.com/image/280/280/j3nbwy80/spice-masala/s/z/q/200-pouch-vangibath-powder-mtr-foods-powder-original-imaeup8v4r5xhvnb.jpeg?q=70"}, {"id": 1480, "brand": "MTR", "title": "MTR Chutney Powder", "measurement": "200 g", "price": 97, "image": "https://rukminim1.flixcart.com/image/280/280/jk76j680/spice-masala/f/x/z/200-chutney-powder-pouch-mtr-powder-original-imaf7hk6znjyht8h.jpeg?q=70"}, {"id": 1480, "brand": "MTR", "title": "MTR Masala Karam Powder", "measurement": "100 g", "price": 45, "image": "https://rukminim1.flixcart.com/image/280/280/k0cqqvk0/spice-masala/y/n/m/100-masala-karam-powder-pouch-mtr-powder-original-imafk5tzqagyjhdj.jpeg?q=70"}, {"id": 1480, "brand": "MTR", "title": "MTR Puliogare Paste", "measurement": "200 g", "price": 89, "image": "https://rukminim1.flixcart.com/image/280/280/j3nbwy80/paste-puree/5/5/j/200-puliogare-paste-sachet-mtr-original-imaeuzazexsqgyxp.jpeg?q=70"}, {"id": 1480, "brand": "MTR", "title": "MTR Turmeric Powder", "measurement": "100 g", "price": 32, "image": "https://rukminim1.flixcart.com/image/280/280/j3nbwy80/spice-masala/r/s/9/100-pouch-turmeric-mtr-foods-powder-original-imaeupah3agzuhbh.jpeg?q=70"}, {"id": 1480, "brand": "MTR", "title": "MTR Lal Mirch Chilli Powder", "measurement": "100 g", "price": 32, "image": "https://rukminim1.flixcart.com/image/280/280/j65cnm80/spice-masala/h/z/g/100-chilli-powder-pouch-mtr-powder-original-imaewzka4mpc3gew.jpeg?q=70"}, {"id": 1480, "brand": "MTR", "title": "MTR Lemon Rice with Tomato Rice Powder", "measurement": "2x50 g", "price": 40, "image": "https://rukminim1.flixcart.com/image/280/280/k0wqwsw0/spice-masala/k/p/g/100-lemon-rice-with-tomato-rice-powder-pouch-mtr-powder-original-imafkhm9fveamzcn.jpeg?q=70"}, {"id": 1480, "brand": "MTR", "title": "MTR Coriander Powder", "measurement": "100 g", "price": 32, "image": "https://rukminim1.flixcart.com/image/280/280/j3nbwy80/spice-masala/8/d/9/100-pouch-coriander-mtr-foods-powder-original-imaeupauhxzztryy.jpeg?q=70"}, {"id": 1480, "brand": "MTR", "title": "MTR Rasam ,Sambar, Puliogare Powder Combo", "measurement": "3x200 g", "price": 257, "image": "https://rukminim1.flixcart.com/image/280/280/jvfk58w0/spice-masala/z/z/z/600-rasam-sambar-puligore-powder-combo-pouch-mtr-powder-original-imafgcdfbptcrqdz.jpeg?q=70"}, {"id": 1480, "brand": "MTR", "title": "MTR Gojju Magic Masala", "measurement": "60 g", "price": 30, "image": "https://rukminim1.flixcart.com/image/280/280/k6jnfrk0/spice-masala/n/h/n/60-gojju-magic-masala-pouch-mtr-powder-original-imafzz83vkgjzbpe.jpeg?q=70"}, {"id": 1480, "brand": "MTR", "title": "MTR Jeera Powder", "measurement": "100 g", "price": 54, "image": "https://rukminim1.flixcart.com/image/280/280/j3nbwy80/spice-masala/j/b/r/100-pouch-black-jeera-shah-jeera-mtr-foods-powder-original-imaeupb2kqa55yvf.jpeg?q=70"}, {"id": 1480, "brand": "Organic Tattva", "title": "Organic Tattva Turmeric Powder", "measurement": "200 g", "price": 68, "image": "https://rukminim1.flixcart.com/image/280/280/jn6ck280/spice-masala/w/u/4/200-turmeric-pouch-organic-tattva-powder-original-imaf9wsujpy4rhc8.jpeg?q=70"}, {"id": 1480, "brand": "Organic Tattva", "title": "Organic Tattva Coriander", "measurement": "100 g", "price": 45, "image": "https://rukminim1.flixcart.com/image/280/280/k6i7zww0/spice-masala/s/f/s/100-organic-coriander-pouch-organic-tattva-powder-original-imafzy45sw3psggn.jpeg?q=70"}, {"id": 1480, "brand": "Organic Tattva", "title": "Organic Tattva Cumin", "measurement": "100 g", "price": 59, "image": "https://rukminim1.flixcart.com/image/280/280/k6i7zww0/spice-masala/z/h/z/100-organic-cumin-pouch-organic-tattva-whole-original-imafzy45mkxd3psq.jpeg?q=70"}, {"id": 1480, "brand": "Organic Tattva", "title": "Organic Tattva Red Chilly Powder", "measurement": "200 g", "price": 102, "image": "//img1a.flixcart.com/www/linchpin/fk-cp-zion/img/placeholder_9951d0.svg"}, {"id": 1480, "brand": "Origo Fresh", "title": "Origo Fresh Tamrind Black", "measurement": "200 g", "price": 60, "image": "https://rukminim1.flixcart.com/image/280/280/jdnevm80/spice-masala/m/z/g/200-tamrind-black-pouch-origo-fresh-whole-original-imaf2gu4wmpvucu3.jpeg?q=70"}, {"id": 1480, "brand": "Origo Fresh", "title": "Origo Fresh Byadgi Chilli Stemless", "measurement": "200 g", "price": 106, "image": "https://rukminim1.flixcart.com/image/280/280/jcatwnk0/spice-masala/n/n/b/200-byadagi-chilli-stemless-pouch-origo-fresh-whole-original-imaffgrdbkwbtjfm.jpeg?q=70"}, {"id": 1480, "brand": "Origo Fresh", "title": "Origo Fresh Guntur Chilli Stemless", "measurement": "100 g", "price": 39, "image": "https://rukminim1.flixcart.com/image/280/280/jcatwnk0/spice-masala/a/s/h/100-guntur-chilli-stemless-pouch-origo-fresh-whole-original-imaffgrfhneyxp5b.jpeg?q=70"}, {"id": 1480, "brand": "Origo Fresh", "title": "Origo Fresh White Pepper", "measurement": "100 g", "price": 76, "image": "//img1a.flixcart.com/www/linchpin/fk-cp-zion/img/placeholder_9951d0.svg"}, {"id": 1480, "brand": "Patanjali", "title": "Patanjali Hing", "measurement": "25 g", "price": 40, "image": "https://rukminim1.flixcart.com/image/280/280/k91o6fk0/spice-masala/w/d/u/25-hing-plastic-bottle-patanjali-whole-original-imafqxhbpnjxfecg.jpeg?q=70"}, {"id": 1480, "brand": "Patanjali", "title": "Patanjali Compounded Asafoetida (Bandhani Hing)", "measurement": "10 g", "price": 20, "image": "https://rukminim1.flixcart.com/image/280/280/j8kiikw0-1/spice-masala/m/z/h/10-hing-sachet-patanjali-whole-original-imaeykhubu4ycera.jpeg?q=70"}, {"id": 1480, "brand": "Patanjali", "title": "Patanjali Garam Masala Powder", "measurement": "100 g", "price": 65, "image": "https://rukminim1.flixcart.com/image/280/280/j8kiikw0-1/spice-masala/e/m/c/100-garam-masala-pouch-patanjali-powder-original-imaeykhwhkfqgejs.jpeg?q=70"}, {"id": 1480, "brand": "Pro Nature", "title": "Pro Nature Organic Cinnamon Bark", "measurement": "50 g", "price": 59, "image": "https://rukminim1.flixcart.com/image/280/280/j8ndea80/spice-masala/a/y/w/50-cinnamon-pouch-pro-nature-whole-original-imaeymfyvqzqcgmv.jpeg?q=70"}, {"id": 1480, "brand": "Pro Nature", "title": "Pro Nature Organic Bay Leaf", "measurement": "10 g", "price": 20, "image": "https://rukminim1.flixcart.com/image/280/280/j8ndea80/spice-masala/5/h/7/10-bay-leaf-pouch-pro-nature-whole-original-imaeymfzj7htxcyj.jpeg?q=70"}, {"id": 1480, "brand": "Pro Nature", "title": "Pro Nature Organic Clove", "measurement": "50 g", "price": 194, "image": "https://rukminim1.flixcart.com/image/280/280/jq4353k0/spice-masala/y/h/w/50-organic-clove-pouch-pro-nature-whole-original-imafc7agb8aqxkej.jpeg?q=70"}, {"id": 1480, "brand": "Pro Nature", "title": "Pro Nature Organic Coriander Whole", "measurement": "100 g", "price": 47, "image": "//img1a.flixcart.com/www/linchpin/fk-cp-zion/img/placeholder_9951d0.svg"}, {"id": 1480, "brand": "Pro Nature", "title": "Pro Nature Organic Cumin Whole", "measurement": "100 g", "price": 75, "image": "https://rukminim1.flixcart.com/image/280/280/j9rdq4w0/spice-masala/s/r/t/100-cumin-whole-pouch-pro-nature-organic-whole-original-imaezhskm8jjvphq.jpeg?q=70"}, {"id": 1480, "brand": "Pro Nature", "title": "Pro Nature Organic Cinnamon Powder", "measurement": "30 g", "price": 39, "image": "https://rukminim1.flixcart.com/image/280/280/j8osu4w0-1/spice-masala/c/h/d/30-cinnamon-pouch-pro-nature-powder-original-imaeyncvfnhzrhgr.jpeg?q=70"}, {"id": 1480, "brand": "Pro Nature", "title": "Pro Nature Organic Tamarind", "measurement": "500 g", "price": 228, "image": "https://rukminim1.flixcart.com/image/280/280/j8ndea80/spice-masala/f/h/t/500-tamarind-pouch-pro-nature-whole-original-imaeymudjdpbjb5c.jpeg?q=70"}, {"id": 1480, "brand": "Pro Nature", "title": "Pro Nature Organic Fenugreek (Methi)", "measurement": "200 g", "price": 65, "image": "https://rukminim1.flixcart.com/image/280/280/j8osu4w0/spice-masala/z/6/8/200-methi-pouch-pro-nature-whole-original-imaeymvnez2bgb4p.jpeg?q=70"}, {"id": 1480, "brand": "Pro Nature", "title": "Pro Nature Organic Black Pepper Whole", "measurement": "100 g", "price": 199, "image": "https://rukminim1.flixcart.com/image/280/280/jjolt3k0/spice-masala/5/m/4/100-organic-black-pepper-whole-pouch-pro-nature-whole-original-imaf773b6nwmjjjx.jpeg?q=70"}, {"id": 1480, "brand": "Pro Nature", "title": "Pro Nature Organic Red Chilli Powder (Hot)", "measurement": "100 g", "price": 59, "image": "https://rukminim1.flixcart.com/image/280/280/j8osu4w0/spice-masala/m/7/c/100-chilli-pouch-pro-nature-whole-original-imaeymvj5wtfwjnc.jpeg?q=70"}, {"id": 1480, "brand": "Pro Nature", "title": "Pro Nature Organic Coriander Powder", "measurement": "100 g", "price": 55, "image": "https://rukminim1.flixcart.com/image/280/280/j8ndea80/spice-masala/k/g/t/100-coriander-pouch-pro-nature-powder-original-imaeymch2mjshywh.jpeg?q=70"}, {"id": 1480, "brand": "Pro Nature Organic", "title": "Pro Nature Organic Cardamom", "measurement": "50 g", "price": 448, "image": "https://rukminim1.flixcart.com/image/280/280/jj7givk0/spice-masala/j/c/h/50-green-cardamom-pouch-pro-nature-whole-original-imaf6u7cctdggswc.jpeg?q=70"}, {"id": 1480, "brand": "Safe Harvest", "title": "Safe Harvest Coriander Seeds", "measurement": "200 g", "price": 58, "image": "https://rukminim1.flixcart.com/image/280/280/jjolt3k0/spice-masala/j/e/x/200-coriander-seeds-pouch-safe-harvest-whole-original-imaf77zff4fguxpp.jpeg?q=70"}, {"id": 1480, "brand": "Safe Harvest", "title": "Safe Harvest Jeera", "measurement": "100 g", "price": 44, "image": "https://rukminim1.flixcart.com/image/280/280/jfh54sw0/spice-masala/h/g/w/100-jeera-pouch-safe-harvest-whole-original-imaf3xm7g73rcbwr.jpeg?q=70"}, {"id": 1480, "brand": "Safe Harvest", "title": "Safe Harvest Cumin Powder", "measurement": "200 g", "price": 94, "image": "https://rukminim1.flixcart.com/image/280/280/jjolt3k0/spice-masala/u/d/8/200-cumin-powder-pouch-safe-harvest-powder-original-imaf77zfrtcqp8fz.jpeg?q=70"}, {"id": 1480, "brand": "Safe Harvest", "title": "Safe Harvest Turmeric Powder", "measurement": "100 g", "price": 31, "image": "https://rukminim1.flixcart.com/image/280/280/jfh54sw0/spice-masala/4/f/a/100-turmeric-powder-pouch-safe-harvest-powder-original-imaf3xgq9wgfrzhe.jpeg?q=70"}, {"id": 1480, "brand": "Safe Harvest", "title": "Safe Harvest Black Pepper", "measurement": "100 g", "price": 147, "image": "https://rukminim1.flixcart.com/image/280/280/jjolt3k0/spice-masala/y/8/6/100-black-pepper-pouch-safe-harvest-whole-original-imaf77zfnyq3hmes.jpeg?q=70"}, {"id": 1480, "brand": "Safe Harvest", "title": "Safe Harvest Chilli Powder", "measurement": "100 g", "price": 49, "image": "https://rukminim1.flixcart.com/image/280/280/jjrgosw0/spice-masala/z/p/v/100-chilli-powder-pouch-safe-harvest-powder-original-imaf79w2nev5we4d.jpeg?q=70"}, {"id": 1480, "brand": "Snapin", "title": "Snapin Oregano", "measurement": "20 g", "price": 71, "image": "https://rukminim1.flixcart.com/image/280/280/jfmuw7k0/herb-seasoning/f/u/n/25-glass-bottle-snapin-original-imaf423rv8tdzyfn.jpeg?q=70"}, {"id": 1480, "brand": "Snapin", "title": "Snapin Mixed Herbs", "measurement": "20 g", "price": 71, "image": "https://rukminim1.flixcart.com/image/280/280/jfmuw7k0/herb-seasoning/2/w/h/25-glass-bottle-snapin-original-imaf423rxngzxvnx.jpeg?q=70"}, {"id": 1480, "brand": "Snapin", "title": "Snapin Chilli Flakes", "measurement": "35 g", "price": 58, "image": "https://rukminim1.flixcart.com/image/280/280/jfmuw7k0/herb-seasoning/m/z/y/38-glass-bottle-snapin-original-imaf423ryvwmpzr5.jpeg?q=70"}, {"id": 1480, "brand": "Snapin", "title": "Snapin Pizza Mix", "measurement": "45 g", "price": 71, "image": "//img1a.flixcart.com/www/linchpin/fk-cp-zion/img/placeholder_9951d0.svg"}, {"id": 1480, "brand": "Snapin", "title": "Snapin Piri Piri Mix", "measurement": "45 g", "price": 71, "image": "https://rukminim1.flixcart.com/image/280/280/jjelq4w0/herb-seasoning/v/c/3/45-glass-bottle-snapin-original-imaf6zg4rjjkmbgc.jpeg?q=70"}, {"id": 1480, "brand": "Snapin", "title": "Snapin Cinnamon Powder", "measurement": "40 g", "price": 89, "image": "https://rukminim1.flixcart.com/image/280/280/jfmuw7k0/herb-seasoning/5/m/k/40-glass-bottle-snapin-original-imaf423s9ph7nwtt.jpeg?q=70"}, {"id": 1480, "brand": "Snapin", "title": "Snapin Cheesy Garlic Bread Mix", "measurement": "45 g", "price": 89, "image": "https://rukminim1.flixcart.com/image/280/280/jjelq4w0/herb-seasoning/h/v/w/45-glass-bottle-snapin-original-imaf6zg4xgq5k2jh.jpeg?q=70"}, {"id": 1480, "brand": "Snapin", "title": "Snapin Cardamom Powder", "measurement": "40 g", "price": 341, "image": "https://rukminim1.flixcart.com/image/280/280/jb3yp3k0/spice-masala/e/7/g/40-cardamom-powder-plastic-bottle-snapin-powder-original-imafyjfa8zwtynng.jpeg?q=70"}, {"id": 1480, "brand": "Snapin", "title": "Snapin Piri Piri Spice Mix", "measurement": "15 g", "price": 44, "image": "https://rukminim1.flixcart.com/image/280/280/k4x2du80/herb-seasoning/a/q/f/20-box-snapin-original-imafnpuzzxtsys6m.jpeg?q=70"}, {"id": 1480, "brand": "TATA Sampann", "title": "TATA Sampann Garam Masala", "measurement": "45 g", "price": 41, "image": "https://rukminim1.flixcart.com/image/280/280/jq6y0sw0/spice-masala/y/p/x/45-garam-masala-box-tata-sampann-powder-original-imafc9ngpzbhyfqv.jpeg?q=70"}, {"id": 1480, "brand": "TATA Sampann", "title": "TATA Sampann Pav Bhaji Masala", "measurement": "45 g", "price": 35, "image": "https://rukminim1.flixcart.com/image/280/280/jq6y0sw0/spice-masala/v/r/p/45-pav-bhaji-masala-box-tata-sampann-powder-original-imafc99xprpey6wp.jpeg?q=70"}, {"id": 1480, "brand": "Tata Sampann", "title": "Tata Sampann Turmeric Powder", "measurement": "100 g", "price": 31, "image": "https://rukminim1.flixcart.com/image/280/280/jlph9jk0/spice-masala/h/w/y/100-turmeric-powder-pouch-tata-sampann-powder-original-imaf8syz3j5vhmzf.jpeg?q=70"}, {"id": 1480, "brand": "Tata Sampann", "title": "Tata Sampann Sambar Masala", "measurement": "45 g", "price": 34, "image": "https://rukminim1.flixcart.com/image/280/280/jua4djk0/spice-masala/u/t/4/45-naturally-rich-sambhar-masala-box-tata-sampann-powder-original-imafffqgmyypasez.jpeg?q=70"}, {"id": 1480, "brand": "Tata Sampann", "title": "Tata Sampann Chilli Powder", "measurement": "100 g", "price": 40, "image": "https://rukminim1.flixcart.com/image/280/280/jlgwmfk0/spice-masala/j/q/n/100-chilli-powder-pouch-tata-sampann-powder-original-imaf8hnbp6xuge6h.jpeg?q=70"}, {"id": 1480, "brand": "Tata Sampann", "title": "Tata Sampann Coriander Powder", "measurement": "100 g", "price": 31, "image": "//img1a.flixcart.com/www/linchpin/fk-cp-zion/img/placeholder_9951d0.svg"}, {"id": 1480, "brand": "Tata Sampann", "title": "Tata Sampann Garam Masala", "measurement": "100 g", "price": 84, "image": "https://rukminim1.flixcart.com/image/280/280/jlo1tow0/spice-masala/t/m/x/100-garam-masala-box-tata-sampann-powder-original-imaf8qzzqswxzpay.jpeg?q=70"}, {"id": 1480, "brand": "Tata Sampann", "title": "Tata Sampann Pav Bhaji Masala", "measurement": "100 g", "price": 74, "image": "https://rukminim1.flixcart.com/image/280/280/jlo1tow0/spice-masala/8/h/m/100-pav-bhaji-masala-box-tata-sampann-powder-original-imaf8qzrw7yf6asu.jpeg?q=70"}, {"id": 1480, "brand": "Tata Sampann", "title": "Tata Sampann Punjabi Chhole Masala", "measurement": "100 g", "price": 69, "image": "https://rukminim1.flixcart.com/image/280/280/jlgwmfk0/spice-masala/b/v/h/100-punjabi-chhole-masala-box-tata-sampann-powder-original-imaf8hnbbzk3uc3x.jpeg?q=70"}, {"id": 1480, "brand": "Tata Sampann", "title": "Tata Sampann Kitchen King Masala", "measurement": "100 g", "price": 74, "image": "https://rukminim1.flixcart.com/image/280/280/jlgwmfk0/spice-masala/p/z/g/100-kitchen-king-masala-box-tata-sampann-powder-original-imaf8hnba5ynmyg4.jpeg?q=70"}, {"id": 1480, "brand": "Tata Sampann", "title": "Tata Sampann Paneer Masala", "measurement": "45 g", "price": 42, "image": "https://rukminim1.flixcart.com/image/280/280/jq6y0sw0/spice-masala/c/x/u/45-shahi-paneer-masala-box-tata-sampann-powder-original-imafc9ng9g3gmnjb.jpeg?q=70"}, {"id": 1480, "brand": "Tata Sampann", "title": "Tata Sampann Chicken Masala", "measurement": "100 g", "price": 76, "image": "https://rukminim1.flixcart.com/image/280/280/jm9hfgw0/spice-masala/g/b/d/100-chicken-curry-masala-box-tata-sampann-powder-original-imaf97bxkuuhfha2.jpeg?q=70"}, {"id": 1480, "brand": "Tata Sampann", "title": "Tata Sampann Meat Masala", "measurement": "100 g", "price": 77, "image": "https://rukminim1.flixcart.com/image/280/280/jrz8u4w0/spice-masala/f/m/q/100-meat-masala-box-tata-sampann-powder-original-imafdntsd4nhr9w7.jpeg?q=70"}]}