2279,24 Mantra Organic,24 Mantra Organic Flax Seeds,200 g,64,https://rukminim1.flixcart.com/image/280/280/j4ohd3k0/edible-seed/2/3/7/200-pouch-brown-flax-seeds-24-mantra-original-imaevg8nhurxes9f.jpeg?q=70
2279,24 Mantra Organic,24 Mantra Organic Raw Almonds,100 g,198,https://rukminim1.flixcart.com/image/280/280/j4hc5u80/nut-dry-fruit/v/z/4/100-organic-pouch-24-mantra-original-imaevdmqykz7r4pm.jpeg?q=70
2279,Apis,Apis Royal Zahidi Premium Dates,"Combo Pack 1 + 1 Free, 500 g each",175,https://rukminim1.flixcart.com/image/280/280/jwaztzk0/nut-dry-fruit/e/e/y/500-royal-zahidi-premium-pouch-apis-original-imafhynzu3gyg8q5.jpeg?q=70
2279,Apis,Apis Arabian Pearls Premium Fard Dates,500 g,202,https://rukminim1.flixcart.com/image/280/280/jusp3m80/nut-dry-fruit/h/h/w/500-arabian-pearls-premium-fard-pouch-apis-original-imaffu9yrbzxkzhp.jpeg?q=70
2279,Cornitos,Cornitos King Size Roasted Cashews,6x25 g,285,https://rukminim1.flixcart.com/image/280/280/k4324y80/nut-dry-fruit/7/w/4/180-king-size-roasted-box-cornitos-original-imafn274wehsfnmg.jpeg?q=70
2279,Cornitos,Cornitos California Roasted Almonds,6x30 g,285,https://rukminim1.flixcart.com/image/280/280/k4324y80/nut-dry-fruit/4/8/v/180-california-roasted-box-cornitos-original-imafn274qah8ed8q.jpeg?q=70
2279,Del Monte,Del Monte Dried Cranberries,250 g,297,https://rukminim1.flixcart.com/image/280/280/jj4ln680-1/nut-dry-fruit/9/h/h/250-dried-pouch-del-monte-original-imaf6symttmzqpph.jpeg?q=70
2279,Del Monte,Del Monte Pitted Prunes,340 g,392,https://rukminim1.flixcart.com/image/280/280/jen4vww0/nut-dry-fruit/a/c/e/340-na-pouch-del-monte-original-imaf3aaen2wxmbuf.jpeg?q=70
2279,Del Monte,Del Monte Dried Blueberry,130 g,427,https://rukminim1.flixcart.com/image/280/280/jj4ln680-1/nut-dry-fruit/a/7/z/130-dried-pouch-del-monte-original-imaf6syccvwacymz.jpeg?q=70
2279,Flipkart Supermart Select,Flipkart Supermart Select W320 Whole Cashews,200 g,189,https://rukminim1.flixcart.com/image/280/280/k6jnfrk0/nut-dry-fruit/9/7/t/200-w320-whole-pouch-flipkart-supermart-select-original-imafzzg3pfjz8upf.jpeg?q=70
2279,Flipkart Supermart Select,Flipkart Supermart Select Indian Raisins,500 g,189,https://rukminim1.flixcart.com/image/280/280/k7285u80/nut-dry-fruit/9/g/q/500-indian-pouch-flipkart-supermart-select-original-imafpdsywerhvtwh.jpeg?q=70
2279,Flipkart Supermart Select,Flipkart Supermart Select Phool Makhana,100 g,92,https://rukminim1.flixcart.com/image/280/280/k70spzk0/edible-seed/q/t/z/100-roasted-pouch-flipkart-supermart-select-original-imafpck6hf9ah9yu.jpeg?q=70
2279,Flipkart Supermart Select,Flipkart Supermart Select Extra Bold Californian Almonds,500 g,498,https://rukminim1.flixcart.com/image/280/280/k70spzk0/nut-dry-fruit/h/h/h/100-californian-pouch-flipkart-supermart-select-original-imafpck6zmdfygs5.jpeg?q=70
2279,Flipkart Supermart Select,Flipkart Supermart Select Californian Almonds,500 g,479,https://rukminim1.flixcart.com/image/280/280/k7285u80/nut-dry-fruit/s/c/b/500-californian-pouch-flipkart-supermart-select-original-imafpdsykkc5xbd9.jpeg?q=70
2279,Flipkart Supermart Select,Flipkart Supermart Select Bold W240 Whole Cashews,500 g,519,https://rukminim1.flixcart.com/image/280/280/k6jnfrk0/nut-dry-fruit/9/7/t/200-w320-whole-pouch-flipkart-supermart-select-original-imafzzg3pfjz8upf.jpeg?q=70
2279,Flipkart Supermart Select,Flipkart Supermart Select Black Raisins,100 g,71,https://rukminim1.flixcart.com/image/280/280/k7jdg280/nut-dry-fruit/6/h/q/100-black-pouch-flipkart-supermart-select-original-imafpr6yqmyssecj.jpeg?q=70
2279,Flipkart Supermart Select,Flipkart Supermart Select Figs,200 g,360,https://rukminim1.flixcart.com/image/280/280/k7jdg280/nut-dry-fruit/c/d/z/200-na-pouch-flipkart-supermart-select-original-imafpr5zsjxzz8e8.jpeg?q=70
2279,Flipkart Supermart Select,Flipkart Supermart Select Dry Apricots,200 g,166,https://rukminim1.flixcart.com/image/280/280/k7jdg280/nut-dry-fruit/y/r/h/200-dry-pouch-flipkart-supermart-select-original-imafpr5zytbphhvy.jpeg?q=70
2279,Flipkart Supermart Select,Flipkart Supermart Select Flax Seeds Assorted Nuts,200 g,29,https://rukminim1.flixcart.com/image/280/280/k7jdg280/nut-dry-fruit/g/g/m/200-flax-seeds-pouch-flipkart-supermart-select-original-imafpr6yzjqxc3nu.jpeg?q=70
2279,Flipkart Supermart Select,Flipkart Supermart Select Kernel Walnuts,200 g,380,https://rukminim1.flixcart.com/image/280/280/k70spzk0/nut-dry-fruit/z/y/s/200-kernel-pouch-flipkart-supermart-select-original-imafpck6qpgfcrce.jpeg?q=70
2279,Flipkart Supermart Select,Flipkart Supermart Select Seedless Black Raisins,200 g,113,https://rukminim1.flixcart.com/image/280/280/k7jdg280/nut-dry-fruit/e/s/4/200-seedless-black-pouch-flipkart-supermart-select-original-imafpr5zyuycdskh.jpeg?q=70
2279,Flipkart Supermart Select,Flipkart Supermart Select Abjosh Raisins,200 g,181,https://rukminim1.flixcart.com/image/280/280/k7285u80/nut-dry-fruit/g/r/j/100-abjosh-pouch-flipkart-supermart-select-original-imafpdsynpeut3rd.jpeg?q=70
2279,Flipkart Supermart Select,Flipkart Supermart Select Sonora Almonds,200 g,239,https://rukminim1.flixcart.com/image/280/280/k70spzk0/nut-dry-fruit/h/h/h/100-californian-pouch-flipkart-supermart-select-original-imafpck6zmdfygs5.jpeg?q=70
2279,Flipkart Supermart Select,Flipkart Supermart Select Pumpkin Seeds Assorted Nuts,100 g,63,https://rukminim1.flixcart.com/image/280/280/k7ksvww0/nut-dry-fruit/t/w/j/100-pumpkin-seeds-pouch-flipkart-supermart-select-original-imafps7urvrgcyhu.jpeg?q=70
2279,Flipkart Supermart Select,Flipkart Supermart Select Afghan Green Raisins,200 g,170,https://rukminim1.flixcart.com/image/280/280/k7jdg280/nut-dry-fruit/c/w/h/200-afghan-green-pouch-flipkart-supermart-select-original-imafpr5zwvvb7x7f.jpeg?q=70
2279,Happilo,Happilo 100% Natural Premium Californian Almonds,100 g,69,https://rukminim1.flixcart.com/image/280/280/jqgy3rk0/nut-dry-fruit/p/t/g/100-100-natural-california-pouch-happilo-original-imafcgnkxtnghcec.jpeg?q=70
2279,Happilo,"Happilo 100% Natural Cashews, Almonds",2x200 g,366,https://rukminim1.flixcart.com/image/280/280/jxf05u80/nut-dry-fruit/h/y/z/400-100-natural-pouch-happilo-original-imafhskyd3rvyagc.jpeg?q=70
2279,Happilo,Happilo 100% Natural Premium Californian Almonds,500 g,450,https://rukminim1.flixcart.com/image/280/280/jw2f6vk0/nut-dry-fruit/z/b/j/500-100-natural-premium-californian-pouch-happilo-original-imafgtv8vnnz5jff.jpeg?q=70
2279,Happilo,Happilo 100% Natural California Almonds,2x200 g,368,https://rukminim1.flixcart.com/image/280/280/jyq5oy80/nut-dry-fruit/4/z/w/400-100-natural-california-pouch-happilo-original-imafgwjunw2rk25g.jpeg?q=70
2279,Happilo,Happilo Premium International Healthy Nutmix,200 g,244,https://rukminim1.flixcart.com/image/280/280/k7qinbk0/nut-dry-fruit/u/c/t/200-premium-international-healthy-nutmix-pouch-happilo-original-imafpwgxqvj8xhya.jpeg?q=70
2279,Happilo,Happilo Premium Seedless Green Raisins,250 g,132,https://rukminim1.flixcart.com/image/280/280/k7usyvk0/nut-dry-fruit/g/p/a/250-premium-seedless-green-pouch-happilo-original-imafpzshscghmtk9.jpeg?q=70
2279,Happilo,Happilo 100% Natural Premium Californian Inshell Walnuts,500 g,460,https://rukminim1.flixcart.com/image/280/280/k7qinbk0/nut-dry-fruit/e/p/e/500-100-natural-premium-californian-inshell-pouch-happilo-original-imafpwgwhg9zsgdg.jpeg?q=70
2279,Happilo,Happilo Premium Californian Roasted and Salted Pistachios,500 g,656,https://rukminim1.flixcart.com/image/280/280/jw2f6vk0/nut-dry-fruit/m/s/w/500-premium-californian-roasted-salted-pouch-happilo-original-imafgtv8568byzsh.jpeg?q=70
2279,Happilo,Happilo Premium Seedless Green Raisins,500 g,243,https://rukminim1.flixcart.com/image/280/280/jw2f6vk0/nut-dry-fruit/b/n/f/500-premium-seedless-green-pouch-happilo-original-imafgtv8aefdkaam.jpeg?q=70
2279,Happilo,Happilo Premium Afghani Seedless Black Raisins,250 g,168,https://rukminim1.flixcart.com/image/280/280/ji4vmvk0/nut-dry-fruit/k/w/b/250-premium-afghani-seedless-black-pouch-happilo-original-imaf5zthzsfd7dah.jpeg?q=70
2279,Happilo,"Happilo 100% Natural Kashmiri Deluxe Walnuts, Kernels",200 g,318,https://rukminim1.flixcart.com/image/280/280/k7xnukw0/nut-dry-fruit/b/y/t/200-100-natural-premium-kashmiri-pouch-happilo-original-imafqf9he67eay53.jpeg?q=70
2279,Happilo,Happilo Premium Dried Afghani Figs,200 g,328,https://rukminim1.flixcart.com/image/280/280/k7qinbk0/nut-dry-fruit/e/g/s/200-premium-dried-afghani-pouch-happilo-original-imafpwgxvmwuku5h.jpeg?q=70
2279,Happilo,Happilo Premium International Omani Dates,250 g,148,https://rukminim1.flixcart.com/image/280/280/ji4vmvk0/nut-dry-fruit/d/d/q/250-premium-international-omani-pouch-happilo-original-imaf5zrktcsfdgwt.jpeg?q=70
2279,Happilo,Happilo 100% Natural Premium Whole Cashews,500 g,581,https://rukminim1.flixcart.com/image/280/280/jw2f6vk0/nut-dry-fruit/u/j/7/500-100-natural-premium-pouch-happilo-original-imafgtv892vezxyt.jpeg?q=70
2279,Happilo,Happilo Premium Raw Organic Authentic White Chia Seeds,250 g,211,https://rukminim1.flixcart.com/image/280/280/jw2f6vk0/edible-seed/t/3/d/250-pouch-raw-happilo-original-imafgtv8jfpqugr7.jpeg?q=70
2279,Happilo,Happilo Premium Dried Turkish Apricots,200 g,199,https://rukminim1.flixcart.com/image/280/280/k7qinbk0/nut-dry-fruit/f/j/f/200-premium-dried-turkish-pouch-happilo-original-imafpwgwmz9bemvn.jpeg?q=70
2279,Happilo,Happilo Premium International Exotic Dried Assorted Fruit,200 g,198,https://rukminim1.flixcart.com/image/280/280/k7qinbk0/nut-dry-fruit/z/u/y/200-premium-international-exotic-dried-pouch-happilo-original-imafpwgzxuzffucw.jpeg?q=70
2279,Happilo,Happilo 100% Natural Premium Whole Cashews,2x200 g,482,https://rukminim1.flixcart.com/image/280/280/k0wqwsw0/nut-dry-fruit/c/2/n/400-100-natural-premium-whole-pouch-happilo-original-imafkhm957vwmxq2.jpeg?q=70
2279,Happilo,Happilo 100% Natural Premium Whole Nuts Cashews,200 g,251,https://rukminim1.flixcart.com/image/280/280/k7w8eq80/nut-dry-fruit/j/e/c/200-100-natural-premium-whole-nuts-pouch-happilo-original-imafpwgwgabwerjv.jpeg?q=70
2279,Happilo,"Happilo Premium American Dried Whole Duet Blueberry, Cranberries",180 g,285,https://rukminim1.flixcart.com/image/280/280/k7qinbk0/nut-dry-fruit/a/z/m/180-premium-american-dried-whole-duet-pouch-happilo-original-imafpwgxfhahy6y4.jpeg?q=70
2279,Happilo,"Happilo Premium Pumpkin Seeds - Raw, Authentic, All Natural",200 g,211,https://rukminim1.flixcart.com/image/280/280/jtsz3bk0/edible-seed/z/c/z/200-pouch-raw-happilo-original-imaff32ddjfufbhe.jpeg?q=70
2279,Happilo,Happilo Premium International Super mix Berries,200 g,292,https://rukminim1.flixcart.com/image/280/280/k7qinbk0/nut-dry-fruit/u/3/g/35-premium-international-supermix-berries-pouch-happilo-original-imafpwgxyyvqcnhg.jpeg?q=70
2279,Happilo,Happilo Premium Roasted & Salted Sunflower Seeds (No shells),250 g,124,https://rukminim1.flixcart.com/image/280/280/jw2f6vk0/edible-seed/r/y/z/250-pouch-roasted-happilo-original-imafgtv8qcyzney8.jpeg?q=70
2279,Happilo,Happilo Premium International Exotic Dried Kiwi,200 g,146,https://rukminim1.flixcart.com/image/280/280/k7qinbk0/nut-dry-fruit/v/6/b/200-premium-international-exotic-dried-pouch-happilo-original-imafpwgyzemseym5.jpeg?q=70
2279,Happilo,Happilo 100% Natural Whole Premium Cashews,35 g,49,https://rukminim1.flixcart.com/image/280/280/ji4vmvk0-1/nut-dry-fruit/h/n/q/35-100-natural-whole-premium-pouch-happilo-original-imaf6ybftkyzzjyy.jpeg?q=70
2279,Happilo,Happilo Californian Premium Sweet Dried Sliced Cranberries,200 g,204,https://rukminim1.flixcart.com/image/280/280/k7qinbk0/nut-dry-fruit/s/h/t/200-californian-premium-sweet-dried-sliced-pouch-happilo-original-imafpwgxyamsjcjz.jpeg?q=70
2279,Happilo,"Happilo Premium Roasted Mix of Pumpkin, Flax, Sunflower (Lightly Salted)",250 g,227,https://rukminim1.flixcart.com/image/280/280/jw2f6vk0/edible-seed/h/p/u/250-pouch-roasted-happilo-original-imafgtv7agrwgxrv.jpeg?q=70
2279,Happilo,Happilo Premium International Seeds and Berries,200 g,292,https://rukminim1.flixcart.com/image/280/280/jim0x3k0/nut-dry-fruit/x/h/f/200-premium-international-seeds-and-berries-pouch-happilo-original-imaf6dmfwtufnnaj.jpeg?q=70
2279,Happilo,Happilo Dried and Pitted Premium Californian Prunes,200 g,171,https://rukminim1.flixcart.com/image/280/280/k7qinbk0/nut-dry-fruit/a/p/5/200-dried-and-pitted-premium-californian-pouch-happilo-original-imafpwgwy4uay8ku.jpeg?q=70
2279,Happilo,Happilo Premium Raw Sunflower seeds (No shells),250 g,124,https://rukminim1.flixcart.com/image/280/280/jw2f6vk0/edible-seed/y/p/j/250-pouch-raw-happilo-original-imafgtv7mhhsjrzs.jpeg?q=70
2279,Happilo,Happilo Premium International Dried Himalayan Goji Berries,150 g,227,https://rukminim1.flixcart.com/image/280/280/jw2f6vk0/nut-dry-fruit/k/8/h/150-premium-international-exotic-dried-pouch-happilo-original-imafgtv8xetdpgc7.jpeg?q=70
2279,Happilo,Happilo Premium Dried Californian Blueberry,150 g,388,https://rukminim1.flixcart.com/image/280/280/k7w8eq80/nut-dry-fruit/g/f/9/150-premium-dried-californian-pouch-happilo-original-imafqfd4tngmgwhn.jpeg?q=70
2279,Happilo,Happilo Premium International Exotic Brazil Nuts,150 g,419,https://rukminim1.flixcart.com/image/280/280/jw2f6vk0/nut-dry-fruit/c/v/6/150-premium-international-exotic-pouch-happilo-original-imafgtv8zhvzn3rf.jpeg?q=70
2279,Happilo,Happilo Premium International Trail Mix,200 g,310,https://rukminim1.flixcart.com/image/280/280/k7qinbk0/nut-dry-fruit/4/c/v/200-premium-international-trail-mix-pouch-happilo-original-imafpwgzkkzwx5xj.jpeg?q=70
2279,Happilo,Happilo Premium International Exotic Dried Strawberries,200 g,183,https://rukminim1.flixcart.com/image/280/280/k7qinbk0/nut-dry-fruit/j/z/s/200-premium-international-exotic-dried-pouch-happilo-original-imafpwgy357gfqhy.jpeg?q=70
2279,Happilo,Happilo Premium Raw Organic Authentic Golden Flax seeds,250 g,79,https://rukminim1.flixcart.com/image/280/280/jw2f6vk0/edible-seed/k/t/w/250-pouch-raw-happilo-original-imafgtv72dhgnhuv.jpeg?q=70
2279,Happilo,Happilo Premium Premium International Seedless Afghani green Raisins,200 g,171,https://rukminim1.flixcart.com/image/280/280/jw2f6vk0/nut-dry-fruit/a/k/9/200-premium-seedless-afghani-green-pouch-happilo-original-imafgtv8vakanzhd.jpeg?q=70
2279,Happilo,Happilo Premium International Exotic Dried Mango,200 g,206,https://rukminim1.flixcart.com/image/280/280/k7w8eq80/nut-dry-fruit/f/a/v/200-premium-international-exotic-dried-pouch-happilo-original-imafqfd4deke7u6e.jpeg?q=70
2279,Happilo,Happilo Premium International Nuts and Berries,200 g,292,https://rukminim1.flixcart.com/image/280/280/jiulk7k0/nut-dry-fruit/h/t/w/200-premium-international-pouch-happilo-original-imaf6k2bfzc7vq6v.jpeg?q=70
2279,Happilo,Happilo Premium International King Medjoul Dates,200 g,335,https://rukminim1.flixcart.com/image/280/280/k7qinbk0/nut-dry-fruit/n/e/a/200-premium-international-king-medjoul-pouch-happilo-original-imafpwgxsjbvw494.jpeg?q=70
2279,Happilo,Happilo Premium International Supermix Berries,35 g,66,https://rukminim1.flixcart.com/image/280/280/k7qinbk0/nut-dry-fruit/u/3/g/35-premium-international-supermix-berries-pouch-happilo-original-imafpwgxyyvqcnhg.jpeg?q=70
2279,Happilo,Happilo Premium Raw Organic Holy Basil (Sabja),250 g,132,https://rukminim1.flixcart.com/image/280/280/jw2f6vk0/edible-seed/k/g/u/250-pouch-raw-happilo-original-imafgtv7rbm6yhaz.jpeg?q=70
2279,Happilo,Happilo Premium Raw Organic Gluten Free White Quinoa seeds,500 g,227,https://rukminim1.flixcart.com/image/280/280/jw2f6vk0/edible-seed/5/w/u/500-pouch-raw-happilo-original-imafgtv74nuwykhr.jpeg?q=70
2279,Happilo,Happilo Premium Organic Authentic Flax seeds Roasted,250 g,100,https://rukminim1.flixcart.com/image/280/280/jw2f6vk0/edible-seed/p/z/n/250-pouch-roasted-happilo-original-imafgtv7taew5hjd.jpeg?q=70
2279,Happilo,Happilo Californian Premium Sweet Dried Whole Cranberries,200 g,221,https://rukminim1.flixcart.com/image/280/280/k7qinbk0/nut-dry-fruit/g/z/p/200-californian-premium-sweet-dried-whole-pouch-happilo-original-imafpwgx2gmppudk.jpeg?q=70
2279,JK,JK Poppy Seed,50 g,84,https://rukminim1.flixcart.com/image/280/280/jw84ya80/edible-seed/f/u/g/50-pouch-raw-jk-original-imafgygggnvbvbmn.jpeg?q=70
2279,JK,JK Poppy Seed,100 g,168,https://rukminim1.flixcart.com/image/280/280/jw84ya80/edible-seed/k/h/u/100-pouch-raw-jk-original-imafgyggctwhhfss.jpeg?q=70
2279,JK,JK White Til,100 g,31,https://rukminim1.flixcart.com/image/280/280/jw84ya80/edible-seed/h/n/a/100-pouch-raw-jk-original-imafgygg7vzgauxw.jpeg?q=70
2279,Origo Fresh,Origo Fresh Regular Whole Cashews,500 g,393,https://rukminim1.flixcart.com/image/280/280/jpu324w0/nut-dry-fruit/g/z/u/500-na-pouch-oriog-fresh-original-imafbyeuatfg4gzm.jpeg?q=70
2279,Origo Fresh,Origo Fresh Split Cashews,200 g,159,https://rukminim1.flixcart.com/image/280/280/jea9x8w0/nut-dry-fruit/z/z/t/100-cashew-split-pouch-origo-fresh-original-imaf2y74tt58q7fk.jpeg?q=70
2279,Origo Fresh,Origo Fresh Indian Raisins,500 g,196,https://rukminim1.flixcart.com/image/280/280/jpu324w0/nut-dry-fruit/b/z/z/500-na-pouch-oriog-fresh-original-imafbyeuutzgss5t.jpeg?q=70
2279,Origo Fresh,Origo Fresh Broken Cashews,200 g,155,https://rukminim1.flixcart.com/image/280/280/jea9x8w0/nut-dry-fruit/x/z/5/200-broken-cashew-pouch-origo-fresh-original-imaf2zk3hcyw7jze.jpeg?q=70
2279,Origo Fresh,Origo Fresh Regular Californian Almonds,500 g,439,https://rukminim1.flixcart.com/image/280/280/jrz8u4w0/nut-dry-fruit/x/w/v/500-na-pouch-oriog-fresh-original-imafdnth9t56z2qp.jpeg?q=70
2279,Origo Fresh,Origo Fresh Popcorn seeds,500 g,79,https://rukminim1.flixcart.com/image/280/280/jcf487k0/edible-seed/g/p/y/500-pouch-raw-popcorn-seeds-origo-fresh-original-imaffjvbwmhukjyg.jpeg?q=70
2279,Origo Fresh,Origo Fresh Dry Medium Figs,500 g,725,https://rukminim1.flixcart.com/image/280/280/jqfinww0/nut-dry-fruit/z/b/p/500-na-pouch-oriog-fresh-original-imafcgb5vc59ghzk.jpeg?q=70
2279,Origo Fresh,Origo Fresh Inshell (Akharot) Walnuts,200 g,178,https://rukminim1.flixcart.com/image/280/280/jfbfde80/nut-dry-fruit/t/d/9/200-inshell-akhrot-pouch-origo-fresh-original-imaf3t4ftskzvqz5.jpeg?q=70
2279,Origo Fresh,Origo Fresh Grain Amaranth Seeds,500 g,118,https://rukminim1.flixcart.com/image/280/280/jic0u4w0/edible-seed/g/e/v/500-raw-pouch-origo-fresh-original-imaf65npxscdh3pz.jpeg?q=70
2279,ProV,ProV Pistachios,250 g,280,https://rukminim1.flixcart.com/image/280/280/k34rki80/nut-dry-fruit/x/6/v/250-california-pista-pouch-prov-original-imafmbkjzgpbsxjh.jpeg?q=70
2279,ProV,ProV Assorted Nuts,360 g,420,https://rukminim1.flixcart.com/image/280/280/k3g73bk0/nut-dry-fruit/y/f/5/360-nut-fusion-pouch-prov-original-imafmkfqzjpsshec.jpeg?q=70
2279,proV Select,proV Select Almond Almonds,500 g,416,https://rukminim1.flixcart.com/image/280/280/k4324y80/nut-dry-fruit/3/v/v/500-almond-pouch-prov-select-original-imafmtevghyznv7v.jpeg?q=70
2279,Regency,Regency Anjeer Figs,200 g,248,https://rukminim1.flixcart.com/image/280/280/k79dd3k0/nut-dry-fruit/4/j/z/200-anjeer-premium-box-regency-original-imafpjchawyszyda.jpeg?q=70
2279,Regency,Regency Sun Dried Apricots,200 g,161,https://rukminim1.flixcart.com/image/280/280/k7f34i80/nut-dry-fruit/g/w/y/200-sun-dried-pouch-regency-original-imafpntyh8sjkcza.jpeg?q=70
2279,Regency,Regency Dried Cranberries,200 g,109,https://rukminim1.flixcart.com/image/280/280/k70spzk0/nut-dry-fruit/3/b/h/200-dried-cranberry-sliced-pouch-regency-original-imafpcv77tkgz5ga.jpeg?q=70
2279,Regency,Regency Dried Blueberry,75 g,152,https://rukminim1.flixcart.com/image/280/280/k70spzk0/nut-dry-fruit/t/e/z/75-dried-blueberry-pouch-regency-original-imafpcv7hfpqr7sz.jpeg?q=70
2279,Regency,Regency Pitted Prunes,240 g,141,https://rukminim1.flixcart.com/image/280/280/k7285u80/nut-dry-fruit/j/h/n/240-dry-pitted-pouch-regency-original-imafpdm6jxgsfy3y.jpeg?q=70
2279,Rostaa,Rostaa Apricots,200 g,200,https://rukminim1.flixcart.com/image/280/280/j9it30w0/nut-dry-fruit/z/c/t/200-rostaa-apricots-pouch-rostaa-original-imaezaxrfyzqzzbt.jpeg?q=70
2279,Rostaa,Rostaa Omani Dates,680 g,352,https://rukminim1.flixcart.com/image/280/280/j84so7k0/nut-dry-fruit/h/z/t/680-omani-pouch-rostaa-original-imaey8ffsngamhze.jpeg?q=70
2279,Rostaa,Rostaa Blueberry,150 g,396,https://rukminim1.flixcart.com/image/280/280/j84so7k0/nut-dry-fruit/v/g/f/150-na-pouch-rostaa-original-imaey8fagnwcb3vp.jpeg?q=70
2279,Rostaa,Rostaa Roasted and Salted Pistachios,200 g,361,https://rukminim1.flixcart.com/image/280/280/j8j32q80/nut-dry-fruit/b/k/7/200-roasted-and-salted-pouch-rostaa-original-imaeygwh5gyzezph.jpeg?q=70
2279,Rostaa,Rostaa Cranberries,200 g,224,https://rukminim1.flixcart.com/image/280/280/j84so7k0/nut-dry-fruit/f/g/m/200-na-pouch-rostaa-original-imaey8fjvb7tg6xn.jpeg?q=70
2279,Rostaa,Rostaa Kalmi Dates,680 g,704,https://rukminim1.flixcart.com/image/280/280/jhs0o7k0/nut-dry-fruit/n/s/h/680-kalmi-pouch-rostaa-original-imaf5pzygnymmpep.jpeg?q=70
2279,Rostaa,Rostaa Turkish Apricots,200 g,270,https://rukminim1.flixcart.com/image/280/280/jm6mjrk0/nut-dry-fruit/p/p/e/200-turkish-pouch-rostaa-original-imaf95h23nbdv2jz.jpeg?q=70
2279,Rostaa,Rostaa Cranberry and Almonds,200 g,248,https://rukminim1.flixcart.com/image/280/280/jhs0o7k0/nut-dry-fruit/8/q/y/200-cranberry-almond-fusion-pouch-rostaa-original-imaf5q5gcjtupzgj.jpeg?q=70
2279,Rostaa,Rostaa Golden Berries,200 g,406,https://rukminim1.flixcart.com/image/280/280/jmawvbk0/nut-dry-fruit/s/c/h/200-golden-pouch-rostaa-original-imaf97z3yv3fug6a.jpeg?q=70
2279,Rostaa,Rostaa Classic Almonds,200 g,238,https://rukminim1.flixcart.com/image/280/280/jhs0o7k0/nut-dry-fruit/k/r/6/200-classic-pouch-rostaa-original-imaf5pz2ynwp4gfc.jpeg?q=70
2279,Rostaa,Rostaa Morning Berries,340 g,492,https://rukminim1.flixcart.com/image/280/280/jp8ngcw0/nut-dry-fruit/g/h/3/340-morning-berries-pouch-rostaa-original-imafbgqk5cv73agr.jpeg?q=70
2279,Rostaa,Rostaa Healthy Mix,340 g,523,https://rukminim1.flixcart.com/image/280/280/jk8lz0w0/nut-dry-fruit/t/v/h/340-healthy-mix-pouch-rostaa-original-imaf7mwbktdqevvf.jpeg?q=70
2279,Rostaa,Rostaa Healthy Mix,125 g,269,https://rukminim1.flixcart.com/image/280/280/jm6mjrk0/nut-dry-fruit/v/p/n/125-healthy-mix-box-rostaa-original-imaf95h2menzsa9p.jpeg?q=70
2279,Rostaa,Rostaa Figs,200 g,384,https://rukminim1.flixcart.com/image/280/280/jic0u4w0/nut-dry-fruit/g/z/2/200-na-pouch-rostaa-original-imaf65nprq6dfhdg.jpeg?q=70
2279,Rostaa,Rostaa Trail Mix,340 g,401,https://rukminim1.flixcart.com/image/280/280/j84so7k0/nut-dry-fruit/y/j/n/340-trail-mix-pouch-rostaa-original-imaey8fezhzmbqp4.jpeg?q=70
2279,Rostaa,Rostaa Medjool Dates,680 g,1125,https://rukminim1.flixcart.com/image/280/280/jidg9zk0/nut-dry-fruit/f/j/6/680-medjool-pouch-rostaa-original-imaf66rdtkn92seg.jpeg?q=70
2279,Ziofit,Ziofit Extra Light Broken Kernels Walnuts,"Combo Pack 1 + 1 Free, 250 g each",475,https://rukminim1.flixcart.com/image/280/280/jxz0brk0/nut-dry-fruit/k/y/8/250-extra-light-broken-kernels-pouch-ziofit-original-imafgb4vxegscnhv.jpeg?q=70
2279,Ziofit,Ziofit Classic Sultan Dates,"Combo Pack 1 + 1 Free, 500 g each",185,https://rukminim1.flixcart.com/image/280/280/jxz0brk0/nut-dry-fruit/u/u/b/500-classic-sultan-pouch-ziofit-original-imafgb4vyrng8zfk.jpeg?q=70
2279,Ziofit,Ziofit Classic Seedless Sultan Dates,"Combo Pack 1 + 1 Free, 500 g each",225,https://rukminim1.flixcart.com/image/280/280/jxz0brk0/nut-dry-fruit/c/7/z/500-classic-seedless-sultan-pouch-ziofit-original-imafgb4vh7tswcs7.jpeg?q=70
2279,Ziofit,Ziofit Californian Almonds,Buy 1 Get 1 (500g Each) Free,899,https://rukminim1.flixcart.com/image/280/280/jxz0brk0/nut-dry-fruit/f/6/q/500-californian-pouch-ziofit-original-imafgb4vwrevbk4n.jpeg?q=70
2279,Ziofit,Ziofit Indian Long Raisins,"Combo Pack 1 + 1 Free, 500 g each",399,https://rukminim1.flixcart.com/image/280/280/jxz0brk0/nut-dry-fruit/n/d/8/500-indian-long-pouch-ziofit-original-imafgb4vxasgrz2x.jpeg?q=70
2279,Ziofit,Ziofit Afghani Dried Figs,"Combo Pack 1 + 1 Free, 200 g each",525,https://rukminim1.flixcart.com/image/280/280/jxz0brk0/nut-dry-fruit/g/x/t/200-afghani-dried-pouch-ziofit-original-imafgb4vdeuzztdh.jpeg?q=70
2279,Ziofit,Ziofit Indian Whole Cashews,"Combo Pack 1 + 1 Free, 500 g each",1099,https://rukminim1.flixcart.com/image/280/280/jnqcpzk0/nut-dry-fruit/n/x/9/500-indian-whole-pouch-ziofit-original-imafacgdtxurz8gy.jpeg?q=70
2279,Ziofit,Ziofit Extra Light Quarter Kernels Walnuts,"Combo Pack 1 + 1 Free, 250 g each",555,https://rukminim1.flixcart.com/image/280/280/jxz0brk0/nut-dry-fruit/m/h/c/250-extra-light-quarter-kernels-pouch-ziofit-original-imafgb4vzqvbmzzc.jpeg?q=70
2279,Ziofit,Ziofit Indian Whole Cashews,500g Zofit Almonds Free,999,https://rukminim1.flixcart.com/image/280/280/jxz0brk0/nut-dry-fruit/h/x/f/500-indian-whole-pouch-ziofit-original-imafgb4v5gucphep.jpeg?q=70
2279,Ziofit,Ziofit Californian Inshell Walnuts,Buy 1 Get 1 (500g Each) Free,749,https://rukminim1.flixcart.com/image/280/280/jxz0brk0/nut-dry-fruit/h/9/8/500-californian-inshell-pouch-ziofit-original-imafgb4v5ygjcnk3.jpeg?q=70
2279,Ziofit,Ziofit Extra Light Kernels Walnuts,"Combo Pack 1 + 1 Free, 200 g each",585,https://rukminim1.flixcart.com/image/280/280/jxz0brk0/nut-dry-fruit/g/5/h/200-extra-light-kernels-pouch-ziofit-original-imafgb4v7jyfch9p.jpeg?q=70
2279,Ziofit,Ziofit Golden Shaheen Dates,Buy 1 Get 1 (500g Each) Free,265,https://rukminim1.flixcart.com/image/280/280/jxz0brk0/nut-dry-fruit/h/h/s/500-golden-shaheen-pouch-ziofit-original-imafgb4vpgcvnpgj.jpeg?q=70
2279,Ziofit,Ziofit Indian Raisins,500g Zofit Almonds Free,699,https://rukminim1.flixcart.com/image/280/280/jnqcpzk0/nut-dry-fruit/b/w/g/500-indian-pouch-ziofit-original-imafacgdktr8faez.jpeg?q=70
2279,Ziofit,Ziofit Indian Cashews,200g Ziofit Almonds Free,435,https://rukminim1.flixcart.com/image/280/280/jxz0brk0/nut-dry-fruit/j/h/6/200-indian-pouch-ziofit-original-imafgb4vxeh7cfgc.jpeg?q=70
