{"records": [{"id": 2279, "brand": "24 Mantra Organic", "title": "24 Mantra Organic Flax Seeds", "measurement": "200 g", "price": 64, "image": "https://rukminim1.flixcart.com/image/280/280/j4ohd3k0/edible-seed/2/3/7/200-pouch-brown-flax-seeds-24-mantra-original-imaevg8nhurxes9f.jpeg?q=70"}, {"id": 2279, "brand": "24 Mantra Organic", "title": "24 Mantra Organic Raw Almonds", "measurement": "100 g", "price": 198, "image": "https://rukminim1.flixcart.com/image/280/280/j4hc5u80/nut-dry-fruit/v/z/4/100-organic-pouch-24-mantra-original-imaevdmqykz7r4pm.jpeg?q=70"}, {"id": 2279, "brand": "Apis", "title": "Apis Royal Zahidi Premium Dates", "measurement": "Combo Pack 1 + 1 Free, 500 g each", "price": 175, "image": "https://rukminim1.flixcart.com/image/280/280/jwaztzk0/nut-dry-fruit/e/e/y/500-royal-zahidi-premium-pouch-apis-original-imafhynzu3gyg8q5.jpeg?q=70"}, {"id": 2279, "brand": "Apis", "title": "Apis Arabian Pearls Premium Fard Dates", "measurement": "500 g", "price": 202, "image": "https://rukminim1.flixcart.com/image/280/280/jusp3m80/nut-dry-fruit/h/h/w/500-arabian-pearls-premium-fard-pouch-apis-original-imaffu9yrbzxkzhp.jpeg?q=70"}, {"id": 2279, "brand": "Cornitos", "title": "Cornitos King Size Roasted Cashews", "measurement": "6x25 g", "price": 285, "image": "https://rukminim1.flixcart.com/image/280/280/k4324y80/nut-dry-fruit/7/w/4/180-king-size-roasted-box-cornitos-original-imafn274wehsfnmg.jpeg?q=70"}, {"id": 2279, "brand": "Cornitos", "title": "Cornitos California Roasted Almonds", "measurement": "6x30 g", "price": 285, "image": "https://rukminim1.flixcart.com/image/280/280/k4324y80/nut-dry-fruit/4/8/v/180-california-roasted-box-cornitos-original-imafn274qah8ed8q.jpeg?q=70"}, {"id": 2279, "brand": "Del Monte", "title": "Del Monte Dried Cranberries", "measurement": "250 g", "price": 297, "image": "https://rukminim1.flixcart.com/image/280/280/jj4ln680-1/nut-dry-fruit/9/h/h/250-dried-pouch-del-monte-original-imaf6symttmzqpph.jpeg?q=70"}, {"id": 2279, "brand": "Del Monte", "title": "Del Monte Pitted Prunes", "measurement": "340 g", "price": 392, "image": "https://rukminim1.flixcart.com/image/280/280/jen4vww0/nut-dry-fruit/a/c/e/340-na-pouch-del-monte-original-imaf3aaen2wxmbuf.jpeg?q=70"}, {"id": 2279, "brand": "Del Monte", "title": "Del Monte Dried Blueberry", "measurement": "130 g", "price": 427, "image": "https://rukminim1.flixcart.com/image/280/280/jj4ln680-1/nut-dry-fruit/a/7/z/130-dried-pouch-del-monte-original-imaf6syccvwacymz.jpeg?q=70"}, {"id": 2279, "brand": "Flipkart Supermart Select", "title": "Flipkart Supermart Select W320 Whole Cashews", "measurement": "200 g", "price": 189, "image": "https://rukminim1.flixcart.com/image/280/280/k6jnfrk0/nut-dry-fruit/9/7/t/200-w320-whole-pouch-flipkart-supermart-select-original-imafzzg3pfjz8upf.jpeg?q=70"}, {"id": 2279, "brand": "Flipkart Supermart Select", "title": "Flipkart Supermart Select Indian Raisins", "measurement": "500 g", "price": 189, "image": "https://rukminim1.flixcart.com/image/280/280/k7285u80/nut-dry-fruit/9/g/q/500-indian-pouch-flipkart-supermart-select-original-imafpdsywerhvtwh.jpeg?q=70"}, {"id": 2279, "brand": "Flipkart Supermart Select", "title": "Flipkart Supermart Select Phool Makhana", "measurement": "100 g", "price": 92, "image": "https://rukminim1.flixcart.com/image/280/280/k70spzk0/edible-seed/q/t/z/100-roasted-pouch-flipkart-supermart-select-original-imafpck6hf9ah9yu.jpeg?q=70"}, {"id": 2279, "brand": "Flipkart Supermart Select", "title": "Flipkart Supermart Select Extra Bold Californian Almonds", "measurement": "500 g", "price": 498, "image": "https://rukminim1.flixcart.com/image/280/280/k70spzk0/nut-dry-fruit/h/h/h/100-californian-pouch-flipkart-supermart-select-original-imafpck6zmdfygs5.jpeg?q=70"}, {"id": 2279, "brand": "Flipkart Supermart Select", "title": "Flipkart Supermart Select Californian Almonds", "measurement": "500 g", "price": 479, "image": "https://rukminim1.flixcart.com/image/280/280/k7285u80/nut-dry-fruit/s/c/b/500-californian-pouch-flipkart-supermart-select-original-imafpdsykkc5xbd9.jpeg?q=70"}, {"id": 2279, "brand": "Flipkart Supermart Select", "title": "Flipkart Supermart Select Bold W240 Whole Cashews", "measurement": "500 g", "price": 519, "image": "https://rukminim1.flixcart.com/image/280/280/k6jnfrk0/nut-dry-fruit/9/7/t/200-w320-whole-pouch-flipkart-supermart-select-original-imafzzg3pfjz8upf.jpeg?q=70"}, {"id": 2279, "brand": "Flipkart Supermart Select", "title": "Flipkart Supermart Select Black Raisins", "measurement": "100 g", "price": 71, "image": "https://rukminim1.flixcart.com/image/280/280/k7jdg280/nut-dry-fruit/6/h/q/100-black-pouch-flipkart-supermart-select-original-imafpr6yqmyssecj.jpeg?q=70"}, {"id": 2279, "brand": "Flipkart Supermart Select", "title": "Flipkart Supermart Select Figs", "measurement": "200 g", "price": 360, "image": "https://rukminim1.flixcart.com/image/280/280/k7jdg280/nut-dry-fruit/c/d/z/200-na-pouch-flipkart-supermart-select-original-imafpr5zsjxzz8e8.jpeg?q=70"}, {"id": 2279, "brand": "Flipkart Supermart Select", "title": "Flipkart Supermart Select Dry Apricots", "measurement": "200 g", "price": 166, "image": "https://rukminim1.flixcart.com/image/280/280/k7jdg280/nut-dry-fruit/y/r/h/200-dry-pouch-flipkart-supermart-select-original-imafpr5zytbphhvy.jpeg?q=70"}, {"id": 2279, "brand": "Flipkart Supermart Select", "title": "Flipkart Supermart Select Flax Seeds Assorted Nuts", "measurement": "200 g", "price": 29, "image": "https://rukminim1.flixcart.com/image/280/280/k7jdg280/nut-dry-fruit/g/g/m/200-flax-seeds-pouch-flipkart-supermart-select-original-imafpr6yzjqxc3nu.jpeg?q=70"}, {"id": 2279, "brand": "Flipkart Supermart Select", "title": "Flipkart Supermart Select Kernel Walnuts", "measurement": "200 g", "price": 380, "image": "https://rukminim1.flixcart.com/image/280/280/k70spzk0/nut-dry-fruit/z/y/s/200-kernel-pouch-flipkart-supermart-select-original-imafpck6qpgfcrce.jpeg?q=70"}, {"id": 2279, "brand": "Flipkart Supermart Select", "title": "Flipkart Supermart Select Seedless Black Raisins", "measurement": "200 g", "price": 113, "image": "https://rukminim1.flixcart.com/image/280/280/k7jdg280/nut-dry-fruit/e/s/4/200-seedless-black-pouch-flipkart-supermart-select-original-imafpr5zyuycdskh.jpeg?q=70"}, {"id": 2279, "brand": "Flipkart Supermart Select", "title": "Flipkart Supermart Select Abjosh Raisins", "measurement": "200 g", "price": 181, "image": "https://rukminim1.flixcart.com/image/280/280/k7285u80/nut-dry-fruit/g/r/j/100-abjosh-pouch-flipkart-supermart-select-original-imafpdsynpeut3rd.jpeg?q=70"}, {"id": 2279, "brand": "Flipkart Supermart Select", "title": "Flipkart Supermart Select Sonora Almonds", "measurement": "200 g", "price": 239, "image": "https://rukminim1.flixcart.com/image/280/280/k70spzk0/nut-dry-fruit/h/h/h/100-californian-pouch-flipkart-supermart-select-original-imafpck6zmdfygs5.jpeg?q=70"}, {"id": 2279, "brand": "Flipkart Supermart Select", "title": "Flipkart Supermart Select Pumpkin Seeds Assorted Nuts", "measurement": "100 g", "price": 63, "image": "https://rukminim1.flixcart.com/image/280/280/k7ksvww0/nut-dry-fruit/t/w/j/100-pumpkin-seeds-pouch-flipkart-supermart-select-original-imafps7urvrgcyhu.jpeg?q=70"}, {"id": 2279, "brand": "Flipkart Supermart Select", "title": "Flipkart Supermart Select Afghan Green Raisins", "measurement": "200 g", "price": 170, "image": "https://rukminim1.flixcart.com/image/280/280/k7jdg280/nut-dry-fruit/c/w/h/200-afghan-green-pouch-flipkart-supermart-select-original-imafpr5zwvvb7x7f.jpeg?q=70"}, {"id": 2279, "brand": "Happilo", "title": "Happilo 100% Natural Premium Californian Almonds", "measurement": "100 g", "price": 69, "image": "https://rukminim1.flixcart.com/image/280/280/jqgy3rk0/nut-dry-fruit/p/t/g/100-100-natural-california-pouch-happilo-original-imafcgnkxtnghcec.jpeg?q=70"}, {"id": 2279, "brand": "Happilo", "title": "Happilo 100% Natural Cashews, Almonds", "measurement": "2x200 g", "price": 366, "image": "https://rukminim1.flixcart.com/image/280/280/jxf05u80/nut-dry-fruit/h/y/z/400-100-natural-pouch-happilo-original-imafhskyd3rvyagc.jpeg?q=70"}, {"id": 2279, "brand": "Happilo", "title": "Happilo 100% Natural Premium Californian Almonds", "measurement": "500 g", "price": 450, "image": "https://rukminim1.flixcart.com/image/280/280/jw2f6vk0/nut-dry-fruit/z/b/j/500-100-natural-premium-californian-pouch-happilo-original-imafgtv8vnnz5jff.jpeg?q=70"}, {"id": 2279, "brand": "Happilo", "title": "Happilo 100% Natural California Almonds", "measurement": "2x200 g", "price": 368, "image": "https://rukminim1.flixcart.com/image/280/280/jyq5oy80/nut-dry-fruit/4/z/w/400-100-natural-california-pouch-happilo-original-imafgwjunw2rk25g.jpeg?q=70"}, {"id": 2279, "brand": "Happilo", "title": "Happilo Premium International Healthy Nutmix", "measurement": "200 g", "price": 244, "image": "https://rukminim1.flixcart.com/image/280/280/k7qinbk0/nut-dry-fruit/u/c/t/200-premium-international-healthy-nutmix-pouch-happilo-original-imafpwgxqvj8xhya.jpeg?q=70"}, {"id": 2279, "brand": "Happilo", "title": "Happilo Premium Seedless Green Raisins", "measurement": "250 g", "price": 132, "image": "https://rukminim1.flixcart.com/image/280/280/k7usyvk0/nut-dry-fruit/g/p/a/250-premium-seedless-green-pouch-happilo-original-imafpzshscghmtk9.jpeg?q=70"}, {"id": 2279, "brand": "Happilo", "title": "Happilo 100% Natural Premium Californian Inshell Walnuts", "measurement": "500 g", "price": 460, "image": "https://rukminim1.flixcart.com/image/280/280/k7qinbk0/nut-dry-fruit/e/p/e/500-100-natural-premium-californian-inshell-pouch-happilo-original-imafpwgwhg9zsgdg.jpeg?q=70"}, {"id": 2279, "brand": "Happilo", "title": "Happilo Premium Californian Roasted and Salted Pistachios", "measurement": "500 g", "price": 656, "image": "https://rukminim1.flixcart.com/image/280/280/jw2f6vk0/nut-dry-fruit/m/s/w/500-premium-californian-roasted-salted-pouch-happilo-original-imafgtv8568byzsh.jpeg?q=70"}, {"id": 2279, "brand": "Happilo", "title": "Happilo Premium Seedless Green Raisins", "measurement": "500 g", "price": 243, "image": "https://rukminim1.flixcart.com/image/280/280/jw2f6vk0/nut-dry-fruit/b/n/f/500-premium-seedless-green-pouch-happilo-original-imafgtv8aefdkaam.jpeg?q=70"}, {"id": 2279, "brand": "Happilo", "title": "Happilo Premium Afghani Seedless Black Raisins", "measurement": "250 g", "price": 168, "image": "https://rukminim1.flixcart.com/image/280/280/ji4vmvk0/nut-dry-fruit/k/w/b/250-premium-afghani-seedless-black-pouch-happilo-original-imaf5zthzsfd7dah.jpeg?q=70"}, {"id": 2279, "brand": "Happilo", "title": "Happilo 100% Natural Kashmiri Deluxe Walnuts, Kernels", "measurement": "200 g", "price": 318, "image": "https://rukminim1.flixcart.com/image/280/280/k7xnukw0/nut-dry-fruit/b/y/t/200-100-natural-premium-kashmiri-pouch-happilo-original-imafqf9he67eay53.jpeg?q=70"}, {"id": 2279, "brand": "Happilo", "title": "Happilo Premium Dried Afghani Figs", "measurement": "200 g", "price": 328, "image": "https://rukminim1.flixcart.com/image/280/280/k7qinbk0/nut-dry-fruit/e/g/s/200-premium-dried-afghani-pouch-happilo-original-imafpwgxvmwuku5h.jpeg?q=70"}, {"id": 2279, "brand": "Happilo", "title": "Happilo Premium International Omani Dates", "measurement": "250 g", "price": 148, "image": "https://rukminim1.flixcart.com/image/280/280/ji4vmvk0/nut-dry-fruit/d/d/q/250-premium-international-omani-pouch-happilo-original-imaf5zrktcsfdgwt.jpeg?q=70"}, {"id": 2279, "brand": "Happilo", "title": "Happilo 100% Natural Premium Whole Cashews", "measurement": "500 g", "price": 581, "image": "https://rukminim1.flixcart.com/image/280/280/jw2f6vk0/nut-dry-fruit/u/j/7/500-100-natural-premium-pouch-happilo-original-imafgtv892vezxyt.jpeg?q=70"}, {"id": 2279, "brand": "Happilo", "title": "Happilo Premium Raw Organic Authentic White Chia Seeds", "measurement": "250 g", "price": 211, "image": "https://rukminim1.flixcart.com/image/280/280/jw2f6vk0/edible-seed/t/3/d/250-pouch-raw-happilo-original-imafgtv8jfpqugr7.jpeg?q=70"}, {"id": 2279, "brand": "Happilo", "title": "Happilo Premium Dried Turkish Apricots", "measurement": "200 g", "price": 199, "image": "https://rukminim1.flixcart.com/image/280/280/k7qinbk0/nut-dry-fruit/f/j/f/200-premium-dried-turkish-pouch-happilo-original-imafpwgwmz9bemvn.jpeg?q=70"}, {"id": 2279, "brand": "Happilo", "title": "Happilo Premium International Exotic Dried Assorted Fruit", "measurement": "200 g", "price": 198, "image": "https://rukminim1.flixcart.com/image/280/280/k7qinbk0/nut-dry-fruit/z/u/y/200-premium-international-exotic-dried-pouch-happilo-original-imafpwgzxuzffucw.jpeg?q=70"}, {"id": 2279, "brand": "Happilo", "title": "Happilo 100% Natural Premium Whole Cashews", "measurement": "2x200 g", "price": 482, "image": "https://rukminim1.flixcart.com/image/280/280/k0wqwsw0/nut-dry-fruit/c/2/n/400-100-natural-premium-whole-pouch-happilo-original-imafkhm957vwmxq2.jpeg?q=70"}, {"id": 2279, "brand": "Happilo", "title": "Happilo 100% Natural Premium Whole Nuts Cashews", "measurement": "200 g", "price": 251, "image": "https://rukminim1.flixcart.com/image/280/280/k7w8eq80/nut-dry-fruit/j/e/c/200-100-natural-premium-whole-nuts-pouch-happilo-original-imafpwgwgabwerjv.jpeg?q=70"}, {"id": 2279, "brand": "Happilo", "title": "Happilo Premium American Dried Whole Duet Blueberry, Cranberries", "measurement": "180 g", "price": 285, "image": "https://rukminim1.flixcart.com/image/280/280/k7qinbk0/nut-dry-fruit/a/z/m/180-premium-american-dried-whole-duet-pouch-happilo-original-imafpwgxfhahy6y4.jpeg?q=70"}, {"id": 2279, "brand": "Happilo", "title": "Happilo Premium Pumpkin Seeds - Raw, Authentic, All Natural", "measurement": "200 g", "price": 211, "image": "https://rukminim1.flixcart.com/image/280/280/jtsz3bk0/edible-seed/z/c/z/200-pouch-raw-happilo-original-imaff32ddjfufbhe.jpeg?q=70"}, {"id": 2279, "brand": "Happilo", "title": "Happilo Premium International Super mix Berries", "measurement": "200 g", "price": 292, "image": "https://rukminim1.flixcart.com/image/280/280/k7qinbk0/nut-dry-fruit/u/3/g/35-premium-international-supermix-berries-pouch-happilo-original-imafpwgxyyvqcnhg.jpeg?q=70"}, {"id": 2279, "brand": "Happilo", "title": "Happilo Premium Roasted & Salted Sunflower Seeds (No shells)", "measurement": "250 g", "price": 124, "image": "https://rukminim1.flixcart.com/image/280/280/jw2f6vk0/edible-seed/r/y/z/250-pouch-roasted-happilo-original-imafgtv8qcyzney8.jpeg?q=70"}, {"id": 2279, "brand": "Happilo", "title": "Happilo Premium International Exotic Dried Kiwi", "measurement": "200 g", "price": 146, "image": "https://rukminim1.flixcart.com/image/280/280/k7qinbk0/nut-dry-fruit/v/6/b/200-premium-international-exotic-dried-pouch-happilo-original-imafpwgyzemseym5.jpeg?q=70"}, {"id": 2279, "brand": "Happilo", "title": "Happilo 100% Natural Whole Premium Cashews", "measurement": "35 g", "price": 49, "image": "https://rukminim1.flixcart.com/image/280/280/ji4vmvk0-1/nut-dry-fruit/h/n/q/35-100-natural-whole-premium-pouch-happilo-original-imaf6ybftkyzzjyy.jpeg?q=70"}, {"id": 2279, "brand": "Happilo", "title": "Happilo Californian Premium Sweet Dried Sliced Cranberries", "measurement": "200 g", "price": 204, "image": "https://rukminim1.flixcart.com/image/280/280/k7qinbk0/nut-dry-fruit/s/h/t/200-californian-premium-sweet-dried-sliced-pouch-happilo-original-imafpwgxyamsjcjz.jpeg?q=70"}, {"id": 2279, "brand": "Happilo", "title": "Happilo Premium Roasted Mix of Pumpkin, Flax, Sunflower (Lightly Salted)", "measurement": "250 g", "price": 227, "image": "https://rukminim1.flixcart.com/image/280/280/jw2f6vk0/edible-seed/h/p/u/250-pouch-roasted-happilo-original-imafgtv7agrwgxrv.jpeg?q=70"}, {"id": 2279, "brand": "Happilo", "title": "Happilo Premium International Seeds and Berries", "measurement": "200 g", "price": 292, "image": "https://rukminim1.flixcart.com/image/280/280/jim0x3k0/nut-dry-fruit/x/h/f/200-premium-international-seeds-and-berries-pouch-happilo-original-imaf6dmfwtufnnaj.jpeg?q=70"}, {"id": 2279, "brand": "Happilo", "title": "Happilo Dried and Pitted Premium Californian Prunes", "measurement": "200 g", "price": 171, "image": "https://rukminim1.flixcart.com/image/280/280/k7qinbk0/nut-dry-fruit/a/p/5/200-dried-and-pitted-premium-californian-pouch-happilo-original-imafpwgwy4uay8ku.jpeg?q=70"}, {"id": 2279, "brand": "Happilo", "title": "Happilo Premium Raw Sunflower seeds (No shells)", "measurement": "250 g", "price": 124, "image": "https://rukminim1.flixcart.com/image/280/280/jw2f6vk0/edible-seed/y/p/j/250-pouch-raw-happilo-original-imafgtv7mhhsjrzs.jpeg?q=70"}, {"id": 2279, "brand": "Happilo", "title": "Happilo Premium International Dried Himalayan Goji Berries", "measurement": "150 g", "price": 227, "image": "https://rukminim1.flixcart.com/image/280/280/jw2f6vk0/nut-dry-fruit/k/8/h/150-premium-international-exotic-dried-pouch-happilo-original-imafgtv8xetdpgc7.jpeg?q=70"}, {"id": 2279, "brand": "Happilo", "title": "Happilo Premium Dried Californian Blueberry", "measurement": "150 g", "price": 388, "image": "https://rukminim1.flixcart.com/image/280/280/k7w8eq80/nut-dry-fruit/g/f/9/150-premium-dried-californian-pouch-happilo-original-imafqfd4tngmgwhn.jpeg?q=70"}, {"id": 2279, "brand": "Happilo", "title": "Happilo Premium International Exotic Brazil Nuts", "measurement": "150 g", "price": 419, "image": "https://rukminim1.flixcart.com/image/280/280/jw2f6vk0/nut-dry-fruit/c/v/6/150-premium-international-exotic-pouch-happilo-original-imafgtv8zhvzn3rf.jpeg?q=70"}, {"id": 2279, "brand": "Happilo", "title": "Happilo Premium International Trail Mix", "measurement": "200 g", "price": 310, "image": "https://rukminim1.flixcart.com/image/280/280/k7qinbk0/nut-dry-fruit/4/c/v/200-premium-international-trail-mix-pouch-happilo-original-imafpwgzkkzwx5xj.jpeg?q=70"}, {"id": 2279, "brand": "Happilo", "title": "Happilo Premium International Exotic Dried Strawberries", "measurement": "200 g", "price": 183, "image": "https://rukminim1.flixcart.com/image/280/280/k7qinbk0/nut-dry-fruit/j/z/s/200-premium-international-exotic-dried-pouch-happilo-original-imafpwgy357gfqhy.jpeg?q=70"}, {"id": 2279, "brand": "Happilo", "title": "Happilo Premium Raw Organic Authentic Golden Flax seeds", "measurement": "250 g", "price": 79, "image": "https://rukminim1.flixcart.com/image/280/280/jw2f6vk0/edible-seed/k/t/w/250-pouch-raw-happilo-original-imafgtv72dhgnhuv.jpeg?q=70"}, {"id": 2279, "brand": "Happilo", "title": "Happilo Premium Premium International Seedless Afghani green Raisins", "measurement": "200 g", "price": 171, "image": "https://rukminim1.flixcart.com/image/280/280/jw2f6vk0/nut-dry-fruit/a/k/9/200-premium-seedless-afghani-green-pouch-happilo-original-imafgtv8vakanzhd.jpeg?q=70"}, {"id": 2279, "brand": "Happilo", "title": "Happilo Premium International Exotic Dried Mango", "measurement": "200 g", "price": 206, "image": "https://rukminim1.flixcart.com/image/280/280/k7w8eq80/nut-dry-fruit/f/a/v/200-premium-international-exotic-dried-pouch-happilo-original-imafqfd4deke7u6e.jpeg?q=70"}, {"id": 2279, "brand": "Happilo", "title": "Happilo Premium International Nuts and Berries", "measurement": "200 g", "price": 292, "image": "https://rukminim1.flixcart.com/image/280/280/jiulk7k0/nut-dry-fruit/h/t/w/200-premium-international-pouch-happilo-original-imaf6k2bfzc7vq6v.jpeg?q=70"}, {"id": 2279, "brand": "Happilo", "title": "Happilo Premium International King Medjoul Dates", "measurement": "200 g", "price": 335, "image": "https://rukminim1.flixcart.com/image/280/280/k7qinbk0/nut-dry-fruit/n/e/a/200-premium-international-king-medjoul-pouch-happilo-original-imafpwgxsjbvw494.jpeg?q=70"}, {"id": 2279, "brand": "Happilo", "title": "Happilo Premium International Supermix Berries", "measurement": "35 g", "price": 66, "image": "https://rukminim1.flixcart.com/image/280/280/k7qinbk0/nut-dry-fruit/u/3/g/35-premium-international-supermix-berries-pouch-happilo-original-imafpwgxyyvqcnhg.jpeg?q=70"}, {"id": 2279, "brand": "Happilo", "title": "Happilo Premium Raw Organic Holy Basil (Sabja)", "measurement": "250 g", "price": 132, "image": "https://rukminim1.flixcart.com/image/280/280/jw2f6vk0/edible-seed/k/g/u/250-pouch-raw-happilo-original-imafgtv7rbm6yhaz.jpeg?q=70"}, {"id": 2279, "brand": "Happilo", "title": "Happilo Premium Raw Organic Gluten Free White Quinoa seeds", "measurement": "500 g", "price": 227, "image": "https://rukminim1.flixcart.com/image/280/280/jw2f6vk0/edible-seed/5/w/u/500-pouch-raw-happilo-original-imafgtv74nuwykhr.jpeg?q=70"}, {"id": 2279, "brand": "Happilo", "title": "Happilo Premium Organic Authentic Flax seeds Roasted", "measurement": "250 g", "price": 100, "image": "https://rukminim1.flixcart.com/image/280/280/jw2f6vk0/edible-seed/p/z/n/250-pouch-roasted-happilo-original-imafgtv7taew5hjd.jpeg?q=70"}, {"id": 2279, "brand": "Happilo", "title": "Happilo Californian Premium Sweet Dried Whole Cranberries", "measurement": "200 g", "price": 221, "image": "https://rukminim1.flixcart.com/image/280/280/k7qinbk0/nut-dry-fruit/g/z/p/200-californian-premium-sweet-dried-whole-pouch-happilo-original-imafpwgx2gmppudk.jpeg?q=70"}, {"id": 2279, "brand": "JK", "title": "JK Poppy Seed", "measurement": "50 g", "price": 84, "image": "https://rukminim1.flixcart.com/image/280/280/jw84ya80/edible-seed/f/u/g/50-pouch-raw-jk-original-imafgygggnvbvbmn.jpeg?q=70"}, {"id": 2279, "brand": "JK", "title": "JK Poppy Seed", "measurement": "100 g", "price": 168, "image": "https://rukminim1.flixcart.com/image/280/280/jw84ya80/edible-seed/k/h/u/100-pouch-raw-jk-original-imafgyggctwhhfss.jpeg?q=70"}, {"id": 2279, "brand": "JK", "title": "JK White Til", "measurement": "100 g", "price": 31, "image": "https://rukminim1.flixcart.com/image/280/280/jw84ya80/edible-seed/h/n/a/100-pouch-raw-jk-original-imafgygg7vzgauxw.jpeg?q=70"}, {"id": 2279, "brand": "Origo Fresh", "title": "Origo Fresh Regular Whole Cashews", "measurement": "500 g", "price": 393, "image": "https://rukminim1.flixcart.com/image/280/280/jpu324w0/nut-dry-fruit/g/z/u/500-na-pouch-oriog-fresh-original-imafbyeuatfg4gzm.jpeg?q=70"}, {"id": 2279, "brand": "Origo Fresh", "title": "Origo Fresh Split Cashews", "measurement": "200 g", "price": 159, "image": "https://rukminim1.flixcart.com/image/280/280/jea9x8w0/nut-dry-fruit/z/z/t/100-cashew-split-pouch-origo-fresh-original-imaf2y74tt58q7fk.jpeg?q=70"}, {"id": 2279, "brand": "Origo Fresh", "title": "Origo Fresh Indian Raisins", "measurement": "500 g", "price": 196, "image": "https://rukminim1.flixcart.com/image/280/280/jpu324w0/nut-dry-fruit/b/z/z/500-na-pouch-oriog-fresh-original-imafbyeuutzgss5t.jpeg?q=70"}, {"id": 2279, "brand": "Origo Fresh", "title": "Origo Fresh Broken Cashews", "measurement": "200 g", "price": 155, "image": "https://rukminim1.flixcart.com/image/280/280/jea9x8w0/nut-dry-fruit/x/z/5/200-broken-cashew-pouch-origo-fresh-original-imaf2zk3hcyw7jze.jpeg?q=70"}, {"id": 2279, "brand": "Origo Fresh", "title": "Origo Fresh Regular Californian Almonds", "measurement": "500 g", "price": 439, "image": "https://rukminim1.flixcart.com/image/280/280/jrz8u4w0/nut-dry-fruit/x/w/v/500-na-pouch-oriog-fresh-original-imafdnth9t56z2qp.jpeg?q=70"}, {"id": 2279, "brand": "Origo Fresh", "title": "Origo Fresh Popcorn seeds", "measurement": "500 g", "price": 79, "image": "https://rukminim1.flixcart.com/image/280/280/jcf487k0/edible-seed/g/p/y/500-pouch-raw-popcorn-seeds-origo-fresh-original-imaffjvbwmhukjyg.jpeg?q=70"}, {"id": 2279, "brand": "Origo Fresh", "title": "Origo Fresh Dry Medium Figs", "measurement": "500 g", "price": 725, "image": "https://rukminim1.flixcart.com/image/280/280/jqfinww0/nut-dry-fruit/z/b/p/500-na-pouch-oriog-fresh-original-imafcgb5vc59ghzk.jpeg?q=70"}, {"id": 2279, "brand": "Origo Fresh", "title": "Origo Fresh Inshell (Akharot) Walnuts", "measurement": "200 g", "price": 178, "image": "https://rukminim1.flixcart.com/image/280/280/jfbfde80/nut-dry-fruit/t/d/9/200-inshell-akhrot-pouch-origo-fresh-original-imaf3t4ftskzvqz5.jpeg?q=70"}, {"id": 2279, "brand": "Origo Fresh", "title": "Origo Fresh Grain Amaranth Seeds", "measurement": "500 g", "price": 118, "image": "https://rukminim1.flixcart.com/image/280/280/jic0u4w0/edible-seed/g/e/v/500-raw-pouch-origo-fresh-original-imaf65npxscdh3pz.jpeg?q=70"}, {"id": 2279, "brand": "ProV", "title": "ProV Pistachios", "measurement": "250 g", "price": 280, "image": "https://rukminim1.flixcart.com/image/280/280/k34rki80/nut-dry-fruit/x/6/v/250-california-pista-pouch-prov-original-imafmbkjzgpbsxjh.jpeg?q=70"}, {"id": 2279, "brand": "ProV", "title": "ProV Assorted Nuts", "measurement": "360 g", "price": 420, "image": "https://rukminim1.flixcart.com/image/280/280/k3g73bk0/nut-dry-fruit/y/f/5/360-nut-fusion-pouch-prov-original-imafmkfqzjpsshec.jpeg?q=70"}, {"id": 2279, "brand": "proV Select", "title": "proV Select Almond Almonds", "measurement": "500 g", "price": 416, "image": "https://rukminim1.flixcart.com/image/280/280/k4324y80/nut-dry-fruit/3/v/v/500-almond-pouch-prov-select-original-imafmtevghyznv7v.jpeg?q=70"}, {"id": 2279, "brand": "Regency", "title": "Regency Anjeer Figs", "measurement": "200 g", "price": 248, "image": "https://rukminim1.flixcart.com/image/280/280/k79dd3k0/nut-dry-fruit/4/j/z/200-anjeer-premium-box-regency-original-imafpjchawyszyda.jpeg?q=70"}, {"id": 2279, "brand": "Regency", "title": "Regency Sun Dried Apricots", "measurement": "200 g", "price": 161, "image": "https://rukminim1.flixcart.com/image/280/280/k7f34i80/nut-dry-fruit/g/w/y/200-sun-dried-pouch-regency-original-imafpntyh8sjkcza.jpeg?q=70"}, {"id": 2279, "brand": "Regency", "title": "Regency Dried Cranberries", "measurement": "200 g", "price": 109, "image": "https://rukminim1.flixcart.com/image/280/280/k70spzk0/nut-dry-fruit/3/b/h/200-dried-cranberry-sliced-pouch-regency-original-imafpcv77tkgz5ga.jpeg?q=70"}, {"id": 2279, "brand": "Regency", "title": "Regency Dried Blueberry", "measurement": "75 g", "price": 152, "image": "https://rukminim1.flixcart.com/image/280/280/k70spzk0/nut-dry-fruit/t/e/z/75-dried-blueberry-pouch-regency-original-imafpcv7hfpqr7sz.jpeg?q=70"}, {"id": 2279, "brand": "Regency", "title": "Regency Pitted Prunes", "measurement": "240 g", "price": 141, "image": "https://rukminim1.flixcart.com/image/280/280/k7285u80/nut-dry-fruit/j/h/n/240-dry-pitted-pouch-regency-original-imafpdm6jxgsfy3y.jpeg?q=70"}, {"id": 2279, "brand": "Rostaa", "title": "Rostaa Apricots", "measurement": "200 g", "price": 200, "image": "https://rukminim1.flixcart.com/image/280/280/j9it30w0/nut-dry-fruit/z/c/t/200-rostaa-apricots-pouch-rostaa-original-imaezaxrfyzqzzbt.jpeg?q=70"}, {"id": 2279, "brand": "Rostaa", "title": "Rostaa Omani Dates", "measurement": "680 g", "price": 352, "image": "https://rukminim1.flixcart.com/image/280/280/j84so7k0/nut-dry-fruit/h/z/t/680-omani-pouch-rostaa-original-imaey8ffsngamhze.jpeg?q=70"}, {"id": 2279, "brand": "Rostaa", "title": "Rostaa Blueberry", "measurement": "150 g", "price": 396, "image": "https://rukminim1.flixcart.com/image/280/280/j84so7k0/nut-dry-fruit/v/g/f/150-na-pouch-rostaa-original-imaey8fagnwcb3vp.jpeg?q=70"}, {"id": 2279, "brand": "Rostaa", "title": "Rostaa Roasted and Salted Pistachios", "measurement": "200 g", "price": 361, "image": "https://rukminim1.flixcart.com/image/280/280/j8j32q80/nut-dry-fruit/b/k/7/200-roasted-and-salted-pouch-rostaa-original-imaeygwh5gyzezph.jpeg?q=70"}, {"id": 2279, "brand": "Rostaa", "title": "Rostaa Cranberries", "measurement": "200 g", "price": 224, "image": "https://rukminim1.flixcart.com/image/280/280/j84so7k0/nut-dry-fruit/f/g/m/200-na-pouch-rostaa-original-imaey8fjvb7tg6xn.jpeg?q=70"}, {"id": 2279, "brand": "Rostaa", "title": "Rostaa Kalmi Dates", "measurement": "680 g", "price": 704, "image": "https://rukminim1.flixcart.com/image/280/280/jhs0o7k0/nut-dry-fruit/n/s/h/680-kalmi-pouch-rostaa-original-imaf5pzygnymmpep.jpeg?q=70"}, {"id": 2279, "brand": "Rostaa", "title": "Rostaa Turkish Apricots", "measurement": "200 g", "price": 270, "image": "https://rukminim1.flixcart.com/image/280/280/jm6mjrk0/nut-dry-fruit/p/p/e/200-turkish-pouch-rostaa-original-imaf95h23nbdv2jz.jpeg?q=70"}, {"id": 2279, "brand": "Rostaa", "title": "Rostaa Cranberry and Almonds", "measurement": "200 g", "price": 248, "image": "https://rukminim1.flixcart.com/image/280/280/jhs0o7k0/nut-dry-fruit/8/q/y/200-cranberry-almond-fusion-pouch-rostaa-original-imaf5q5gcjtupzgj.jpeg?q=70"}, {"id": 2279, "brand": "Rostaa", "title": "Rostaa Golden Berries", "measurement": "200 g", "price": 406, "image": "https://rukminim1.flixcart.com/image/280/280/jmawvbk0/nut-dry-fruit/s/c/h/200-golden-pouch-rostaa-original-imaf97z3yv3fug6a.jpeg?q=70"}, {"id": 2279, "brand": "Rostaa", "title": "Rostaa Classic Almonds", "measurement": "200 g", "price": 238, "image": "https://rukminim1.flixcart.com/image/280/280/jhs0o7k0/nut-dry-fruit/k/r/6/200-classic-pouch-rostaa-original-imaf5pz2ynwp4gfc.jpeg?q=70"}, {"id": 2279, "brand": "Rostaa", "title": "Rostaa Morning Berries", "measurement": "340 g", "price": 492, "image": "https://rukminim1.flixcart.com/image/280/280/jp8ngcw0/nut-dry-fruit/g/h/3/340-morning-berries-pouch-rostaa-original-imafbgqk5cv73agr.jpeg?q=70"}, {"id": 2279, "brand": "Rostaa", "title": "Rostaa Healthy Mix", "measurement": "340 g", "price": 523, "image": "https://rukminim1.flixcart.com/image/280/280/jk8lz0w0/nut-dry-fruit/t/v/h/340-healthy-mix-pouch-rostaa-original-imaf7mwbktdqevvf.jpeg?q=70"}, {"id": 2279, "brand": "Rostaa", "title": "Rostaa Healthy Mix", "measurement": "125 g", "price": 269, "image": "https://rukminim1.flixcart.com/image/280/280/jm6mjrk0/nut-dry-fruit/v/p/n/125-healthy-mix-box-rostaa-original-imaf95h2menzsa9p.jpeg?q=70"}, {"id": 2279, "brand": "Rostaa", "title": "Rostaa Figs", "measurement": "200 g", "price": 384, "image": "https://rukminim1.flixcart.com/image/280/280/jic0u4w0/nut-dry-fruit/g/z/2/200-na-pouch-rostaa-original-imaf65nprq6dfhdg.jpeg?q=70"}, {"id": 2279, "brand": "Rostaa", "title": "Rostaa Trail Mix", "measurement": "340 g", "price": 401, "image": "https://rukminim1.flixcart.com/image/280/280/j84so7k0/nut-dry-fruit/y/j/n/340-trail-mix-pouch-rostaa-original-imaey8fezhzmbqp4.jpeg?q=70"}, {"id": 2279, "brand": "Rostaa", "title": "Rostaa Medjool Dates", "measurement": "680 g", "price": 1125, "image": "https://rukminim1.flixcart.com/image/280/280/jidg9zk0/nut-dry-fruit/f/j/6/680-medjool-pouch-rostaa-original-imaf66rdtkn92seg.jpeg?q=70"}, {"id": 2279, "brand": "Ziofit", "title": "Ziofit Extra Light Broken Kernels Walnuts", "measurement": "Combo Pack 1 + 1 Free, 250 g each", "price": 475, "image": "https://rukminim1.flixcart.com/image/280/280/jxz0brk0/nut-dry-fruit/k/y/8/250-extra-light-broken-kernels-pouch-ziofit-original-imafgb4vxegscnhv.jpeg?q=70"}, {"id": 2279, "brand": "Ziofit", "title": "Ziofit Classic Sultan Dates", "measurement": "Combo Pack 1 + 1 Free, 500 g each", "price": 185, "image": "https://rukminim1.flixcart.com/image/280/280/jxz0brk0/nut-dry-fruit/u/u/b/500-classic-sultan-pouch-ziofit-original-imafgb4vyrng8zfk.jpeg?q=70"}, {"id": 2279, "brand": "Ziofit", "title": "Ziofit Classic Seedless Sultan Dates", "measurement": "Combo Pack 1 + 1 Free, 500 g each", "price": 225, "image": "https://rukminim1.flixcart.com/image/280/280/jxz0brk0/nut-dry-fruit/c/7/z/500-classic-seedless-sultan-pouch-ziofit-original-imafgb4vh7tswcs7.jpeg?q=70"}, {"id": 2279, "brand": "Ziofit", "title": "Ziofit Californian Almonds", "measurement": "Buy 1 Get 1 (500g Each) Free", "price": 899, "image": "https://rukminim1.flixcart.com/image/280/280/jxz0brk0/nut-dry-fruit/f/6/q/500-californian-pouch-ziofit-original-imafgb4vwrevbk4n.jpeg?q=70"}, {"id": 2279, "brand": "Ziofit", "title": "Ziofit Indian Long Raisins", "measurement": "Combo Pack 1 + 1 Free, 500 g each", "price": 399, "image": "https://rukminim1.flixcart.com/image/280/280/jxz0brk0/nut-dry-fruit/n/d/8/500-indian-long-pouch-ziofit-original-imafgb4vxasgrz2x.jpeg?q=70"}, {"id": 2279, "brand": "Ziofit", "title": "Ziofit Afghani Dried Figs", "measurement": "Combo Pack 1 + 1 Free, 200 g each", "price": 525, "image": "https://rukminim1.flixcart.com/image/280/280/jxz0brk0/nut-dry-fruit/g/x/t/200-afghani-dried-pouch-ziofit-original-imafgb4vdeuzztdh.jpeg?q=70"}, {"id": 2279, "brand": "Ziofit", "title": "Ziofit Indian Whole Cashews", "measurement": "Combo Pack 1 + 1 Free, 500 g each", "price": 1099, "image": "https://rukminim1.flixcart.com/image/280/280/jnqcpzk0/nut-dry-fruit/n/x/9/500-indian-whole-pouch-ziofit-original-imafacgdtxurz8gy.jpeg?q=70"}, {"id": 2279, "brand": "Ziofit", "title": "Ziofit Extra Light Quarter Kernels Walnuts", "measurement": "Combo Pack 1 + 1 Free, 250 g each", "price": 555, "image": "https://rukminim1.flixcart.com/image/280/280/jxz0brk0/nut-dry-fruit/m/h/c/250-extra-light-quarter-kernels-pouch-ziofit-original-imafgb4vzqvbmzzc.jpeg?q=70"}, {"id": 2279, "brand": "Ziofit", "title": "Ziofit Indian Whole Cashews", "measurement": "500g Zofit Almonds Free", "price": 999, "image": "https://rukminim1.flixcart.com/image/280/280/jxz0brk0/nut-dry-fruit/h/x/f/500-indian-whole-pouch-ziofit-original-imafgb4v5gucphep.jpeg?q=70"}, {"id": 2279, "brand": "Ziofit", "title": "Ziofit Californian Inshell Walnuts", "measurement": "Buy 1 Get 1 (500g Each) Free", "price": 749, "image": "https://rukminim1.flixcart.com/image/280/280/jxz0brk0/nut-dry-fruit/h/9/8/500-californian-inshell-pouch-ziofit-original-imafgb4v5ygjcnk3.jpeg?q=70"}, {"id": 2279, "brand": "Ziofit", "title": "Ziofit Extra Light Kernels Walnuts", "measurement": "Combo Pack 1 + 1 Free, 200 g each", "price": 585, "image": "https://rukminim1.flixcart.com/image/280/280/jxz0brk0/nut-dry-fruit/g/5/h/200-extra-light-kernels-pouch-ziofit-original-imafgb4v7jyfch9p.jpeg?q=70"}, {"id": 2279, "brand": "Ziofit", "title": "Ziofit Golden Shaheen Dates", "measurement": "Buy 1 Get 1 (500g Each) Free", "price": 265, "image": "https://rukminim1.flixcart.com/image/280/280/jxz0brk0/nut-dry-fruit/h/h/s/500-golden-shaheen-pouch-ziofit-original-imafgb4vpgcvnpgj.jpeg?q=70"}, {"id": 2279, "brand": "Ziofit", "title": "Ziofit Indian Raisins", "measurement": "500g Zofit Almonds Free", "price": 699, "image": "https://rukminim1.flixcart.com/image/280/280/jnqcpzk0/nut-dry-fruit/b/w/g/500-indian-pouch-ziofit-original-imafacgdktr8faez.jpeg?q=70"}, {"id": 2279, "brand": "Ziofit", "title": "Ziofit Indian Cashews", "measurement": "200g Ziofit Almonds Free", "price": 435, "image": "https://rukminim1.flixcart.com/image/280/280/jxz0brk0/nut-dry-fruit/j/h/6/200-indian-pouch-ziofit-original-imafgb4vxeh7cfgc.jpeg?q=70"}]}