{"records": [{"id": 1188, "brand": "24 Mantra", "title": "24 Mantra Foxtail Millet", "measurement": "500 g", "price": 99, "image": "https://rukminim1.flixcart.com/image/280/280/jiulk7k0/grain-millet/v/t/y/500-na-foxtail-millet-24-mantra-original-imaf6jhkgwzgktku.jpeg?q=70"}, {"id": 1188, "brand": "24 Mantra", "title": "24 Mantra Ancient Grains Kodo Millet", "measurement": "500 g", "price": 99, "image": "https://rukminim1.flixcart.com/image/280/280/jp780i80/grain-millet/y/m/x/500-ancient-grains-kodo-millet-24-mantra-original-imafbhjwjjy44rnr.jpeg?q=70"}, {"id": 1188, "brand": "24 Mantra", "title": "24 Mantra Ancient Grains Little Millet", "measurement": "500 g", "price": 99, "image": "https://rukminim1.flixcart.com/image/280/280/jpr86fk0/grain-millet/6/p/n/500-ancient-grains-little-millet-24-mantra-original-imafbx76sjyz6mgs.jpeg?q=70"}, {"id": 1188, "brand": "24 Mantra", "title": "24 Mantra Ancient Grains Mixed Millet", "measurement": "500 g", "price": 99, "image": "//img1a.flixcart.com/www/linchpin/fk-cp-zion/img/placeholder_9951d0.svg"}, {"id": 1188, "brand": "24 Mantra", "title": "24 Mantra Ancient Grains Barnyard Millet", "measurement": "500 g", "price": 99, "image": "https://rukminim1.flixcart.com/image/280/280/jpr86fk0/grain-millet/j/r/y/500-ancient-grains-barnyard-millet-24-mantra-original-imafbx76ckhjfcyg.jpeg?q=70"}, {"id": 1188, "brand": "24 Mantra Organic", "title": "24 Mantra Organic Ragi Flour", "measurement": "500 g", "price": 59, "image": "https://rukminim1.flixcart.com/image/280/280/j4hc5u80/flour/u/6/z/500-organic-ragi-flour-millet-flour-24-mantra-original-imaevduhna7tuhg8.jpeg?q=70"}, {"id": 1188, "brand": "24 Mantra Organic", "title": "24 Mantra Organic Wheat Dhaliya Broken Wheat", "measurement": "500 g", "price": 45, "image": "https://rukminim1.flixcart.com/image/280/280/j9it30w0/flour/b/c/p/500-organic-wheat-daliya-rava-24-mantra-original-imaezbfgdkzyruhz.jpeg?q=70"}, {"id": 1188, "brand": "24 Mantra Organic", "title": "24 Mantra Organic Rice Flour", "measurement": "500 g", "price": 40, "image": "https://rukminim1.flixcart.com/image/280/280/j9hdn680/flour/h/s/d/500-organic-rice-flour-rice-flour-24-mantra-original-imaez9smbhsghaws.jpeg?q=70"}, {"id": 1188, "brand": "24 Mantra Organic", "title": "24 Mantra Organic Sattu", "measurement": "500 g", "price": 94, "image": "https://rukminim1.flixcart.com/image/280/280/ja9yg7k0/flour/7/s/k/500-sattu-atta-multigrain-flour-24-mantra-organic-original-imaezwfvuxxbdghd.jpeg?q=70"}, {"id": 1188, "brand": "24 Mantra Organic", "title": "24 Mantra Organic Idly Rava", "measurement": "500 g", "price": 55, "image": "https://rukminim1.flixcart.com/image/280/280/j9it30w0/flour/y/s/h/500-organic-idly-rava-rava-24-mantra-original-imaezbyzas78ae8g.jpeg?q=70"}, {"id": 1188, "brand": "24 Mantra Organic", "title": "24 Mantra Organic Whole Wheat Atta", "measurement": "5 kg", "price": 306, "image": "https://rukminim1.flixcart.com/image/280/280/j4hc5u80/flour/u/f/y/5-organic-wholewheat-atta-premium-whole-wheat-flour-24-mantra-original-imaevdrqrgjucpwh.jpeg?q=70"}, {"id": 1188, "brand": "24 Mantra Organic", "title": "24 Mantra Organic Besan", "measurement": "500 g", "price": 84, "image": "https://rukminim1.flixcart.com/image/280/280/j4hc5u80/flour/p/s/r/500-organic-besan-gram-flour-besan-24-mantra-original-imaevdrnftwrpyjt.jpeg?q=70"}, {"id": 1188, "brand": "24 Mantra Organic", "title": "24 Mantra Organic Corn Dhaliya", "measurement": "500 g", "price": 60, "image": "https://rukminim1.flixcart.com/image/280/280/j9it30w0/flour/5/q/y/500-organic-corn-daliya-soji-24-mantra-original-imaezbfgjrshhwwu.jpeg?q=70"}, {"id": 1188, "brand": "Aashirvaad", "title": "Aashirvaad Shudh Chakki Atta", "measurement": "10 kg", "price": 343, "image": "https://rukminim1.flixcart.com/image/280/280/joonafk0/flour/b/g/f/10-shudh-chakki-atta-whole-wheat-flour-aashirvaad-original-imafb3cpunufzfz6.jpeg?q=70"}, {"id": 1188, "brand": "Aashirvaad", "title": "Aashirvaad Superior MP Atta", "measurement": "10 kg", "price": 435, "image": "https://rukminim1.flixcart.com/image/280/280/j612c280/flour/b/e/2/10-superior-mp-atta-whole-wheat-flour-aashirvaad-original-imaewhy3yn5rgxy5.jpeg?q=70"}, {"id": 1188, "brand": "Aashirvaad", "title": "Aashirvaad Atta with Multigrains", "measurement": "5 kg", "price": 297, "image": "https://rukminim1.flixcart.com/image/280/280/k6qsn0w0/flour/9/g/w/5-atta-with-multigrains-multigrain-flour-aashirvaad-original-imafp4vhttkx5fj9.jpeg?q=70"}, {"id": 1188, "brand": "Aashirvaad", "title": "Aashirvaad Select Sharbati Whole Wheat Atta", "measurement": "5 kg", "price": 281, "image": "https://rukminim1.flixcart.com/image/280/280/k3erngw0/flour/c/h/g/5-atta-select-whole-wheat-flour-aashirvaad-original-imafmgdvfhhs7k7y.jpeg?q=70"}, {"id": 1188, "brand": "Aashirvaad", "title": "Aashirvaad Nature's Super Foods Multi Millet Mix", "measurement": "500 g", "price": 74, "image": "https://rukminim1.flixcart.com/image/280/280/jx3kn0w0/flour/e/v/x/500-nature-s-super-foods-multi-millet-mix-multigrain-flour-original-imafhmw9u3vtcuq8.jpeg?q=70"}, {"id": 1188, "brand": "Aashirvaad", "title": "Aashirvaad Sugar Release Control Atta", "measurement": "5 kg", "price": 301, "image": "https://rukminim1.flixcart.com/image/280/280/jbcjc7k0/flour/b/v/r/5-sugar-release-control-atta-whole-wheat-flour-aashirvaad-original-imafypvjcpxjaucr.jpeg?q=70"}, {"id": 1188, "brand": "Double Horse", "title": "Double Horse Roasted Rice Flour", "measurement": "500 g", "price": 54, "image": "https://rukminim1.flixcart.com/image/280/280/j4hc5u80/flour/a/y/c/500-appam-iddiyappam-pathiri-rice-flour-rice-flour-double-horse-original-imaevds78mkgjq8p.jpeg?q=70"}, {"id": 1188, "brand": "Double Horse", "title": "Double Horse Chemba Puttupodi", "measurement": "500 g", "price": 74, "image": "https://rukminim1.flixcart.com/image/280/280/j4fwpzk0/flour/9/a/h/500-chemba-puttu-podi-rice-flour-double-horse-original-imaevajwbgr5kk2m.jpeg?q=70"}, {"id": 1188, "brand": "Double Horse", "title": "Double Horse Semolina Roasted Rava", "measurement": "1 kg", "price": 120, "image": "https://rukminim1.flixcart.com/image/280/280/j4eha4w0/flour/y/f/h/1-roasted-rava-soji-double-horse-original-imaevahx3gwhsk2y.jpeg?q=70"}, {"id": 1188, "brand": "Double Horse", "title": "Double Horse Ragi Puttupodi", "measurement": "500 g", "price": 64, "image": "https://rukminim1.flixcart.com/image/280/280/ji0lbbk0/flour/z/x/f/500-ragi-puttu-podi-millet-flour-double-horse-original-imaf5xfu6pcrbvgd.jpeg?q=70"}, {"id": 1188, "brand": "Double Horse", "title": "Double Horse Samba Broken Wheat Broken Wheat", "measurement": "500 g", "price": 103, "image": "https://rukminim1.flixcart.com/image/280/280/j4hc5u80/flour/r/h/g/500-samba-wheat-broken-soji-double-horse-original-imaevakj85ghjbtd.jpeg?q=70"}, {"id": 1188, "brand": "Double Horse", "title": "Double Horse Samba Wheat Broken-Fine Broken Wheat", "measurement": "500 g", "price": 105, "image": "https://rukminim1.flixcart.com/image/280/280/jd3epow0/flour/9/s/z/500-samba-wheat-rava-soji-double-horse-original-imaf22xmvdswgptz.jpeg?q=70"}, {"id": 1188, "brand": "Flipkart Supermart Select", "title": "Flipkart Supermart Select Refined Wheat Flour (Maida)", "measurement": "1 kg", "price": 55, "image": "https://rukminim1.flixcart.com/image/280/280/k6jnfrk0/flour/f/y/3/1-refined-wheat-flour-maida-maida-flipkart-supermart-select-original-imafzzg47ganhzrh.jpeg?q=70"}, {"id": 1188, "brand": "Flipkart Supermart Select", "title": "Flipkart Supermart Select Idly Rawa", "measurement": "1 kg", "price": 53, "image": "https://rukminim1.flixcart.com/image/280/280/k7285u80/flour/m/w/q/1-idly-rawa-rava-flipkart-supermart-select-original-imafpdsyhxfn638r.jpeg?q=70"}, {"id": 1188, "brand": "Flipkart Supermart Select", "title": "Flipkart Supermart Select Medium Sago", "measurement": "1 kg", "price": 113, "image": "https://rukminim1.flixcart.com/image/280/280/k7jdg280/grain-millet/g/s/p/1-medium-sago-flipkart-supermart-select-original-imafpr5zywqrq2pg.jpeg?q=70"}, {"id": 1188, "brand": "Flipkart Supermart Select", "title": "Flipkart Supermart Select Sooji/Rava", "measurement": "500 g", "price": 24, "image": "https://rukminim1.flixcart.com/image/280/280/k6jnfrk0/flour/g/y/p/500-sooji-rava-rava-flipkart-supermart-select-original-imafzzg46d6q2w6d.jpeg?q=70"}, {"id": 1188, "brand": "Flipkart Supermart Select", "title": "Flipkart Supermart Select Besan", "measurement": "1 kg", "price": 85, "image": "https://rukminim1.flixcart.com/image/280/280/k7jdg280/flour/c/w/h/1-besan-besan-flipkart-supermart-select-original-imafpr5ykqzy85df.jpeg?q=70"}, {"id": 1188, "brand": "Flipkart Supermart Select", "title": "Flipkart Supermart Select Small / Nylon Sago", "measurement": "1 kg", "price": 117, "image": "https://rukminim1.flixcart.com/image/280/280/k3rmm4w0/grain-millet/q/h/u/1-small-nylon-sago-flipkart-supermart-select-original-imafmtkm8m9pwcwz.jpeg?q=70"}, {"id": 1188, "brand": "Flipkart Supermart Select", "title": "Flipkart Supermart Select Rice Flour", "measurement": "1 kg", "price": 47, "image": "https://rukminim1.flixcart.com/image/280/280/k70spzk0/flour/f/4/b/1-rice-flour-rice-flour-flipkart-supermart-select-original-imafpck62gm6p8rc.jpeg?q=70"}, {"id": 1188, "brand": "Flipkart Supermart Select", "title": "Flipkart Supermart Select Wheat Flour (Atta)", "measurement": "5 kg", "price": 169, "image": "https://rukminim1.flixcart.com/image/280/280/k7xnukw0/flour/m/3/6/5-whole-wheat-atta-whole-wheat-flour-flipkart-supermart-select-original-imafq2b5pupkfts2.jpeg?q=70"}, {"id": 1188, "brand": "Flipkart Supermart Select", "title": "Flipkart Supermart Select Jowar Flour", "measurement": "500 g", "price": 31, "image": "https://rukminim1.flixcart.com/image/280/280/k7jdg280/flour/2/w/n/500-jowar-flour-jowar-flour-flipkart-supermart-select-original-imafpr5y9xdmggbx.jpeg?q=70"}, {"id": 1188, "brand": "Flipkart Supermart Select", "title": "Flipkart Supermart Select Ragi Flour", "measurement": "500 g", "price": 31, "image": "https://rukminim1.flixcart.com/image/280/280/k7285u80/flour/s/6/e/500-ragi-flour-ragi-flour-flipkart-supermart-select-original-imafpdsyncpu4cjb.jpeg?q=70"}, {"id": 1188, "brand": "Flipkart Supermart Select", "title": "Flipkart Supermart Select Ragi", "measurement": "500 g", "price": 35, "image": "https://rukminim1.flixcart.com/image/280/280/jyg5lzk0/grain-millet/3/u/4/500-na-ragi-flipkart-supermart-select-original-imafgpfbcp35wfsa.jpeg?q=70"}, {"id": 1188, "brand": "Flipkart Supermart Select", "title": "Flipkart Supermart Select Big Sago", "measurement": "1 kg", "price": 156, "image": "https://rukminim1.flixcart.com/image/280/280/k7jdg280/grain-millet/v/z/f/1-big-sago-flipkart-supermart-select-original-imafpr5znhxuhhgh.jpeg?q=70"}, {"id": 1188, "brand": "Flipkart Supermart Select", "title": "Flipkart Supermart Select Maize Flour", "measurement": "500 g", "price": 40, "image": "https://rukminim1.flixcart.com/image/280/280/k7jdg280/flour/k/n/c/500-maize-flour-corn-flour-flipkart-supermart-select-original-imafpr5zwzykr4vk.jpeg?q=70"}, {"id": 1188, "brand": "Flipkart Supermart Select", "title": "Flipkart Supermart Select Bajra", "measurement": "1 kg", "price": 51, "image": "https://rukminim1.flixcart.com/image/280/280/k7285u80/grain-millet/f/g/h/1-bajra-pearl-millet-flipkart-supermart-select-original-imafpdsyvfxhjpfp.jpeg?q=70"}, {"id": 1188, "brand": "Flipkart Supermart Select", "title": "Flipkart Supermart Select Chiroti Rawa", "measurement": "1 kg", "price": 40, "image": "https://rukminim1.flixcart.com/image/280/280/k7285u80/flour/5/h/b/1-chiroti-rawa-rava-flipkart-supermart-select-original-imafpdsy5ggctb7w.jpeg?q=70"}, {"id": 1188, "brand": "Flipkart Supermart Select", "title": "Flipkart Supermart Select Jowar", "measurement": "500 g", "price": 48, "image": "https://rukminim1.flixcart.com/image/280/280/k40798w0/grain-millet/z/y/k/500-na-jowar-flipkart-supermart-select-original-imafnymc8thghdzk.jpeg?q=70"}, {"id": 1188, "brand": "India Gate", "title": "India Gate Quinoa", "measurement": "200 g", "price": 90, "image": "https://rukminim1.flixcart.com/image/280/280/k0wqwsw0/grain-millet/e/b/f/200-na-quinoa-india-gate-original-imafkhqs7gc9m8rm.jpeg?q=70"}, {"id": 1188, "brand": "Manna", "title": "Manna Multi Millet Atta", "measurement": "1 kg", "price": 87, "image": "https://rukminim1.flixcart.com/image/280/280/k1l1ea80/flour/f/3/2/1-multi-grain-atta-whole-wheat-flour-manna-original-imafh4bzfuepjtkd.jpeg?q=70"}, {"id": 1188, "brand": "Manna", "title": "Manna Ethnic Foxtail Millet", "measurement": "500 g", "price": 76, "image": "https://rukminim1.flixcart.com/image/280/280/j3orcsw0/grain-millet/9/g/w/500-manna-foxtail-millet-foxtail-millet-manna-original-imaeuqnnsqgpuj7f.jpeg?q=70"}, {"id": 1188, "brand": "Manna", "title": "Manna Ethnic Proso Millet", "measurement": "500 g", "price": 85, "image": "https://rukminim1.flixcart.com/image/280/280/j3orcsw0/grain-millet/3/t/g/500-manna-proso-millet-proso-millet-manna-original-imaeuqnj8qeb6ggz.jpeg?q=70"}, {"id": 1188, "brand": "Master Cook", "title": "Master Cook Dalia", "measurement": "1 kg", "price": 52, "image": "https://rukminim1.flixcart.com/image/280/280/j4hc5u80/flour/b/e/2/1-dalia-soji-master-cook-original-imaevdscutnahv3r.jpeg?q=70"}, {"id": 1188, "brand": "Organic Tattva", "title": "Organic Tattva Whole Wheat Flour (Chakki Atta)", "measurement": "5 kg", "price": 209, "image": "https://rukminim1.flixcart.com/image/280/280/k55n0y80/flour/p/d/d/5-whole-wheat-flour-chakki-atta-whole-wheat-flour-organic-tattva-original-imafnwacqdy6xmfe.jpeg?q=70"}, {"id": 1188, "brand": "Organic Tattva", "title": "Organic Tattva Wheat Dalia Broken Wheat", "measurement": "500 g", "price": 46, "image": "https://rukminim1.flixcart.com/image/280/280/jn97frk0/flour/y/w/t/500-organic-wheat-dalia-rava-organic-tattva-original-imaf9zhnbg3aeffp.jpeg?q=70"}, {"id": 1188, "brand": "Organic Tattva", "title": "Organic Tattva Super Grains Quinoa", "measurement": "500 g", "price": 232, "image": "https://rukminim1.flixcart.com/image/280/280/jms25jk0-1/grain-millet/7/x/u/500-organic-quinoa-quinoa-organic-tattva-original-imaf9meqh7zgnphn.jpeg?q=70"}, {"id": 1188, "brand": "Organic Tattva", "title": "Organic Tattva Besan", "measurement": "500 g", "price": 85, "image": "//img1a.flixcart.com/www/linchpin/fk-cp-zion/img/placeholder_9951d0.svg"}, {"id": 1188, "brand": "Organic Tattva", "title": "Organic Tattva Super Grains Foxtail Millet", "measurement": "500 g", "price": 102, "image": "https://rukminim1.flixcart.com/image/280/280/jm0wscw0/grain-millet/h/9/r/500-super-grains-foxtail-millet-organic-tattva-original-imaf9yxdjmmknavr.jpeg?q=70"}, {"id": 1188, "brand": "Origo Choice", "title": "Origo Choice Sihore Whole Wheat", "measurement": "5 kg", "price": 231, "image": "https://rukminim1.flixcart.com/image/280/280/jjn6d8w0/grain-millet/r/u/x/5-sihore-whole-wheat-origo-choice-original-imaf76ge4c5fvxqz.jpeg?q=70"}, {"id": 1188, "brand": "Origo Fresh", "title": "Origo Fresh Bansi Rava", "measurement": "1 kg", "price": 60, "image": "https://rukminim1.flixcart.com/image/280/280/jcatwnk0/flour/a/d/u/1-bansi-sooji-rava-origo-fresh-original-imaffgqstg7eebmx.jpeg?q=70"}, {"id": 1188, "brand": "Origo Fresh", "title": "Origo Fresh Corn Flour", "measurement": "500 g", "price": 40, "image": "https://rukminim1.flixcart.com/image/280/280/jb2j98w0/flour/m/v/t/500-corn-flour-corn-flour-origo-fresh-original-imafygjr8hr3k8yn.jpeg?q=70"}, {"id": 1188, "brand": "Origo Fresh", "title": "Origo Fresh Barley", "measurement": "200 g", "price": 22, "image": "https://rukminim1.flixcart.com/image/280/280/jjylw280/grain-millet/s/y/z/200-na-barley-origo-fresh-original-imaf7ffwupqvzkzj.jpeg?q=70"}, {"id": 1188, "brand": "Origo Fresh", "title": "Origo Fresh Foxtail Millet", "measurement": "500 g", "price": 53, "image": "https://rukminim1.flixcart.com/image/280/280/jialea80/grain-millet/f/j/c/500-na-foxtail-millet-origo-fresh-original-imaf64gzt4yyjugz.jpeg?q=70"}, {"id": 1188, "brand": "Origo Fresh", "title": "Origo Fresh Kodo Millet", "measurement": "500 g", "price": 47, "image": "https://rukminim1.flixcart.com/image/280/280/jialea80/grain-millet/m/h/w/500-na-kodo-millet-origo-fresh-original-imaf64gzgt6rrxde.jpeg?q=70"}, {"id": 1188, "brand": "Origo Fresh", "title": "Origo Fresh Little Millet", "measurement": "500 g", "price": 48, "image": "https://rukminim1.flixcart.com/image/280/280/jialea80/grain-millet/d/j/r/500-na-little-millet-origo-fresh-original-imaf64jynxdmdum9.jpeg?q=70"}, {"id": 1188, "brand": "Origo Fresh", "title": "Origo Fresh Barnyard Millet", "measurement": "500 g", "price": 53, "image": "https://rukminim1.flixcart.com/image/280/280/jialea80/grain-millet/v/u/z/500-na-barnyard-millet-origo-fresh-original-imaf64jymhge2ctx.jpeg?q=70"}, {"id": 1188, "brand": "Origo Fresh", "title": "Origo Fresh Soy Bean Flour", "measurement": "500 g", "price": 52, "image": "https://rukminim1.flixcart.com/image/280/280/jfbfde80/flour/h/a/x/500-soyabean-flour-soy-bean-flour-origo-fresh-original-imaf3tgwqmurdqsz.jpeg?q=70"}, {"id": 1188, "brand": "Patanjali", "title": "Patanjali Whole Wheat Atta", "measurement": "10 kg", "price": 425, "image": "https://rukminim1.flixcart.com/image/280/280/jox7xjk0/flour/4/n/n/10-whole-wheat-atta-whole-wheat-flour-patanjali-original-imafb9qfgbk5fpyh.jpeg?q=70"}, {"id": 1188, "brand": "Pillsbury", "title": "Pillsbury Chakki Fresh Atta", "measurement": "10 kg", "price": 417, "image": "https://rukminim1.flixcart.com/image/280/280/k8xduvk0/flour/d/a/6/10-chakki-fresh-atta-whole-wheat-flour-pillsbury-original-imafqufycekhugqh.jpeg?q=70"}, {"id": 1188, "brand": "Pillsbury", "title": "Pillsbury Atta with Multigrains", "measurement": "5 kg", "price": 272, "image": "https://rukminim1.flixcart.com/image/280/280/k8xduvk0/flour/t/z/j/5-atta-with-multigrains-multigrain-flour-pillsbury-original-imafqufycnt6vzzj.jpeg?q=70"}, {"id": 1188, "brand": "Pro Nature Organic", "title": "Pro Nature Organic Quinoa", "measurement": "500 g", "price": 287, "image": "https://rukminim1.flixcart.com/image/280/280/jjhglu80/grain-millet/4/d/h/500-quinoa-quinoa-pro-nature-original-imaf7fug5zwgntgb.jpeg?q=70"}, {"id": 1188, "brand": "Roxy Gold", "title": "Roxy Gold Maida", "measurement": "1 kg", "price": 45, "image": "https://rukminim1.flixcart.com/image/280/280/j9n3ekw0/flour/y/q/x/500-maida-maida-roxy-gold-original-imaezavpvfhpnkhp.jpeg?q=70"}, {"id": 1188, "brand": "Roxy Gold", "title": "Roxy Gold Suji / Bombay Rava", "measurement": "1 kg", "price": 43, "image": "https://rukminim1.flixcart.com/image/280/280/j9it30w0/flour/s/n/p/1-roasted-suji-rava-surya-gold-original-imaezavpnzzghbjt.jpeg?q=70"}, {"id": 1188, "brand": "Roxy Gold", "title": "Roxy Gold Chakki Atta", "measurement": "5 kg", "price": 176, "image": "https://rukminim1.flixcart.com/image/280/280/jtoorrk0/flour/n/z/h/5-chakki-atta-whole-wheat-flour-roxy-gold-original-imafeyx6zhydvyhj.jpeg?q=70"}, {"id": 1188, "brand": "Safe Harvest", "title": "Safe Harvest Wheat Daliya Broken Wheat", "measurement": "500 g", "price": 39, "image": "https://rukminim1.flixcart.com/image/280/280/jtx9evk0/flour/d/p/j/500-wheat-daliya-broken-wheat-safe-harvest-original-imaff5ruub9gzaxf.jpeg?q=70"}, {"id": 1188, "brand": "Safe Harvest", "title": "Safe Harvest Roasted Sooji", "measurement": "500 g", "price": 45, "image": "https://rukminim1.flixcart.com/image/280/280/jiyvvrk0/flour/x/z/j/500-soji-soji-safe-harvest-original-imaf6nhfzatcshhz.jpeg?q=70"}, {"id": 1188, "brand": "Safe Harvest", "title": "Safe Harvest Whole Wheat Atta", "measurement": "5 kg", "price": 247, "image": "https://rukminim1.flixcart.com/image/280/280/jgffp8w0/flour/f/s/f/5-whole-wheat-atta-whole-wheat-flour-safe-harvest-original-imaf4z4mx7xxy39z.jpeg?q=70"}, {"id": 1188, "brand": "Tata Sampann", "title": "Tata Sampann Fine Besan", "measurement": "1 kg", "price": 93, "image": "https://rukminim1.flixcart.com/image/280/280/jjiw1ow0/flour/p/n/k/1-fine-besan-besan-tata-sampann-original-imaf738xfx9hxphz.jpeg?q=70"}, {"id": 1188, "brand": "Vijay", "title": "Vijay Rice Flour", "measurement": "1 kg", "price": 43, "image": "https://rukminim1.flixcart.com/image/280/280/j4hc5u80/flour/d/y/b/1-rice-flour-rice-flour-vijay-original-imaevdskwjbah8jf.jpeg?q=70"}, {"id": 1188, "brand": "Vijay", "title": "Vijay Ragi Flour", "measurement": "1 kg", "price": 41, "image": "https://rukminim1.flixcart.com/image/280/280/jm81zm80/flour/8/j/g/1-ragi-flour-millet-flour-vijay-original-imaf96ghyftnd3fb.jpeg?q=70"}, {"id": 1188, "brand": "Vijay", "title": "Vijay Raw Rice Idli/Upma Soji (Akki Tari)", "measurement": "1 kg", "price": 41, "image": "https://rukminim1.flixcart.com/image/280/280/jkbguq80/flour/g/f/b/1-raw-rice-idli-upma-soji-akki-tari-soji-vijay-original-imaf7zvvyccpnmzj.jpeg?q=70"}]}