{"records": [{"id": 1912, "brand": "24 Mantra Organic", "title": "24 Mantra Organic Broken Sona Masoori Rice", "measurement": "1 kg", "price": 55, "image": "https://rukminim1.flixcart.com/image/280/280/j9yixe80/rice/u/q/n/1-broken-white-sona-masoori-rice-pouch-24-mantra-organic-original-imaezhzfhztgzjgp.jpeg?q=70"}, {"id": 1912, "brand": "24 Mantra Organic", "title": "24 Mantra Organic Red Poha", "measurement": "500 g", "price": 74, "image": "https://rukminim1.flixcart.com/image/280/280/j9it30w0/rice/v/u/k/500-organic-red-poha-vacuum-pack-24-mantra-original-imaezazxghpbcvqt.jpeg?q=70"}, {"id": 1912, "brand": "24 Mantra Organic", "title": "24 Mantra Organic Brown Sona Masoori Rice", "measurement": "5 kg", "price": 470, "image": "https://rukminim1.flixcart.com/image/280/280/j9st5zk0/rice/k/r/9/5-na-brown-sona-masoori-rice-vacuum-pack-24-mantra-organic-original-imaezg6ncjqhrgrq.jpeg?q=70"}, {"id": 1912, "brand": "24 Mantra Organic", "title": "24 Mantra Organic Red Rice", "measurement": "1 kg", "price": 118, "image": "//img1a.flixcart.com/www/linchpin/fk-cp-zion/img/placeholder_9951d0.svg"}, {"id": 1912, "brand": "24 Mantra Organic", "title": "24 Mantra Organic Idly Rice (Small Grain)", "measurement": "1 kg", "price": 97, "image": "https://rukminim1.flixcart.com/image/280/280/j9it30w0/rice/z/u/g/1-organic-white-idly-rice-vacuum-pack-24-mantra-original-imaezazxuhwxvmjb.jpeg?q=70"}, {"id": 1912, "brand": "24 Mantra Organic", "title": "24 Mantra Organic Hand Pounded Semi Brown Sona Masoori Rice", "measurement": "5 kg", "price": 470, "image": "https://rukminim1.flixcart.com/image/280/280/j9st5zk0/rice/g/m/h/5-hand-pounded-semi-brown-sona-masoori-rice-vacuum-pack-24-original-imaezg6nyjknjzht.jpeg?q=70"}, {"id": 1912, "brand": "24 Mantra Organic", "title": "24 Mantra Organic Poha", "measurement": "500 g", "price": 67, "image": "https://rukminim1.flixcart.com/image/280/280/j9it30w0/rice/q/a/e/500-organic-white-poha-vacuum-pack-24-mantra-original-imaezby6n8dmnfj8.jpeg?q=70"}, {"id": 1912, "brand": "24 Mantra Organic", "title": "24 Mantra Organic Basmati Rice (Medium Grain)", "measurement": "1 kg", "price": 217, "image": "https://rukminim1.flixcart.com/image/280/280/ja73ki80/rice/y/z/g/1-na-white-basmati-rice-pouch-24-mantra-organic-original-imaezqr5684c9hsf.jpeg?q=70"}, {"id": 1912, "brand": "Bemisal", "title": "Bemisal Mother's Choice Basmati Rice (Broken Grain)", "measurement": "5 kg", "price": 264, "image": "https://rukminim1.flixcart.com/image/280/280/k0wqwsw0/rice/j/e/v/5-white-mother-s-choice-basmati-rice-bag-bemisal-original-imafkhqtn4qtzmxz.jpeg?q=70"}, {"id": 1912, "brand": "Bemisal", "title": "Bemisal Shahi Pakwan Premium Parmal Rice (Medium Grain)", "measurement": "5 kg", "price": 247, "image": "https://rukminim1.flixcart.com/image/280/280/j65cnm80/rice/w/g/h/5-white-shahi-pakwan-premium-sona-masoori-rice-vacuum-pack-original-imaewzj3gqq4wfy5.jpeg?q=70"}, {"id": 1912, "brand": "Bongo Bhog", "title": "Bongo Bhog Royal Baskati Rice (Long Grain, Parboiled)", "measurement": "5 kg", "price": 397, "image": "https://rukminim1.flixcart.com/image/280/280/jvwpfgw0/rice/n/d/y/5-banskati-white-long-grain-rice-bag-bongo-bhog-original-imafgpfunxu6ggaz.jpeg?q=70"}, {"id": 1912, "brand": "Bongo Bhog", "title": "Bongo Bhog Aromatic Gobindobhog Rice (Small Grain, Raw)", "measurement": "5 kg", "price": 587, "image": "https://rukminim1.flixcart.com/image/280/280/jvqzo280/rice/a/z/e/5-aromatic-govindbhog-white-bag-raw-rice-bongo-bhog-original-imafgkgfh6epjs4h.jpeg?q=70"}, {"id": 1912, "brand": "Bongo Bhog", "title": "Bongo Bhog Premium Minikit Rice (Long Grain, Parboiled)", "measurement": "5 kg", "price": 329, "image": "https://rukminim1.flixcart.com/image/280/280/jvwpfgw0/rice/e/f/j/5-premium-minikit-white-minicate-rice-bag-bongo-bhog-original-imafgpfrhgqdztea.jpeg?q=70"}, {"id": 1912, "brand": "Daawat", "title": "Daawat Premium Sona Masoori Rice", "measurement": "10 kg", "price": 598, "image": "https://rukminim1.flixcart.com/image/280/280/jjolt3k0/rice/j/s/b/10-sona-masoori-white-basmati-rice-pouch-daawat-original-imaf77zfjxcf7uy7.jpeg?q=70"}, {"id": 1912, "brand": "Daawat", "title": "Daawat Pulav Basmati Rice (Long Grain)", "measurement": "1 kg", "price": 107, "image": "https://rukminim1.flixcart.com/image/280/280/jqe38280/rice/n/c/k/1-white-pulav-basmati-rice-pouch-daawat-original-imafcezmyyjhhmbc.jpeg?q=70"}, {"id": 1912, "brand": "Daawat", "title": "Daawat Rozana Super Basmati Rice (Medium Grain)", "measurement": "5 kg", "price": 345, "image": "https://rukminim1.flixcart.com/image/280/280/jqe38280/rice/n/u/9/5-white-rozana-super-basmati-rice-bag-daawat-original-imafcezhbu3hemw2.jpeg?q=70"}, {"id": 1912, "brand": "Daawat", "title": "Daawat Rozana Mini Mogra Basmati Rice (Broken Grain)", "measurement": "10 kg", "price": 442, "image": "//img1a.flixcart.com/www/linchpin/fk-cp-zion/img/placeholder_9951d0.svg"}, {"id": 1912, "brand": "Daawat", "title": "Daawat Super Basmati Rice (Long Grain)", "measurement": "25% Extra in Pack", "price": 734, "image": "https://rukminim1.flixcart.com/image/280/280/jqe38280/rice/n/e/h/5-white-super-basmati-rice-bag-daawat-original-imafcezmhn9k7yhm.jpeg?q=70"}, {"id": 1912, "brand": "Daawat", "title": "Daawat Rozana Gold Basmati Rice (Medium Grain)", "measurement": "5 kg", "price": 390, "image": "https://rukminim1.flixcart.com/image/280/280/jqe38280/rice/p/s/q/5-white-rozana-gold-basmati-rice-bag-daawat-original-imafcezm6u8srgjx.jpeg?q=70"}, {"id": 1912, "brand": "Daawat", "title": "Daawat Brown Basmati Rice", "measurement": "5 kg", "price": 634, "image": "https://rukminim1.flixcart.com/image/280/280/jqe38280/rice/e/p/u/5-brown-na-basmati-rice-bag-daawat-original-imafcezmnarpmhwu.jpeg?q=70"}, {"id": 1912, "brand": "Daawat", "title": "Daawat Devaaya Basmati Rice (Medium Grain)", "measurement": "5 kg", "price": 447, "image": "https://rukminim1.flixcart.com/image/280/280/jqe38280/rice/b/a/z/5-white-devaaya-basmati-rice-bag-daawat-original-imafcezmk5dgccwd.jpeg?q=70"}, {"id": 1912, "brand": "Daawat", "title": "Daawat Rozana Mogra Basmati Rice (Broken Grain)", "measurement": "10 kg", "price": 573, "image": "https://rukminim1.flixcart.com/image/280/280/jqe38280/rice/v/r/y/10-white-rozana-mogra-basmati-rice-pouch-daawat-original-imafcezmbpq5v2qh.jpeg?q=70"}, {"id": 1912, "brand": "Daawat", "title": "Daawat Biryani Basmati Rice (Long Grain)", "measurement": "5 kg", "price": 914, "image": "https://rukminim1.flixcart.com/image/280/280/jqe38280/rice/z/p/z/5-white-biryani-basmati-rice-bag-daawat-original-imafcezhuckhtgr4.jpeg?q=70"}, {"id": 1912, "brand": "Daawat", "title": "Daawat Traditional Basmati Rice (Long Grain)", "measurement": "5 kg", "price": 911, "image": "https://rukminim1.flixcart.com/image/280/280/jqe38280/rice/z/p/b/5-white-traditional-basmati-rice-bag-daawat-original-imafcezm4g2mrnez.jpeg?q=70"}, {"id": 1912, "brand": "Daawat", "title": "Daawat Dubar Basmati Rice (Medium Grain)", "measurement": "5 kg", "price": 510, "image": "https://rukminim1.flixcart.com/image/280/280/jqe38280/rice/f/y/m/5-white-dubar-basmati-rice-bag-daawat-original-imafcezhggmcwzg5.jpeg?q=70"}, {"id": 1912, "brand": "Double Horse", "title": "Double Horse Vadi Matta Brown Jyothi Rice (Long Grain, Boiled)", "measurement": "5 kg", "price": 377, "image": "https://rukminim1.flixcart.com/image/280/280/j4sronk0/rice/2/u/t/5-brown-double-horse-vadi-matta-jyothi-rice-vacuum-pack-double-original-imaevmgn8wvjju88.jpeg?q=70"}, {"id": 1912, "brand": "Elina", "title": "Elina Rice (Long Grain)", "measurement": "5 kg", "price": 316, "image": "https://rukminim1.flixcart.com/image/280/280/jqe38280/rice/h/e/r/5-white-na-plain-rice-bag-elina-original-imafcezmq2t8hpw8.jpeg?q=70"}, {"id": 1912, "brand": "Flipkart Supermart Select", "title": "Flipkart Supermart Select Super Premium Sona Masoori Rice (Raw)", "measurement": "10 kg", "price": 560, "image": "https://rukminim1.flixcart.com/image/280/280/k7gikcw0/rice/3/4/j/10-white-super-premium-sona-masoori-rice-bag-flipkart-supermart-original-imafpzz3jmhxwg2y.jpeg?q=70"}, {"id": 1912, "brand": "Flipkart Supermart Select", "title": "Flipkart Supermart Select Long Grain Rice (Long Grain, Polished)", "measurement": "5 kg", "price": 285, "image": "https://rukminim1.flixcart.com/image/280/280/k8t3jbk0/rice/u/x/k/5-white-long-grain-basmati-rice-pouch-flipkart-supermart-select-original-imafqqjbcjfdk5my.jpeg?q=70"}, {"id": 1912, "brand": "Flipkart Supermart Select", "title": "Flipkart Supermart Select Ponni Rice (Raw)", "measurement": "1 kg", "price": 99, "image": "https://rukminim1.flixcart.com/image/280/280/k7285u80/rice/y/j/b/1-white-na-ponni-rice-pouch-flipkart-supermart-select-original-imafpdsfezge8jfz.jpeg?q=70"}, {"id": 1912, "brand": "Flipkart Supermart Select", "title": "Flipkart Supermart Select Brown Rice", "measurement": "5 kg", "price": 285, "image": "//img1a.flixcart.com/www/linchpin/fk-cp-zion/img/placeholder_9951d0.svg"}, {"id": 1912, "brand": "Flipkart Supermart Select", "title": "Flipkart Supermart Select Jeera Samba Rice (Small Grain, Raw)", "measurement": "1 kg", "price": 126, "image": "https://rukminim1.flixcart.com/image/280/280/k7ksvww0/rice/7/v/f/1-white-raw-jeera-samba-rice-pouch-flipkart-supermart-select-original-imafps7vrza2xem9.jpeg?q=70"}, {"id": 1912, "brand": "Flipkart Supermart Select", "title": "Flipkart Supermart Select Dosa Rice", "measurement": "2 kg", "price": 97, "image": "https://rukminim1.flixcart.com/image/280/280/k7ksvww0/rice/a/f/f/2-white-na-dosa-rice-pouch-flipkart-supermart-select-original-imafps7v4sepqs5g.jpeg?q=70"}, {"id": 1912, "brand": "Flipkart Supermart Select", "title": "Flipkart Supermart Select Idli Rice", "measurement": "2 kg", "price": 123, "image": "https://rukminim1.flixcart.com/image/280/280/k7ksvww0/rice/p/q/y/2-white-na-idli-rice-pouch-flipkart-supermart-select-original-imafps7vfuyvqskx.jpeg?q=70"}, {"id": 1912, "brand": "Flipkart Supermart Select", "title": "Flipkart Supermart Select Kolam Rice (Raw)", "measurement": "10 kg", "price": 665, "image": "https://rukminim1.flixcart.com/image/280/280/k8q8nm80/rice/a/c/f/10-white-na-hmt-rice-bag-flipkart-supermart-select-original-imafqzcpgcmxwugq.jpeg?q=70"}, {"id": 1912, "brand": "Flipkart Supermart Select", "title": "Flipkart Supermart Select Ponni Rice (Boiled)", "measurement": "1 kg", "price": 54, "image": "https://rukminim1.flixcart.com/image/280/280/k7ksvww0/rice/f/8/r/1-white-boiled-ponni-rice-pouch-flipkart-supermart-select-original-imafps7vzpvntfcc.jpeg?q=70"}, {"id": 1912, "brand": "Flipkart Supermart Select", "title": "Flipkart Supermart Select Sona Masoori Rice (Steam)", "measurement": "5 kg", "price": 243, "image": "https://rukminim1.flixcart.com/image/280/280/k7ksvww0/rice/x/g/g/5-white-steam-sona-masoori-rice-pouch-flipkart-supermart-select-original-imafps7vtzc5aemk.jpeg?q=70"}, {"id": 1912, "brand": "Flipkart Supermart Select", "title": "Flipkart Supermart Select Kerala Red Boiled Rice (Boiled)", "measurement": "1 kg", "price": 81, "image": "https://rukminim1.flixcart.com/image/280/280/k7ksvww0/rice/3/e/8/1-red-kerala-boiled-rice-pouch-flipkart-supermart-select-original-imafps7vgqmsbjnv.jpeg?q=70"}, {"id": 1912, "brand": "Flipkart Supermart Select", "title": "Flipkart Supermart Select Premium Basmati Rice (Long Grain, Polished)", "measurement": "1 kg", "price": 80, "image": "https://rukminim1.flixcart.com/image/280/280/k8t3jbk0/rice/t/z/j/1-white-premium-basmati-rice-pouch-flipkart-supermart-select-original-imafqqjhmefs2ajy.jpeg?q=70"}, {"id": 1912, "brand": "Flipkart Supermart Select", "title": "Flipkart Supermart Select Kolam Rice (Raw)", "measurement": "5 kg", "price": 359, "image": "https://rukminim1.flixcart.com/image/280/280/k7ksvww0/rice/4/r/d/1-white-raw-kolam-rice-pouch-flipkart-supermart-select-original-imafps7vwrvxrg6p.jpeg?q=70"}, {"id": 1912, "brand": "Flipkart Supermart Select", "title": "Flipkart Supermart Select HMT Rice (Raw)", "measurement": "10 kg", "price": 585, "image": "https://rukminim1.flixcart.com/image/280/280/k8q8nm80/rice/a/c/f/10-white-na-hmt-rice-bag-flipkart-supermart-select-original-imafqzcpgcmxwugq.jpeg?q=70"}, {"id": 1912, "brand": "Flipkart Supermart Select", "title": "Flipkart Supermart Select HMT Rice (Raw)", "measurement": "5 kg", "price": 300, "image": "https://rukminim1.flixcart.com/image/280/280/jiklh8w0/rice/w/7/n/1-raw-white-hmt-rice-pouch-flipkart-supermart-select-original-imaf6bh2nf6zj3zx.jpeg?q=70"}, {"id": 1912, "brand": "Fortune", "title": "Fortune Everyday Hamesha Basmati Rice (Broken Grain, Steam)", "measurement": "5 kg", "price": 300, "image": "https://rukminim1.flixcart.com/image/280/280/k7c88sw0/rice/z/m/w/5-white-everyday-hamesha-basmati-rice-bag-fortune-original-imafphkkptdefkfx.jpeg?q=70"}, {"id": 1912, "brand": "Fortune", "title": "Fortune Rozana Basmati Rice (Medium Grain)", "measurement": "5 kg", "price": 324, "image": "https://rukminim1.flixcart.com/image/280/280/k7c88sw0/rice/h/h/b/5-white-rozana-basmati-rice-bag-fortune-original-imafphkjvy6frtms.jpeg?q=70"}, {"id": 1912, "brand": "Fortune", "title": "Fortune Everyday Basmati Rice", "measurement": "5 kg", "price": 237, "image": "https://rukminim1.flixcart.com/image/280/280/k9k8wi80/rice/n/z/a/5-white-everyday-basmati-rice-vacuum-pack-fortune-original-imafrbggygydjgvc.jpeg?q=70"}, {"id": 1912, "brand": "Fortune", "title": "Fortune Supreme Sona Masoori Rice", "measurement": "5 kg", "price": 292, "image": "https://rukminim1.flixcart.com/image/280/280/jy3anbk0/rice/a/z/a/5-white-supreme-sona-masoori-rice-bag-fortune-original-imafgac3awvw9knj.jpeg?q=70"}, {"id": 1912, "brand": "Fortune", "title": "Fortune Biryani Special Basmati Rice (Long Grain)", "measurement": "5 kg", "price": 567, "image": "https://rukminim1.flixcart.com/image/280/280/k7c88sw0/rice/j/n/p/5-white-biryani-special-basmati-rice-bag-fortune-original-imafphkjjfzwkajn.jpeg?q=70"}, {"id": 1912, "brand": "Fortune", "title": "Fortune Biryani Classic Premium Basmati Rice", "measurement": "5 kg", "price": 765, "image": "https://rukminim1.flixcart.com/image/280/280/k7c88sw0/rice/k/x/j/5-white-biryani-classic-premium-basmati-rice-bag-fortune-original-imafphkkfnb6jyys.jpeg?q=70"}, {"id": 1912, "brand": "Fortune", "title": "Fortune Super Basmati Rice", "measurement": "25% Extra in Pack", "price": 598, "image": "https://rukminim1.flixcart.com/image/280/280/k7c88sw0/rice/a/d/p/5-white-super-basmati-rice-vacuum-pack-fortune-original-imafphkjzsv5nte6.jpeg?q=70"}, {"id": 1912, "brand": "India Gate", "title": "India Gate Regular Choice Basmati Rice (Medium Grain)", "measurement": "5 kg", "price": 349, "image": "https://rukminim1.flixcart.com/image/280/280/k0wqwsw0/rice/k/x/z/5-white-regular-choice-basmati-rice-vacuum-pack-india-gate-original-imafkhqtnvz7qk9g.jpeg?q=70"}, {"id": 1912, "brand": "India Gate", "title": "India Gate Feast Rozzana Basmati Rice (Medium Grain)", "measurement": "5 kg", "price": 387, "image": "https://rukminim1.flixcart.com/image/280/280/k0wqwsw0/rice/v/9/m/5-white-feast-rozzana-basmati-rice-bag-india-gate-original-imafkhqseazvug6n.jpeg?q=70"}, {"id": 1912, "brand": "India Gate", "title": "India Gate Super Basmati Rice (Long Grain)", "measurement": "5 kg", "price": 603, "image": "https://rukminim1.flixcart.com/image/280/280/k0wqwsw0/rice/g/3/2/5-white-super-basmati-rice-bag-india-gate-original-imafkhqtjedwsk3w.jpeg?q=70"}, {"id": 1912, "brand": "India Gate", "title": "India Gate Mogra Basmati Rice (Broken Grain)", "measurement": "10 kg", "price": 626, "image": "https://rukminim1.flixcart.com/image/280/280/k0wqwsw0/rice/p/s/5/10-white-mogra-basmati-rice-bag-india-gate-original-imafkhqtnrbhxkcp.jpeg?q=70"}, {"id": 1912, "brand": "India Gate", "title": "India Gate Dubar Basmati Rice (Medium Grain)", "measurement": "5 kg", "price": 503, "image": "https://rukminim1.flixcart.com/image/280/280/k0wqwsw0/rice/v/m/p/5-white-dubar-basmati-rice-pouch-india-gate-original-imafkhqt8krfahqu.jpeg?q=70"}, {"id": 1912, "brand": "India Gate", "title": "India Gate Mini Mogra Basmati Rice (Broken Grain)", "measurement": "10 kg", "price": 487, "image": "https://rukminim1.flixcart.com/image/280/280/k0wqwsw0/rice/d/w/v/10-white-mini-mogra-basmati-rice-bag-india-gate-original-imafkhqtawgymash.jpeg?q=70"}, {"id": 1912, "brand": "India Gate", "title": "India Gate Tibar Basmati Rice", "measurement": "1 kg", "price": 104, "image": "https://rukminim1.flixcart.com/image/280/280/k0wqwsw0/rice/p/x/v/1-white-tibar-basmati-rice-pouch-india-gate-original-imafkhqtge27nyrk.jpeg?q=70"}, {"id": 1912, "brand": "India Gate", "title": "India Gate Classic Basmati Rice (Long Grain)", "measurement": "5 kg", "price": 943, "image": "https://rukminim1.flixcart.com/image/280/280/k0wqwsw0/rice/t/m/6/5-white-classic-basmati-rice-pouch-india-gate-original-imafkhqshhhyaqye.jpeg?q=70"}, {"id": 1912, "brand": "India Gate", "title": "India Gate Weight Watchers Special Brown Rice", "measurement": "1 kg", "price": 126, "image": "https://rukminim1.flixcart.com/image/280/280/jkvh0nk0/rice/6/p/r/1-weight-watchers-special-brown-plain-rice-plastic-jar-india-original-imaf84pw4jggy8c7.jpeg?q=70"}, {"id": 1912, "brand": "India Gate", "title": "India Gate Select Basmati Rice", "measurement": "20% Extra in Pack", "price": 645, "image": "https://rukminim1.flixcart.com/image/280/280/juwzf680/rice/g/m/h/5-select-white-bag-basmati-rice-india-gate-original-imaffx5yrugx2yaf.jpeg?q=70"}, {"id": 1912, "brand": "Kohinoor", "title": "Kohinoor Royale Authentic Biryani Basmati Rice (Long Grain)", "measurement": "5 kg", "price": 565, "image": "https://rukminim1.flixcart.com/image/280/280/jqpiqvk0/rice/t/6/z/5-white-royale-authentic-basmati-rice-bag-kohinoor-original-imafcnv32hme2ggp.jpeg?q=70"}, {"id": 1912, "brand": "Kohinoor", "title": "Kohinoor Charminar Rice (Long Grain)", "measurement": "5 kg", "price": 289, "image": "https://rukminim1.flixcart.com/image/280/280/jqpiqvk0/rice/w/z/9/5-white-charminar-plain-rice-bag-kohinoor-original-imafcnv3fmwfkmf9.jpeg?q=70"}, {"id": 1912, "brand": "Kohinoor", "title": "Kohinoor Charminar Basmati Rice (Mini Broken Grain)", "measurement": "5 kg", "price": 266, "image": "https://rukminim1.flixcart.com/image/280/280/k7nnrm80/rice/h/r/q/5-white-charminar-every-meal-rice-mogra-basmati-rice-bag-original-imafpumyfw9pegmw.jpeg?q=70"}, {"id": 1912, "brand": "Kohinoor", "title": "Kohinoor Charminar Brown Rice", "measurement": "1 kg", "price": 99, "image": "https://rukminim1.flixcart.com/image/280/280/jqpiqvk0/rice/t/t/b/1-brown-charminar-plain-rice-pouch-kohinoor-original-imafcnv3et3kbdf8.jpeg?q=70"}, {"id": 1912, "brand": "Kohinoor", "title": "Kohinoor Charminar Everyday Basmati Rice (Broken)", "measurement": "5 kg", "price": 309, "image": "https://rukminim1.flixcart.com/image/280/280/k9bo9e80/rice/z/s/m/5-white-charminar-everyday-plain-rice-bag-kohinoor-original-imafr5fgpusj2wpe.jpeg?q=70"}, {"id": 1912, "brand": "Kohinoor", "title": "Kohinoor Charminar Rozana Basmati Rice", "measurement": "5 kg", "price": 359, "image": "https://rukminim1.flixcart.com/image/280/280/k9bo9e80/rice/e/6/2/5-white-charminar-rozana-plain-rice-bag-kohinoor-original-imafr5fgbgvutc8n.jpeg?q=70"}, {"id": 1912, "brand": "Kohinoor", "title": "Kohinoor Charminar Select Basmati Rice (Medium Grain)", "measurement": "5 kg", "price": 419, "image": "https://rukminim1.flixcart.com/image/280/280/jqpiqvk0/rice/k/s/j/5-white-charminar-select-basmati-rice-bag-kohinoor-original-imafcnv3zrhydjnf.jpeg?q=70"}, {"id": 1912, "brand": "Kohinoor", "title": "Kohinoor Super Value Basmati Rice (Long Grain)", "measurement": "5 kg", "price": 748, "image": "https://rukminim1.flixcart.com/image/280/280/jt641ow0/rice/z/n/d/5-super-value-white-basmati-rice-bag-kohinoor-original-imafekrbnczxhnfy.jpeg?q=70"}, {"id": 1912, "brand": "Kohinoor", "title": "Kohinoor Super Silver Basmati Rice (Long Grain)", "measurement": "1 kg", "price": 140, "image": "https://rukminim1.flixcart.com/image/280/280/jynat8w0/rice/z/g/c/1-white-super-silver-basmati-rice-pouch-kohinoor-original-imafgu7wagzjdgmg.jpeg?q=70"}, {"id": 1912, "brand": "Kohinoor", "title": "Kohinoor Dubar Basmati Rice (Medium Grain)", "measurement": "5 kg", "price": 452, "image": "https://rukminim1.flixcart.com/image/280/280/jqpiqvk0/rice/x/v/f/5-white-dubar-basmati-rice-bag-kohinoor-original-imafcnv3hh899c72.jpeg?q=70"}, {"id": 1912, "brand": "Kohinoor", "title": "Kohinoor Brown Basmati Rice (Medium Grain)", "measurement": "1 kg", "price": 155, "image": "https://rukminim1.flixcart.com/image/280/280/j3q6snk0/rice/x/x/h/1-brown-basmati-rice-jar-basmati-rice-vacuum-pack-kohinoor-original-imaeurzffrvxnp3p.jpeg?q=70"}, {"id": 1912, "brand": "Kohinoor", "title": "Kohinoor Extra Long Gold Basmati Rice (Long Grain)", "measurement": "5 kg", "price": 954, "image": "https://rukminim1.flixcart.com/image/280/280/jynat8w0/rice/f/8/8/5-white-extra-long-gold-basmati-rice-bag-kohinoor-original-imafgu3tyfeepqk6.jpeg?q=70"}, {"id": 1912, "brand": "Kohinoor", "title": "Kohinoor Authentic Platinum Basmati Rice (Long Grain)", "measurement": "5 kg", "price": 962, "image": "https://rukminim1.flixcart.com/image/280/280/jynat8w0/rice/u/u/h/5-white-authentic-platinum-basmati-rice-bag-kohinoor-original-imafgu3tzqfgm3pg.jpeg?q=70"}, {"id": 1912, "brand": "Kohinoor", "title": "Kohinoor Tibar Basmati Rice (Medium Grain)", "measurement": "5 kg", "price": 626, "image": "https://rukminim1.flixcart.com/image/280/280/jqpiqvk0/rice/e/y/3/5-white-tibar-basmati-rice-bag-kohinoor-original-imafcnv38hrfyyha.jpeg?q=70"}, {"id": 1912, "brand": "Kohinoor", "title": "Kohinoor Supreme Basmati Rice", "measurement": "5 kg", "price": 904, "image": "https://rukminim1.flixcart.com/image/280/280/k687wy80/rice/h/k/g/5-white-supreme-authentic-basmati-rice-bag-kohinoor-original-imafzqtdcczzzmeg.jpeg?q=70"}, {"id": 1912, "brand": "Manna", "title": "Manna Brown Rice (Medium Grain)", "measurement": "1 kg", "price": 101, "image": "https://rukminim1.flixcart.com/image/280/280/j431rbk0/rice/g/t/6/manna-brown-rice-sona-masoori-rice-vacuum-pack-manna-original-imaeuswajerjpwyy.jpeg?q=70"}, {"id": 1912, "brand": "Master Cook", "title": "Master Cook Idli Rice (Small Grain, Parboiled)", "measurement": "1 kg", "price": 48, "image": "https://rukminim1.flixcart.com/image/280/280/jka1evk0/rice/h/k/g/1-na-white-idli-rice-pouch-master-cook-original-imaf7zdpqswtmtak.jpeg?q=70"}, {"id": 1912, "brand": "Namaste India", "title": "Namaste India Thin Poha", "measurement": "500 g", "price": 38, "image": "https://rukminim1.flixcart.com/image/280/280/jyg5lzk0/rice/w/g/g/500-white-thin-poha-pouch-namaste-india-original-imafgpfbkzzzpgrj.jpeg?q=70"}, {"id": 1912, "brand": "Namaste India", "title": "Namaste India Thick Poha", "measurement": "500 g", "price": 34, "image": "https://rukminim1.flixcart.com/image/280/280/jyg5lzk0/rice/v/q/3/500-white-thick-poha-pouch-namaste-india-original-imafgpfbzvngyske.jpeg?q=70"}, {"id": 1912, "brand": "Organic Tattva", "title": "Organic Tattva Red Poha", "measurement": "500 g", "price": 74, "image": "https://rukminim1.flixcart.com/image/280/280/jn6ck280/rice/z/c/n/500-red-organic-poha-vacuum-pack-organic-tattva-original-imaf9wsumk4ghsrz.jpeg?q=70"}, {"id": 1912, "brand": "Organic Tattva", "title": "Organic Tattva Sona Masoori Rice (Parboiled)", "measurement": "5 kg", "price": 548, "image": "https://rukminim1.flixcart.com/image/280/280/jiklh8w0/rice/9/d/g/5-organic-white-sona-masoori-rice-vacuum-pack-organic-tattva-original-imaf6cj3zmdmenpf.jpeg?q=70"}, {"id": 1912, "brand": "Origo Choice", "title": "Origo Choice Matta Red Rice (Boiled)", "measurement": "5 kg", "price": 346, "image": "https://rukminim1.flixcart.com/image/280/280/jggv53k0/rice/x/z/j/5-red-matta-red-rice-bag-origo-choice-original-imaf4pcytdbkzyh3.jpeg?q=70"}, {"id": 1912, "brand": "Origo Fresh", "title": "Origo Fresh Thin Poha", "measurement": "200 g", "price": 24, "image": "https://rukminim1.flixcart.com/image/280/280/jiw10280/rice/f/a/h/200-thin-white-poha-pouch-origo-fresh-original-imaf6h6gxgepvnyw.jpeg?q=70"}, {"id": 1912, "brand": "Origo Fresh", "title": "Origo Fresh Plain Puffed Rice", "measurement": "100 g", "price": 20, "image": "https://rukminim1.flixcart.com/image/280/280/jjylw280/rice/p/e/v/100-white-plain-pouch-puffed-rice-origo-fresh-original-imaf7e3fptgamrv8.jpeg?q=70"}, {"id": 1912, "brand": "Prime Tunga", "title": "Prime Tunga Premium Sona Masoori Rice (Raw)", "measurement": "10 kg", "price": 514, "image": "https://rukminim1.flixcart.com/image/280/280/jjolt3k0/rice/7/y/w/10-premium-raw-white-sona-masoori-rice-bag-prime-tunga-original-imaf77zfrmyfedgk.jpeg?q=70"}, {"id": 1912, "brand": "Pro Nature", "title": "Pro Nature Organic Medium Poha", "measurement": "500 g", "price": 75, "image": "https://rukminim1.flixcart.com/image/280/280/j8osu4w0/rice/4/h/b/500-white-na-poha-vacuum-pack-pro-nature-original-imaeymuyffjyrhfz.jpeg?q=70"}, {"id": 1912, "brand": "Pro Nature", "title": "Pro Nature Organic Red Poha", "measurement": "500 g", "price": 74, "image": "https://rukminim1.flixcart.com/image/280/280/j97dk7k0/rice/v/b/5/500-na-red-poha-vacuum-pack-pro-nature-original-imaez2d5udtyvzra.jpeg?q=70"}, {"id": 1912, "brand": "Pro Nature", "title": "Pro Nature Organic Brown Sona Masoori Rice (Small Grain)", "measurement": "1 kg", "price": 92, "image": "https://rukminim1.flixcart.com/image/280/280/jiw10280/rice/x/v/t/1-organic-brown-sona-masoori-rice-pouch-pro-nature-original-imaf6h8byjngmp9h.jpeg?q=70"}, {"id": 1912, "brand": "Pro Nature Organic", "title": "Pro Nature Organic Sona Masoori Rice", "measurement": "5 kg", "price": 487, "image": "https://rukminim1.flixcart.com/image/280/280/jj7givk0/rice/d/v/g/5-organic-sonamasoori-rice-white-sona-masoori-rice-vacuum-pack-original-imaf6u7c8hbgqbww.jpeg?q=70"}, {"id": 1912, "brand": "Safe Harvest", "title": "Safe Harvest Poha", "measurement": "500 g", "price": 52, "image": "https://rukminim1.flixcart.com/image/280/280/jtx9evk0/rice/n/k/x/500-na-white-poha-pouch-safe-harvest-original-imaff5rwwrhh7dzd.jpeg?q=70"}, {"id": 1912, "brand": "Safe Harvest", "title": "Safe Harvest Sona Masoori Rice (Raw)", "measurement": "5 kg", "price": 343, "image": "https://rukminim1.flixcart.com/image/280/280/jfh54sw0/rice/b/f/x/5-12-months-old-white-pouch-sona-masoori-rice-safe-harvest-original-imaf3xm7j8ghbctr.jpeg?q=70"}, {"id": 1912, "brand": "Shree Akshara", "title": "Shree Akshara Premium  Sona Masoori Rice (Steam)", "measurement": "10 kg", "price": 439, "image": "https://rukminim1.flixcart.com/image/280/280/jf9zxjk0/rice/h/c/p/10-premium-steam-white-bag-sona-masoori-rice-shree-akshara-original-imaf3rzyzrg64exj.jpeg?q=70"}, {"id": 1912, "brand": "Shree Akshara", "title": "Shree Akshara Premium Sona Masoori Rice (Raw)", "measurement": "10 kg", "price": 568, "image": "https://rukminim1.flixcart.com/image/280/280/jf9zxjk0/rice/g/a/4/10-premium-raw-white-bag-sona-masoori-rice-shree-akshara-original-imaf3rzmhmrhvb4u.jpeg?q=70"}, {"id": 1912, "brand": "Shree Akshara", "title": "Shree Akshara Premium Tamil Ponni Boiled Rice", "measurement": "5 kg", "price": 256, "image": "https://rukminim1.flixcart.com/image/280/280/jjhglu80/rice/j/b/y/5-premium-white-tamil-ponni-boiled-rice-pouch-shree-akshara-original-imaf7fugz7fvuhqf.jpeg?q=70"}, {"id": 1912, "brand": "Shree Akshara", "title": "Shree Akshara Premium  Sona Masoori Rice (Boiled)", "measurement": "5 kg", "price": 240, "image": "https://rukminim1.flixcart.com/image/280/280/jf9zxjk0/rice/a/f/g/5-premium-boiled-white-bag-sona-masoori-rice-shree-akshara-original-imaf3rz6ntkgzkxy.jpeg?q=70"}, {"id": 1912, "brand": "Shree Akshara", "title": "Shree Akshara Premium Ponni Rice (Raw)", "measurement": "10 kg", "price": 575, "image": "https://rukminim1.flixcart.com/image/280/280/jjg15zk0/rice/a/n/t/10-premium-raw-white-ponni-rice-bag-shree-akshara-original-imaf7fypq2e9xbvf.jpeg?q=70"}, {"id": 1912, "brand": "SLV", "title": "SLV Bullet Original Sortex Kolam Rice", "measurement": "10 kg", "price": 695, "image": "https://rukminim1.flixcart.com/image/280/280/jingcy80/rice/x/y/z/10-bullet-white-kolam-rice-bag-slv-original-imaf6ek4mwjbgsbu.jpeg?q=70"}, {"id": 1912, "brand": "Unity", "title": "Unity Rozzana Basmati Rice (Medium Grain)", "measurement": "5 kg", "price": 299, "image": "https://rukminim1.flixcart.com/image/280/280/k91o6fk0/rice/b/s/g/5-white-basmati-rice-rozzana-basmati-rice-pouch-unity-original-imafqxf8crmgdec7.jpeg?q=70"}, {"id": 1912, "brand": "Unity", "title": "Unity Basmati Rice (Long Grain)", "measurement": "1 kg", "price": 102, "image": "https://rukminim1.flixcart.com/image/280/280/juvjzbk0/rice/y/z/r/1-biryani-white-pouch-basmati-rice-unity-original-imaffwf7ybyzksj3.jpeg?q=70"}, {"id": 1912, "brand": "Vijay", "title": "Vijay Thick Poha", "measurement": "1 kg", "price": 51, "image": "https://rukminim1.flixcart.com/image/280/280/jkh6m4w0/rice/h/f/g/1-thick-white-poha-pouch-vijay-original-imaf7twwtkufvac8.jpeg?q=70"}, {"id": 1912, "brand": "Vijay", "title": "Vijay Medium Poha", "measurement": "1 kg", "price": 58, "image": "https://rukminim1.flixcart.com/image/280/280/jka1evk0/rice/5/t/k/1-medium-white-poha-pouch-vijay-original-imaf7zdthffsgaph.jpeg?q=70"}]}