733,Nikon,Nikon D5600 DSLR Camera Body with Dual Lens: AF-P DX Nikkor 18 - 55 MM F/3.5-5.6G VR and 70-300 MM F/4...,49999,https://rukminim1.flixcart.com/image/312/312/dslr-camera/t/h/g/d5600-nikon-d5600-original-imaezvbrhkgzyywz.jpeg?q=70
734,Nikon,Nikon D3500 DSLR Camera AF-P DX NIKKOR 18-55mm f/3.5-5.6G VR,29499,https://rukminim1.flixcart.com/image/312/312/jmjhifk0/dslr-camera/f/g/t/na-d3500-nikon-original-imaf9fgtzqxgtk5s.jpeg?q=70
735,Nikon,Nikon D3500 (With Basic Accessory Kit) DSLR Camera AF-P DX NIKKOR 18-55mm f/3.5-5.6G VR,31499,https://rukminim1.flixcart.com/image/312/312/jyj0how0/dslr-camera/5/j/b/d3500-with-accessory-kit-d3500-nikon-original-imafgqpg5q5teqcr.jpeg?q=70
736,Nikon,Nikon D5600 DSLR Camera Body with Single Lens: AF-S DX Nikkor 18 - 140 MM F/3.5-5.6G ED VR (16 GB SD C...,49390,https://rukminim1.flixcart.com/image/312/312/dslr-camera/z/8/s/d5600-nikon-d5600-original-imaezvbzayghhsru.jpeg?q=70
737,Nikon,Nikon D750 DSLR Camera Body with Single Lens: 24-120mm VR Lens,122999,https://rukminim1.flixcart.com/image/312/312/jk1grrk0/camera/s/w/n/nikon-d750-original-imaf7h78v7cfvax7.jpeg?q=70
738,Nikon,Nikon D5600 DSLR Camera Body with Single Lens: AF-P DX Nikkor 18-55 MM F/3.5-5.6G VR (16 GB SD Card),38750,https://rukminim1.flixcart.com/image/312/312/dslr-camera/y/p/e/d5600-nikon-d5600-original-imaezvbtbjwee9sh.jpeg?q=70
739,Nikon,Nikon D 500 DSLR Camera AF-S DX 16 - 80 f/2.8 - 4E ED VR,153999,https://rukminim1.flixcart.com/image/312/312/jksm4y80/dslr-camera/g/2/d/d500-na-nikon-original-imaf82g2nwfcrs2b.jpeg?q=70
740,Nikon,Nikon D3500 (With Basic Accessory Kit) DSLR Camera Body with Dual lens: 18-55 mm f/3.5-5.6 G VR and AF...,41999,https://rukminim1.flixcart.com/image/312/312/jydaqa80/dslr-camera/f/q/h/nikon-d3500-with-accessory-kit-d3500-nikon-original-imafgmpyzfzptcsz.jpeg?q=70
741,Nikon,Nikon D3500 DSLR Camera Body with Dual lens: 18-55 mm f/3.5-5.6 G VR and AF-P DX Nikkor 70-300 mm f/4....,39999,https://rukminim1.flixcart.com/image/312/312/jyxaw7k0/dslr-camera/w/a/m/nikon-d3500-d3500-nikon-original-imafhr8tdrzvavse.jpeg?q=70
742,Nikon,Nikon D5600 DSLR Camera Body with Dual Lens: AF-P DX Nikkor 18 - 55 MM F/3.5-5.6G VR and 70-300 MM F/4...,51999,https://rukminim1.flixcart.com/image/312/312/k0o69ow0/dslr-camera/n/h/n/d5600-dslr-camera-body-with-dual-lens-af-p-dx-nikkor-18-55-mm-f-original-imafkers6gfhmzz9.jpeg?q=70
743,Nikon,Nikon Z 7 Mirrorless Camera Body + 24-70mm Lens and Mount Adapter,229990,https://rukminim1.flixcart.com/image/312/312/jpa2w7k0/dslr-camera/h/d/a/na-z-7-nikon-original-imafbk5why7spkrs.jpeg?q=70
744,Nikon,Nikon DSLR D5600 DSLR Camera with AF-P DX Nikkor 18-55 mm f/3.5-5.6 VR with and 16GB Memory Card and L...,50099,https://rukminim1.flixcart.com/image/312/312/jplif0w0/dslr-camera/f/x/9/d5600-d5600-nikon-original-imaex2uyfm3ejgtz.jpeg?q=70
745,Nikon,Nikon D3500 DSLR Camera AF-P DX NIKKOR 18-55mm (With Starboy Headphone) DSLR Camera AF-P DX NIKKOR 18-...,30499,https://rukminim1.flixcart.com/image/312/312/k0o69ow0/dslr-camera/k/c/c/d3500-dslr-camera-af-p-dx-nikkor-18-55mm-with-starboy-headphone-original-imafkersy6zxhgcu.jpeg?q=70
746,Nikon,Nikon D7500 DSLR Camera Body with 18-140 mm Lens,72999,https://rukminim1.flixcart.com/image/312/312/jrqo70w0/dslr-camera/e/d/c/d7500-d7500-nikon-original-imaf6n7gk7zkeybb.jpeg?q=70
747,Nikon,Nikon D5300 DSLR Camera Body with Single Lens: AF-P DX NIKKOR 18-55 mm f/3.5-5.6G VR Kit (16 GB SD Car...,36999,https://rukminim1.flixcart.com/image/312/312/camera/g/4/k/nikon-d5300-dslr-original-imaempj8b5vjegfp.jpeg?q=70
748,Nikon,Nikon Z 6 Mirrorless Camera Body with Mount Adapter FTZ,139999,https://rukminim1.flixcart.com/image/312/312/jpa2w7k0/dslr-camera/w/d/h/na-z-6-nikon-original-imafbk5t57yeg2vp.jpeg?q=70
749,Nikon,Nikon D3500 DSLR Camera Body with Dual lens: 18-55 mm f/3.5-5.6 G VR and AF-P DX Nikkor 70-300 mm f/4....,39999,https://rukminim1.flixcart.com/image/312/312/k0o69ow0/dslr-camera/a/5/b/d3500-dslr-camera-body-with-dual-lens-18-55-mm-f-3-5-5-6-g-vr-original-imafkersgctdzkay.jpeg?q=70
750,Nikon,Nikon D5600 l1 DSLR Camera Body with Lens: AF-P DX Nikkor 18-55 MM + 70-300MM,52800,https://rukminim1.flixcart.com/image/312/312/juu4jgw0/dslr-camera/z/f/e/d5600-l1-black-d5600-l1-nikon-original-imaffvceghdwuura.jpeg?q=70
751,Nikon,Nikon D810(Body only) DSLR Camera (Body only),135999,https://rukminim1.flixcart.com/image/312/312/camera/v/t/z/nikon-d810-original-imaeykhfrvr6qyqg.jpeg?q=70
752,Nikon,Nikon D500 DSLR Camera (Body only),118999,https://rukminim1.flixcart.com/image/312/312/camera/j/a/9/nikon-d500-body-only-dslr-original-imaegz4zzsbt63va.jpeg?q=70
753,Nikon,Nikon D850 DSLR Camera Body Only,209999,https://rukminim1.flixcart.com/image/312/312/jj8vyq80/dslr-camera/p/x/d/na-d850-nikon-original-imaf6v3yzutfgxcj.jpeg?q=70
754,Nikon,Nikon D7500 DSLR Camera Body Only,73999,https://rukminim1.flixcart.com/image/312/312/jiyvvrk0/dslr-camera/r/z/w/digital-camera-d7500-d7500-nikon-original-imaf6n7hfevtasgm.jpeg?q=70
755,Nikon,Nikon D5600 (With Basic Accessory Kit) DSLR Camera Body with Single Lens: AF-P DX Nikkor 18-55 MM F/3....,43499,https://rukminim1.flixcart.com/image/312/312/jyj0how0/dslr-camera/j/y/b/d5600-with-accessory-kit-d5600-nikon-original-imafgqzhqgzb5mv4.jpeg?q=70
756,Nikon,Nikon COOL PIX P1000 COOLPIX P1000 16 MP 125X 3000 mm optical zoom DSLR Camera Compact Digital Camera,64800,https://rukminim1.flixcart.com/image/312/312/jua4djk0/dslr-camera/c/z/y/cool-pix-p-1000-coolpix-p1000-16-mp-125x-3000-mm-optical-zoom-original-imafff9ydmjhrqbn.jpeg?q=70
757,Nikon,Nikon D7500 DSLR Camera Body with 18-140 mm Lens,106250,//img1a.flixcart.com/www/linchpin/fk-cp-zion/img/placeholder_9951d0.svg
758,Nikon,Nikon D7200 DSLR Camera Body with Single Lens: AF-S 18 - 105 mm VR Lens,81450,//img1a.flixcart.com/www/linchpin/fk-cp-zion/img/placeholder_9951d0.svg
759,Canon,Canon M50 Mirrorless Camera Body with Single Lens EF-M 15-45 mm IS STM,47760,//img1a.flixcart.com/www/linchpin/fk-cp-zion/img/placeholder_9951d0.svg
760,Canon,Canon EOS 1500D DSLR Camera Body Dual kit with EF-S 18-55 IS II + 55-250 IS II lens (16 GB Memory Card...,34998,//img1a.flixcart.com/www/linchpin/fk-cp-zion/img/placeholder_9951d0.svg
761,Canon,Canon EOS 200D II DSLR Camera EF-S 18 - 55 mm IS STM and 55 - 250 mm IS STM,57999,//img1a.flixcart.com/www/linchpin/fk-cp-zion/img/placeholder_9951d0.svg
762,Canon,Canon EOS M200 Mirrorless Camera Body with Dual Lens 15-45 and 55-200 mm,50999,//img1a.flixcart.com/www/linchpin/fk-cp-zion/img/placeholder_9951d0.svg
763,Canon,Canon EOS 3000D DSLR Camera Single Kit with 18-55 lens (16 GB Memory Card & Carry Case),24999,//img1a.flixcart.com/www/linchpin/fk-cp-zion/img/placeholder_9951d0.svg
764,Canon,Canon EOS 200D II DSLR Camera Body with Single Lens 18 - 55 mm f/4 - 5.6 IS STM,46499,//img1a.flixcart.com/www/linchpin/fk-cp-zion/img/placeholder_9951d0.svg
765,Canon,Canon 3000D (With Basic Accessory Kit) DSLR Camera With 18-55 lens,25499,//img1a.flixcart.com/www/linchpin/fk-cp-zion/img/placeholder_9951d0.svg
766,Canon,Canon EOS 77D DSLR Camera Body with Single Lens: EF-S18-135 IS USM (16 GB SD Card + Camera Bag),72999,//img1a.flixcart.com/www/linchpin/fk-cp-zion/img/placeholder_9951d0.svg
767,Canon,Canon EOS 3000D DSLR Camera Dual Kit with 18-55 mm + 50mm 1.8 STM lens (16 GB Memory Card & Carry Case...,30999,//img1a.flixcart.com/www/linchpin/fk-cp-zion/img/placeholder_9951d0.svg
768,Canon,Canon EOS 200D DSLR Camera Body with Dual Lens: EF-S18-55 IS STM + EF-S 55-250 IS STM (16 GB SD Card +...,49990,//img1a.flixcart.com/www/linchpin/fk-cp-zion/img/placeholder_9951d0.svg
769,Canon,Canon EOS 80D DSLR Camera Body with Single Lens: EF-S 18-135 IS USM (16 GB SD Card),84990,//img1a.flixcart.com/www/linchpin/fk-cp-zion/img/placeholder_9951d0.svg
770,Canon,Canon EOS 90D DSLR Camera Body with Single Lens 18 - 135 mm IS USM,119999,//img1a.flixcart.com/www/linchpin/fk-cp-zion/img/placeholder_9951d0.svg
771,Canon,Canon EOS M200 Mirrorless Camera Body with Single Lens (EF-M15-45mm f/3.5-6.3 IS STM),39999,//img1a.flixcart.com/www/linchpin/fk-cp-zion/img/placeholder_9951d0.svg
772,Canon,Canon EOS 200D DSLR Camera Body with Single Lens: EF-S18-55 IS STM (16 GB SD Card + Camera Bag),54000,//img1a.flixcart.com/www/linchpin/fk-cp-zion/img/placeholder_9951d0.svg
773,Canon,Canon EOS 800D DSLR Camera Body with Single Lens: EF S18-55 IS STM (16 GB SD Card + Camera Bag),65995,//img1a.flixcart.com/www/linchpin/fk-cp-zion/img/placeholder_9951d0.svg
774,Canon,Canon EOS 7D Mark II DSLR Camera EF-S18-135mm IS USM,113999,//img1a.flixcart.com/www/linchpin/fk-cp-zion/img/placeholder_9951d0.svg
775,Canon,Canon EOS R Mirrorless Camera Body with Single Lens: RF24-105 mm f/4L IS USM Lens,227990,//img1a.flixcart.com/www/linchpin/fk-cp-zion/img/placeholder_9951d0.svg
776,Canon,Canon RP Mirrorless Camera Body with single Lens: RF 24 - 105 mm f/4L IS USM,184999,//img1a.flixcart.com/www/linchpin/fk-cp-zion/img/placeholder_9951d0.svg
777,Canon,Canon EOS 80D DSLR Camera Body with Single Lens: EF-S 18-55 IS STM (16 GB SD Card),90000,//img1a.flixcart.com/www/linchpin/fk-cp-zion/img/placeholder_9951d0.svg
778,Canon,Canon EOS 5D Mark IV DSLR Camera Body with EF-24-70mm f/4L IS USM,239999,//img1a.flixcart.com/www/linchpin/fk-cp-zion/img/placeholder_9951d0.svg
779,Canon,Canon EOS 80D DSLR Camera (Body Only) (16 GB SD Card),84000,//img1a.flixcart.com/www/linchpin/fk-cp-zion/img/placeholder_9951d0.svg
780,Canon,Canon EOS 77D DSLR Camera (Body Only) (16 GB SD Card + Camera Bag),63998,//img1a.flixcart.com/www/linchpin/fk-cp-zion/img/placeholder_9951d0.svg
781,Canon,Canon EOS 5D Mark IV DSLR Camera Body with Single Lens:EF 24-105mm f/4L IS II USM Lens,254999,//img1a.flixcart.com/www/linchpin/fk-cp-zion/img/placeholder_9951d0.svg
782,Canon,Canon EOS 5Ds DSLR Camera (Body only),252995,//img1a.flixcart.com/www/linchpin/fk-cp-zion/img/placeholder_9951d0.svg
783,Sony,Sony Alpha ILCE-6000Y/b in5 Mirrorless Camera Body with Dual Lens : 16-50 mm & 55-210 mm,50990,//img1a.flixcart.com/www/linchpin/fk-cp-zion/img/placeholder_9951d0.svg
784,Sony,Sony Alpha ILCE-6400L Mirrorless Camera with 16-50mm Power Zoom Lens,75990,//img1a.flixcart.com/www/linchpin/fk-cp-zion/img/placeholder_9951d0.svg
785,Sony,Sony ILCA-68K Mirrorless Camera with 18-55 mm Lens,49999,//img1a.flixcart.com/www/linchpin/fk-cp-zion/img/placeholder_9951d0.svg
786,Sony,Sony Alpha Full Frame ILCE-7M2K/BQ IN5 Mirrorless Camera Body with 28 - 70 mm Lens,85999,//img1a.flixcart.com/www/linchpin/fk-cp-zion/img/placeholder_9951d0.svg
787,Sony,Sony Alpha 7M3 Mirrorless Camera Body Only,137990,//img1a.flixcart.com/www/linchpin/fk-cp-zion/img/placeholder_9951d0.svg
788,Sony,Sony ILCE-6000L (With Headphone & Powerbank) Mirrorless Camera Body with Single Lens: 16-50mm Lens,40490,//img1a.flixcart.com/www/linchpin/fk-cp-zion/img/placeholder_9951d0.svg
789,Sony,Sony ILCE-6100L/B IN5 Mirrorless Camera With 16-50 mm Power Zoom Lens,67999,//img1a.flixcart.com/www/linchpin/fk-cp-zion/img/placeholder_9951d0.svg
790,Sony,Sony ILCE-6600M/B IN5 Mirrorless Camera with 18-135 mm Zoom Lens,134999,//img1a.flixcart.com/www/linchpin/fk-cp-zion/img/placeholder_9951d0.svg
791,Sony,Sony Alpha 7M3K Mirrorless Camera Body with 28 - 70 mm Zoom Lens,150990,//img1a.flixcart.com/www/linchpin/fk-cp-zion/img/placeholder_9951d0.svg
792,Sony,Sony ILCE-6100/B IN5 Mirrorless Camera Body Only,57999,//img1a.flixcart.com/www/linchpin/fk-cp-zion/img/placeholder_9951d0.svg
793,Sony,Sony Alpha ILCE-6400M Mirrorless Camera with 18-135mm Zoom Lens,97999,//img1a.flixcart.com/www/linchpin/fk-cp-zion/img/placeholder_9951d0.svg
794,Sony,Sony Alpha ILCE-6400L Mirrorless Camera Vlogger Starter kit,99999,//img1a.flixcart.com/www/linchpin/fk-cp-zion/img/placeholder_9951d0.svg
795,Sony,Sony ILCE-6100Y/B IN5 Mirrorless Camera with 16-50 mm & 55-210 mm Zoom Lenses,79999,//img1a.flixcart.com/www/linchpin/fk-cp-zion/img/placeholder_9951d0.svg
796,Sony,Sony Alpha ILCE-6500/BQ IN5 Mirrorless Camera Body Only,76990,//img1a.flixcart.com/www/linchpin/fk-cp-zion/img/placeholder_9951d0.svg
797,Sony,Sony Alpha ILCE-6400 Mirrorless Camera (Body Only),66990,//img1a.flixcart.com/www/linchpin/fk-cp-zion/img/placeholder_9951d0.svg
798,Sony,Sony Alpha 7RM3 Mirrorless Camera Body Only,199990,//img1a.flixcart.com/www/linchpin/fk-cp-zion/img/placeholder_9951d0.svg
799,Sony,Sony Alpha 6300M Mirrorless Camera Body with 18 - 135 mm Zoom Lens,78999,//img1a.flixcart.com/www/linchpin/fk-cp-zion/img/placeholder_9951d0.svg
800,Sony,Sony Alpha 7R II Full Frame Mirrorless Camera Body Only,129990,//img1a.flixcart.com/www/linchpin/fk-cp-zion/img/placeholder_9951d0.svg
801,Sony,Sony Alpha 7S II Mirrorless Camera Body Only,152999,//img1a.flixcart.com/www/linchpin/fk-cp-zion/img/placeholder_9951d0.svg
802,Sony,Sony ILCE-6000L/B IN5 Mirrorless Camera Body with Single Lens: 16-50mm Lens,41990,//img1a.flixcart.com/www/linchpin/fk-cp-zion/img/placeholder_9951d0.svg
803,Sony,Sony Alpha ILCE-7SM2 Mirrorless Camera 16 GB Memory Card & Carry Case,152999,//img1a.flixcart.com/www/linchpin/fk-cp-zion/img/placeholder_9951d0.svg
804,Sony,Sony ILCE-6600/B IN5 Mirrorless Camera Body Only,104999,//img1a.flixcart.com/www/linchpin/fk-cp-zion/img/placeholder_9951d0.svg
805,Sony,Sony ILCA-77M2Q Mirrorless Camera Body + 16 - 50 mm Zoom Lens,113000,//img1a.flixcart.com/www/linchpin/fk-cp-zion/img/placeholder_9951d0.svg
806,Sony,"Sony Cyber-shot DSC-H300B DSLR Camera 1 U (Including-AA Battery, Shoulder Strap, Lens Cap, USB Cable,U...",12490,//img1a.flixcart.com/www/linchpin/fk-cp-zion/img/placeholder_9951d0.svg
807,Panasonic,Panasonic DMC-G85HGW-K Mirrorless Camera Body with Single Lens: 14-140 F/3.5-5.6,70990,//img1a.flixcart.com/www/linchpin/fk-cp-zion/img/placeholder_9951d0.svg
808,Panasonic,Panasonic 4K G Series Lumix G85K Mirrorless Camera Body With Single Lens: 14-42mm,46999,//img1a.flixcart.com/www/linchpin/fk-cp-zion/img/placeholder_9951d0.svg
809,Panasonic,Panasonic Lumix DMC-GH4 Mirrorless Camera Body with 12-60mm Lens,74990,//img1a.flixcart.com/www/linchpin/fk-cp-zion/img/placeholder_9951d0.svg
810,Panasonic,Panasonic Lumix G85M Mirrorless Camera Body with 12 - 60 mm Lens,57999,//img1a.flixcart.com/www/linchpin/fk-cp-zion/img/placeholder_9951d0.svg
811,Panasonic,Panasonic G Series DC-G95HGW-K Mirrorless Camera G95 with 14-140mm lens,98999,//img1a.flixcart.com/www/linchpin/fk-cp-zion/img/placeholder_9951d0.svg
812,Panasonic,Panasonic G Series DC-G95MGW-K Mirrorless Camera Body with Single Lens: 12-60mm lens,87999,//img1a.flixcart.com/www/linchpin/fk-cp-zion/img/placeholder_9951d0.svg
813,Fujifilm,Fujifilm X-T20 with XF 18-55 mm F2.8-4.0 R LM OIS Lens Mirrorless Camera Kit,63999,//img1a.flixcart.com/www/linchpin/fk-cp-zion/img/placeholder_9951d0.svg
814,Fujifilm,Fujifilm X-T3 Mirrorless Camera Body Only,90999,//img1a.flixcart.com/www/linchpin/fk-cp-zion/img/placeholder_9951d0.svg
815,Fujifilm,Fujifilm X Series X-T100 Mirrorless Camera Body with XC 15 - 45 mm Lens F3.5 - 5.6 OIS PZ,33999,//img1a.flixcart.com/www/linchpin/fk-cp-zion/img/placeholder_9951d0.svg
816,Fujifilm,Fujifilm X-T30 with 18-135 Kit Mirrorless Camera kit,87999,//img1a.flixcart.com/www/linchpin/fk-cp-zion/img/placeholder_9951d0.svg
817,Fujifilm,Fujifilm X Series X-T100 Mirrorless Camera Body with XC 15 - 45 mm Lens F3.5 - 5.6 OIS PZ,33999,//img1a.flixcart.com/www/linchpin/fk-cp-zion/img/placeholder_9951d0.svg
818,Fujifilm,Fujifilm X Series X-A7 Mirrorless Camera Body With 15-45 mm Lens,44990,//img1a.flixcart.com/www/linchpin/fk-cp-zion/img/placeholder_9951d0.svg
819,Fujifilm,Fujifilm X Series X-A5 Mirrorless Camera Body with 15 - 45 mm Lens F3.5 - 5.6 OIS PZ,29999,//img1a.flixcart.com/www/linchpin/fk-cp-zion/img/placeholder_9951d0.svg
820,Fujifilm,Fujifilm X-T30 with 18-55 Kit Lens Silver Mirrorless Camera kiy,83999,//img1a.flixcart.com/www/linchpin/fk-cp-zion/img/placeholder_9951d0.svg
821,Fujifilm,Fujifilm X-T3 with XF 18-55 mm F2.8-4.0 R LM OIS Lens Mirrorless Camera Kit,116999,//img1a.flixcart.com/www/linchpin/fk-cp-zion/img/placeholder_9951d0.svg
822,Fujifilm,Fujifilm X Series X-T30 Mirrorless Camera Body with 18 - 135 mm Lens,87999,//img1a.flixcart.com/www/linchpin/fk-cp-zion/img/placeholder_9951d0.svg
823,Fujifilm,Fujifilm X-T3 Mirrorless Camera Body Only,90999,//img1a.flixcart.com/www/linchpin/fk-cp-zion/img/placeholder_9951d0.svg
824,Fujifilm,Fujifilm X Series X-A5 Mirrorless Camera Body with 15 - 45 mm Lens F3.5 - 5.6 OIS PZ,29999,//img1a.flixcart.com/www/linchpin/fk-cp-zion/img/placeholder_9951d0.svg
825,Fujifilm,Fujifilm X-T3 with XF 18-55 mm F2.8-4.0 R LM OIS Lens Mirrorless Camera Kit,116999,//img1a.flixcart.com/www/linchpin/fk-cp-zion/img/placeholder_9951d0.svg
826,Fujifilm,Fujifilm X-T20 with XF 18-55 mm F2.8-4.0 R LM OIS Lens Mirrorless Camera Kit,63999,//img1a.flixcart.com/www/linchpin/fk-cp-zion/img/placeholder_9951d0.svg
827,Fujifilm,Fujifilm X Series X-A5 Mirrorless Camera Body with 15 - 45 mm Lens F3.5 - 5.6 OIS PZ,29999,//img1a.flixcart.com/www/linchpin/fk-cp-zion/img/placeholder_9951d0.svg
828,Fujifilm,Fujifilm X Series X-A7 Mirrorless Camera Body With 15-45 mm Lens,44990,//img1a.flixcart.com/www/linchpin/fk-cp-zion/img/placeholder_9951d0.svg
829,Fujifilm,Fujifilm X Series X-T30 Mirrorless Camera Body Only,65999,//img1a.flixcart.com/www/linchpin/fk-cp-zion/img/placeholder_9951d0.svg
830,Fujifilm,Fujifilm X Series X-A7 Mirrorless Camera Body With 15-45 mm Lens,44990,//img1a.flixcart.com/www/linchpin/fk-cp-zion/img/placeholder_9951d0.svg
831,Fujifilm,Fujifilm X-T30 Mirrorless Camera Body with 18-55 Kit Lens,83999,//img1a.flixcart.com/www/linchpin/fk-cp-zion/img/placeholder_9951d0.svg
832,Fujifilm,Fujifilm X Series X-A7 Mirrorless Camera Body With 15-45 mm Lens,44990,//img1a.flixcart.com/www/linchpin/fk-cp-zion/img/placeholder_9951d0.svg
833,Fujifilm,Fujifilm X-T2 with 18-55 mm F2.8-4.0 R LM OIS Lens Mirrorless Camera Kit,94999,//img1a.flixcart.com/www/linchpin/fk-cp-zion/img/placeholder_9951d0.svg
834,Fujifilm,Fujifilm X-T30 Body Only Black Mirrorless Camera Body Only,65999,//img1a.flixcart.com/www/linchpin/fk-cp-zion/img/placeholder_9951d0.svg
835,Fujifilm,Fujifilm X Series X-T30 Mirrorless Camera Body Only,74999,//img1a.flixcart.com/www/linchpin/fk-cp-zion/img/placeholder_9951d0.svg
836,Fujifilm,Fujifilm X-E3 Black with XF 18-55mm Lens Mirrorless Camera Kit,63999,//img1a.flixcart.com/www/linchpin/fk-cp-zion/img/placeholder_9951d0.svg
837,Pentax,Pentax K 5 IIs DSLR Camera (Body only),55999,//img1a.flixcart.com/www/linchpin/fk-cp-zion/img/placeholder_9951d0.svg
838,dkian,dkian Digital Kids camera 20MP 1080P with 32GB Memory Card Mini Mirrorless Camera,2499,//img1a.flixcart.com/www/linchpin/fk-cp-zion/img/placeholder_9951d0.svg
839,fuji,fuji X-T30 with 18-135 Kit Lens Silver Mirrorless Camera KIT,88999,//img1a.flixcart.com/www/linchpin/fk-cp-zion/img/placeholder_9951d0.svg
840,Olympus,Olympus OM-D E-M1 Mark II Mirrorless Camera digital ED 12-40mm f2.8 PRO Lens,147999,//img1a.flixcart.com/www/linchpin/fk-cp-zion/img/placeholder_9951d0.svg
